2026-05-07 14:15:28,232 DEBUG    root            Loaded Command Group: ['gcloud', 'run']
2026-05-07 14:15:28,749 DEBUG    root            Loaded Command Group: ['gcloud', 'run', 'deploy']
2026-05-07 14:15:28,761 DEBUG    root            Running [gcloud.run.deploy] with arguments: [--help: "None"]
2026-05-07 14:15:28,762 DEBUG    root            On GCE from memory cache: False
2026-05-07 14:15:28,775 DEBUG    root            Loaded Command Group: ['gcloud', 'help']
2026-05-07 14:15:28,778 DEBUG    root            Loaded Command Group: ['gcloud', 'run', 'services']
2026-05-07 14:15:28,790 DEBUG    root            Loaded Command Group: ['gcloud', 'run', 'services', 'update_traffic']
2026-05-07 14:15:28,793 DEBUG    root            Loaded Command Group: ['gcloud', 'topic']
2026-05-07 14:15:28,796 DEBUG    root            Loaded Command Group: ['gcloud', 'topic', 'gcloudignore']
2026-05-07 14:15:28,799 INFO     ___FILE_ONLY___ 
2026-05-07 14:15:28,817 INFO     ___FILE_ONLY___ NAME

2026-05-07 14:15:28,818 INFO     ___FILE_ONLY___    
2026-05-07 14:15:28,821 INFO     ___FILE_ONLY___  gcloud
2026-05-07 14:15:28,822 INFO     ___FILE_ONLY___  run
2026-05-07 14:15:28,823 INFO     ___FILE_ONLY___  deploy
2026-05-07 14:15:28,824 INFO     ___FILE_ONLY___  -
2026-05-07 14:15:28,825 INFO     ___FILE_ONLY___  create
2026-05-07 14:15:28,826 INFO     ___FILE_ONLY___  or
2026-05-07 14:15:28,828 INFO     ___FILE_ONLY___  update
2026-05-07 14:15:28,828 INFO     ___FILE_ONLY___  a
2026-05-07 14:15:28,829 INFO     ___FILE_ONLY___  Cloud
2026-05-07 14:15:28,829 INFO     ___FILE_ONLY___  Run
2026-05-07 14:15:28,830 INFO     ___FILE_ONLY___  service
2026-05-07 14:15:28,831 INFO     ___FILE_ONLY___ 


2026-05-07 14:15:28,832 INFO     ___FILE_ONLY___ 
2026-05-07 14:15:28,833 INFO     ___FILE_ONLY___ SYNOPSIS

2026-05-07 14:15:28,835 INFO     ___FILE_ONLY___    
2026-05-07 14:15:28,835 INFO     ___FILE_ONLY___  gcloud
2026-05-07 14:15:28,836 INFO     ___FILE_ONLY___  run
2026-05-07 14:15:28,836 INFO     ___FILE_ONLY___  deploy
2026-05-07 14:15:28,837 INFO     ___FILE_ONLY___  [[SERVICE] --namespace=NAMESPACE]
2026-05-07 14:15:28,838 INFO     ___FILE_ONLY___ 
       
2026-05-07 14:15:28,838 INFO     ___FILE_ONLY___  [--[no-]allow-unauthenticated]
2026-05-07 14:15:28,839 INFO     ___FILE_ONLY___  [--async]
2026-05-07 14:15:28,839 INFO     ___FILE_ONLY___  [--breakglass=JUSTIFICATION]
2026-05-07 14:15:28,840 INFO     ___FILE_ONLY___ 
       
2026-05-07 14:15:28,840 INFO     ___FILE_ONLY___  [--clear-vpc-connector]
2026-05-07 14:15:28,841 INFO     ___FILE_ONLY___  [--concurrency=CONCURRENCY]
2026-05-07 14:15:28,841 INFO     ___FILE_ONLY___ 
       
2026-05-07 14:15:28,842 INFO     ___FILE_ONLY___  [--container=CONTAINER]
2026-05-07 14:15:28,842 INFO     ___FILE_ONLY___  [--[no-]cpu-boost]
2026-05-07 14:15:28,843 INFO     ___FILE_ONLY___  [--[no-]cpu-throttling]
2026-05-07 14:15:28,843 INFO     ___FILE_ONLY___ 
       
2026-05-07 14:15:28,844 INFO     ___FILE_ONLY___  [--[no-]default-url]
2026-05-07 14:15:28,844 INFO     ___FILE_ONLY___  [--[no-]deploy-health-check]
2026-05-07 14:15:28,845 INFO     ___FILE_ONLY___ 
       
2026-05-07 14:15:28,845 INFO     ___FILE_ONLY___  [--description=DESCRIPTION]
2026-05-07 14:15:28,846 INFO     ___FILE_ONLY___ 
       
2026-05-07 14:15:28,847 INFO     ___FILE_ONLY___  [--execution-environment=EXECUTION_ENVIRONMENT]
2026-05-07 14:15:28,848 INFO     ___FILE_ONLY___  [--gpu-type=GPU_TYPE]
2026-05-07 14:15:28,848 INFO     ___FILE_ONLY___ 
       
2026-05-07 14:15:28,849 INFO     ___FILE_ONLY___  [--[no-]gpu-zonal-redundancy]
2026-05-07 14:15:28,849 INFO     ___FILE_ONLY___  [--[no-]iap]
2026-05-07 14:15:28,850 INFO     ___FILE_ONLY___ 
       
2026-05-07 14:15:28,850 INFO     ___FILE_ONLY___  [--ingress=INGRESS; default="all"]
2026-05-07 14:15:28,851 INFO     ___FILE_ONLY___  [--[no-]invoker-iam-check]
2026-05-07 14:15:28,851 INFO     ___FILE_ONLY___ 
       
2026-05-07 14:15:28,852 INFO     ___FILE_ONLY___  [--max=MAX]
2026-05-07 14:15:28,852 INFO     ___FILE_ONLY___  [--max-instances=MAX_INSTANCES]
2026-05-07 14:15:28,853 INFO     ___FILE_ONLY___  [--min=MIN]
2026-05-07 14:15:28,853 INFO     ___FILE_ONLY___ 
       
2026-05-07 14:15:28,854 INFO     ___FILE_ONLY___  [--min-instances=MIN_INSTANCES]
2026-05-07 14:15:28,854 INFO     ___FILE_ONLY___  [--region=REGION]
2026-05-07 14:15:28,855 INFO     ___FILE_ONLY___  [--regions=REGIONS]
2026-05-07 14:15:28,855 INFO     ___FILE_ONLY___ 
       
2026-05-07 14:15:28,856 INFO     ___FILE_ONLY___  [--remove-containers=[CONTAINER,...]]
2026-05-07 14:15:28,856 INFO     ___FILE_ONLY___ 
       
2026-05-07 14:15:28,857 INFO     ___FILE_ONLY___  [--revision-suffix=REVISION_SUFFIX]
2026-05-07 14:15:28,857 INFO     ___FILE_ONLY___  [--scaling=SCALING]
2026-05-07 14:15:28,858 INFO     ___FILE_ONLY___ 
       
2026-05-07 14:15:28,858 INFO     ___FILE_ONLY___  [--service-account=SERVICE_ACCOUNT]
2026-05-07 14:15:28,860 INFO     ___FILE_ONLY___  [--[no-]session-affinity]
2026-05-07 14:15:28,860 INFO     ___FILE_ONLY___ 
       
2026-05-07 14:15:28,861 INFO     ___FILE_ONLY___  [--tag=TAG]
2026-05-07 14:15:28,861 INFO     ___FILE_ONLY___  [--timeout=TIMEOUT]
2026-05-07 14:15:28,862 INFO     ___FILE_ONLY___  [--no-traffic]
2026-05-07 14:15:28,862 INFO     ___FILE_ONLY___ 
       
2026-05-07 14:15:28,863 INFO     ___FILE_ONLY___  [--vpc-connector=VPC_CONNECTOR]
2026-05-07 14:15:28,863 INFO     ___FILE_ONLY___  [--vpc-egress=VPC_EGRESS]
2026-05-07 14:15:28,865 INFO     ___FILE_ONLY___ 
       
2026-05-07 14:15:28,865 INFO     ___FILE_ONLY___  [--add-cloudsql-instances=[CLOUDSQL-INSTANCES,...]
2026-05-07 14:15:28,866 INFO     ___FILE_ONLY___ 
         
2026-05-07 14:15:28,866 INFO     ___FILE_ONLY___  | --clear-cloudsql-instances
2026-05-07 14:15:28,867 INFO     ___FILE_ONLY___ 
         
2026-05-07 14:15:28,867 INFO     ___FILE_ONLY___  | --remove-cloudsql-instances=[CLOUDSQL-INSTANCES,...]
2026-05-07 14:15:28,868 INFO     ___FILE_ONLY___ 
         
2026-05-07 14:15:28,868 INFO     ___FILE_ONLY___  | --set-cloudsql-instances=[CLOUDSQL-INSTANCES,...]]
2026-05-07 14:15:28,869 INFO     ___FILE_ONLY___ 
       
2026-05-07 14:15:28,869 INFO     ___FILE_ONLY___  [--add-custom-audiences=[CUSTOM-AUDIENCES,...]
2026-05-07 14:15:28,870 INFO     ___FILE_ONLY___ 
         
2026-05-07 14:15:28,870 INFO     ___FILE_ONLY___  | --clear-custom-audiences
2026-05-07 14:15:28,871 INFO     ___FILE_ONLY___ 
         
2026-05-07 14:15:28,871 INFO     ___FILE_ONLY___  | --remove-custom-audiences=[CUSTOM-AUDIENCES,...]
2026-05-07 14:15:28,872 INFO     ___FILE_ONLY___ 
         
2026-05-07 14:15:28,872 INFO     ___FILE_ONLY___  | --set-custom-audiences=[CUSTOM-AUDIENCES,...]]
2026-05-07 14:15:28,873 INFO     ___FILE_ONLY___ 
       
2026-05-07 14:15:28,873 INFO     ___FILE_ONLY___  [--add-volume=[KEY=VALUE,...]
2026-05-07 14:15:28,873 INFO     ___FILE_ONLY___ 
         
2026-05-07 14:15:28,874 INFO     ___FILE_ONLY___  --clear-volumes --remove-volume=[VOLUME,...]]
2026-05-07 14:15:28,875 INFO     ___FILE_ONLY___ 
       
2026-05-07 14:15:28,875 INFO     ___FILE_ONLY___  [--add-volume-mount=[volume=NAME,mount-path=MOUNT_PATH,...]
2026-05-07 14:15:28,876 INFO     ___FILE_ONLY___ 
         
2026-05-07 14:15:28,877 INFO     ___FILE_ONLY___  --args=[ARG,...]
2026-05-07 14:15:28,878 INFO     ___FILE_ONLY___  --[no-]automatic-updates
2026-05-07 14:15:28,879 INFO     ___FILE_ONLY___  --clear-volume-mounts
2026-05-07 14:15:28,880 INFO     ___FILE_ONLY___ 
         
2026-05-07 14:15:28,881 INFO     ___FILE_ONLY___  --cpu=CPU
2026-05-07 14:15:28,881 INFO     ___FILE_ONLY___  --depends-on=[CONTAINER,...]
2026-05-07 14:15:28,882 INFO     ___FILE_ONLY___  --gpu=GPU
2026-05-07 14:15:28,883 INFO     ___FILE_ONLY___ 
         
2026-05-07 14:15:28,884 INFO     ___FILE_ONLY___  --liveness-probe=[KEY=VALUE,...]
2026-05-07 14:15:28,885 INFO     ___FILE_ONLY___  --memory=MEMORY
2026-05-07 14:15:28,886 INFO     ___FILE_ONLY___  --port=PORT
2026-05-07 14:15:28,887 INFO     ___FILE_ONLY___ 
         
2026-05-07 14:15:28,888 INFO     ___FILE_ONLY___  --remove-volume-mount=[MOUNT_PATH,...]
2026-05-07 14:15:28,888 INFO     ___FILE_ONLY___ 
         
2026-05-07 14:15:28,889 INFO     ___FILE_ONLY___  --startup-probe=[KEY=VALUE,...]
2026-05-07 14:15:28,889 INFO     ___FILE_ONLY___ 
         
2026-05-07 14:15:28,890 INFO     ___FILE_ONLY___  --[no-]use-http2 --base-image=BASE_IMAGE
2026-05-07 14:15:28,890 INFO     ___FILE_ONLY___ 
         
2026-05-07 14:15:28,891 INFO     ___FILE_ONLY___  | --clear-base-image --build-env-vars-file=FILE_PATH
2026-05-07 14:15:28,891 INFO     ___FILE_ONLY___ 
         
2026-05-07 14:15:28,892 INFO     ___FILE_ONLY___  | --clear-build-env-vars
2026-05-07 14:15:28,892 INFO     ___FILE_ONLY___  | --set-build-env-vars=[KEY=VALUE,...]
2026-05-07 14:15:28,893 INFO     ___FILE_ONLY___ 
         
2026-05-07 14:15:28,893 INFO     ___FILE_ONLY___  | --remove-build-env-vars=[KEY,...]
2026-05-07 14:15:28,894 INFO     ___FILE_ONLY___ 
         
2026-05-07 14:15:28,895 INFO     ___FILE_ONLY___  --update-build-env-vars=[KEY=VALUE,...]
2026-05-07 14:15:28,895 INFO     ___FILE_ONLY___ 
         
2026-05-07 14:15:28,895 INFO     ___FILE_ONLY___  --build-service-account=BUILD_SERVICE_ACCOUNT
2026-05-07 14:15:28,896 INFO     ___FILE_ONLY___ 
         
2026-05-07 14:15:28,897 INFO     ___FILE_ONLY___  | --clear-build-service-account --build-worker-pool=BUILD_WORKER_POOL
2026-05-07 14:15:28,897 INFO     ___FILE_ONLY___ 
         
2026-05-07 14:15:28,898 INFO     ___FILE_ONLY___  | --clear-build-worker-pool --clear-env-vars
2026-05-07 14:15:28,899 INFO     ___FILE_ONLY___ 
         
2026-05-07 14:15:28,899 INFO     ___FILE_ONLY___  | --env-vars-file=FILE_PATH
2026-05-07 14:15:28,900 INFO     ___FILE_ONLY___  | --set-env-vars=[KEY=VALUE,...]
2026-05-07 14:15:28,901 INFO     ___FILE_ONLY___ 
         
2026-05-07 14:15:28,901 INFO     ___FILE_ONLY___  | --remove-env-vars=[KEY,...]
2026-05-07 14:15:28,902 INFO     ___FILE_ONLY___ 
         
2026-05-07 14:15:28,902 INFO     ___FILE_ONLY___  --update-env-vars=[KEY=VALUE,...] --clear-secrets
2026-05-07 14:15:28,903 INFO     ___FILE_ONLY___ 
         
2026-05-07 14:15:28,903 INFO     ___FILE_ONLY___  | --set-secrets=[KEY=VALUE,...]
2026-05-07 14:15:28,904 INFO     ___FILE_ONLY___  | --remove-secrets=[KEY,...]
2026-05-07 14:15:28,904 INFO     ___FILE_ONLY___ 
         
2026-05-07 14:15:28,905 INFO     ___FILE_ONLY___  --update-secrets=[KEY=VALUE,...] --command=[COMMAND,...]
2026-05-07 14:15:28,905 INFO     ___FILE_ONLY___ 
         
2026-05-07 14:15:28,906 INFO     ___FILE_ONLY___  | --function=FUNCTION --image=IMAGE --source=SOURCE]
2026-05-07 14:15:28,906 INFO     ___FILE_ONLY___ 
       
2026-05-07 14:15:28,907 INFO     ___FILE_ONLY___  [--binary-authorization=POLICY | --clear-binary-authorization]
2026-05-07 14:15:28,907 INFO     ___FILE_ONLY___ 
       
2026-05-07 14:15:28,908 INFO     ___FILE_ONLY___  [--clear-encryption-key-shutdown-hours
2026-05-07 14:15:28,908 INFO     ___FILE_ONLY___ 
         
2026-05-07 14:15:28,909 INFO     ___FILE_ONLY___  | --encryption-key-shutdown-hours=ENCRYPTION_KEY_SHUTDOWN_HOURS]
2026-05-07 14:15:28,909 INFO     ___FILE_ONLY___ 
       
2026-05-07 14:15:28,910 INFO     ___FILE_ONLY___  [--clear-key | --key=KEY]
2026-05-07 14:15:28,910 INFO     ___FILE_ONLY___ 
       
2026-05-07 14:15:28,911 INFO     ___FILE_ONLY___  [--clear-labels
2026-05-07 14:15:28,912 INFO     ___FILE_ONLY___  | --remove-labels=[KEY,...] --labels=[KEY=VALUE,...]
2026-05-07 14:15:28,912 INFO     ___FILE_ONLY___ 
         
2026-05-07 14:15:28,913 INFO     ___FILE_ONLY___  | --update-labels=[KEY=VALUE,...]]
2026-05-07 14:15:28,914 INFO     ___FILE_ONLY___ 
       
2026-05-07 14:15:28,915 INFO     ___FILE_ONLY___  [--clear-network
2026-05-07 14:15:28,915 INFO     ___FILE_ONLY___ 
         
2026-05-07 14:15:28,916 INFO     ___FILE_ONLY___  | --network=NETWORK --subnet=SUBNET --clear-network-tags
2026-05-07 14:15:28,916 INFO     ___FILE_ONLY___ 
         
2026-05-07 14:15:28,917 INFO     ___FILE_ONLY___  | --network-tags=[TAG,...]]
2026-05-07 14:15:28,917 INFO     ___FILE_ONLY___ 
       
2026-05-07 14:15:28,918 INFO     ___FILE_ONLY___  [--clear-post-key-revocation-action-type
2026-05-07 14:15:28,918 INFO     ___FILE_ONLY___ 
         
2026-05-07 14:15:28,919 INFO     ___FILE_ONLY___  | --post-key-revocation-action-type=POST_KEY_REVOCATION_ACTION_TYPE]
2026-05-07 14:15:28,919 INFO     ___FILE_ONLY___ 
       
2026-05-07 14:15:28,919 INFO     ___FILE_ONLY___  [GCLOUD_WIDE_FLAG ...]
2026-05-07 14:15:28,920 INFO     ___FILE_ONLY___ 


2026-05-07 14:15:28,920 INFO     ___FILE_ONLY___ 
2026-05-07 14:15:28,921 INFO     ___FILE_ONLY___ DESCRIPTION

2026-05-07 14:15:28,921 INFO     ___FILE_ONLY___    
2026-05-07 14:15:28,922 INFO     ___FILE_ONLY___  
2026-05-07 14:15:28,922 INFO     ___FILE_ONLY___ Creates
2026-05-07 14:15:28,923 INFO     ___FILE_ONLY___  
2026-05-07 14:15:28,923 INFO     ___FILE_ONLY___ or
2026-05-07 14:15:28,924 INFO     ___FILE_ONLY___  
2026-05-07 14:15:28,924 INFO     ___FILE_ONLY___ updates
2026-05-07 14:15:28,925 INFO     ___FILE_ONLY___  
2026-05-07 14:15:28,925 INFO     ___FILE_ONLY___ a
2026-05-07 14:15:28,925 INFO     ___FILE_ONLY___  
2026-05-07 14:15:28,926 INFO     ___FILE_ONLY___ Cloud
2026-05-07 14:15:28,926 INFO     ___FILE_ONLY___  
2026-05-07 14:15:28,927 INFO     ___FILE_ONLY___ Run
2026-05-07 14:15:28,927 INFO     ___FILE_ONLY___  
2026-05-07 14:15:28,928 INFO     ___FILE_ONLY___ service.
2026-05-07 14:15:28,928 INFO     ___FILE_ONLY___ 

2026-05-07 14:15:28,929 INFO     ___FILE_ONLY___ 

2026-05-07 14:15:28,929 INFO     ___FILE_ONLY___ 
2026-05-07 14:15:28,930 INFO     ___FILE_ONLY___ EXAMPLES

2026-05-07 14:15:28,931 INFO     ___FILE_ONLY___    
2026-05-07 14:15:28,932 INFO     ___FILE_ONLY___  
2026-05-07 14:15:28,932 INFO     ___FILE_ONLY___ To
2026-05-07 14:15:28,933 INFO     ___FILE_ONLY___  
2026-05-07 14:15:28,933 INFO     ___FILE_ONLY___ deploy
2026-05-07 14:15:28,934 INFO     ___FILE_ONLY___  
2026-05-07 14:15:28,934 INFO     ___FILE_ONLY___ a
2026-05-07 14:15:28,935 INFO     ___FILE_ONLY___  
2026-05-07 14:15:28,935 INFO     ___FILE_ONLY___ container
2026-05-07 14:15:28,936 INFO     ___FILE_ONLY___  
2026-05-07 14:15:28,936 INFO     ___FILE_ONLY___ to
2026-05-07 14:15:28,937 INFO     ___FILE_ONLY___  
2026-05-07 14:15:28,937 INFO     ___FILE_ONLY___ the
2026-05-07 14:15:28,937 INFO     ___FILE_ONLY___  
2026-05-07 14:15:28,938 INFO     ___FILE_ONLY___ service
2026-05-07 14:15:28,938 INFO     ___FILE_ONLY___  
2026-05-07 14:15:28,940 INFO     ___FILE_ONLY___ my-backend
2026-05-07 14:15:28,941 INFO     ___FILE_ONLY___  
2026-05-07 14:15:28,942 INFO     ___FILE_ONLY___ on
2026-05-07 14:15:28,943 INFO     ___FILE_ONLY___  
2026-05-07 14:15:28,944 INFO     ___FILE_ONLY___ Cloud
2026-05-07 14:15:28,944 INFO     ___FILE_ONLY___  
2026-05-07 14:15:28,945 INFO     ___FILE_ONLY___ Run:
2026-05-07 14:15:28,945 INFO     ___FILE_ONLY___ 

2026-05-07 14:15:28,946 INFO     ___FILE_ONLY___ 

2026-05-07 14:15:28,946 INFO     ___FILE_ONLY___         $ gcloud run deploy my-backend \

2026-05-07 14:15:28,947 INFO     ___FILE_ONLY___           --image=us-docker.pkg.dev/project/image

2026-05-07 14:15:28,948 INFO     ___FILE_ONLY___ 

2026-05-07 14:15:28,949 INFO     ___FILE_ONLY___    
2026-05-07 14:15:28,949 INFO     ___FILE_ONLY___  
2026-05-07 14:15:28,950 INFO     ___FILE_ONLY___ You
2026-05-07 14:15:28,950 INFO     ___FILE_ONLY___  
2026-05-07 14:15:28,951 INFO     ___FILE_ONLY___ may
2026-05-07 14:15:28,951 INFO     ___FILE_ONLY___  
2026-05-07 14:15:28,952 INFO     ___FILE_ONLY___ also
2026-05-07 14:15:28,952 INFO     ___FILE_ONLY___  
2026-05-07 14:15:28,953 INFO     ___FILE_ONLY___ omit
2026-05-07 14:15:28,953 INFO     ___FILE_ONLY___  
2026-05-07 14:15:28,954 INFO     ___FILE_ONLY___ the
2026-05-07 14:15:28,954 INFO     ___FILE_ONLY___  
2026-05-07 14:15:28,955 INFO     ___FILE_ONLY___ service
2026-05-07 14:15:28,955 INFO     ___FILE_ONLY___  
2026-05-07 14:15:28,955 INFO     ___FILE_ONLY___ name.
2026-05-07 14:15:28,956 INFO     ___FILE_ONLY___  
2026-05-07 14:15:28,956 INFO     ___FILE_ONLY___ Then
2026-05-07 14:15:28,957 INFO     ___FILE_ONLY___  
2026-05-07 14:15:28,957 INFO     ___FILE_ONLY___ a
2026-05-07 14:15:28,958 INFO     ___FILE_ONLY___  
2026-05-07 14:15:28,958 INFO     ___FILE_ONLY___ prompt
2026-05-07 14:15:28,959 INFO     ___FILE_ONLY___  
2026-05-07 14:15:28,959 INFO     ___FILE_ONLY___ will
2026-05-07 14:15:28,960 INFO     ___FILE_ONLY___  
2026-05-07 14:15:28,960 INFO     ___FILE_ONLY___ be
2026-05-07 14:15:28,960 INFO     ___FILE_ONLY___  
2026-05-07 14:15:28,961 INFO     ___FILE_ONLY___ displayed
2026-05-07 14:15:28,961 INFO     ___FILE_ONLY___  
2026-05-07 14:15:28,962 INFO     ___FILE_ONLY___ with
2026-05-07 14:15:28,962 INFO     ___FILE_ONLY___  
2026-05-07 14:15:28,963 INFO     ___FILE_ONLY___ a
2026-05-07 14:15:28,964 INFO     ___FILE_ONLY___ 

2026-05-07 14:15:28,965 INFO     ___FILE_ONLY___     
2026-05-07 14:15:28,965 INFO     ___FILE_ONLY___ suggested
2026-05-07 14:15:28,966 INFO     ___FILE_ONLY___  
2026-05-07 14:15:28,967 INFO     ___FILE_ONLY___ default
2026-05-07 14:15:28,967 INFO     ___FILE_ONLY___  
2026-05-07 14:15:28,968 INFO     ___FILE_ONLY___ value:
2026-05-07 14:15:28,970 INFO     ___FILE_ONLY___ 

2026-05-07 14:15:28,970 INFO     ___FILE_ONLY___ 

2026-05-07 14:15:28,971 INFO     ___FILE_ONLY___         $ gcloud run deploy --image=us-docker.pkg.dev/project/image

2026-05-07 14:15:28,972 INFO     ___FILE_ONLY___ 

2026-05-07 14:15:28,972 INFO     ___FILE_ONLY___    
2026-05-07 14:15:28,973 INFO     ___FILE_ONLY___  
2026-05-07 14:15:28,974 INFO     ___FILE_ONLY___ To
2026-05-07 14:15:28,974 INFO     ___FILE_ONLY___  
2026-05-07 14:15:28,975 INFO     ___FILE_ONLY___ deploy
2026-05-07 14:15:28,975 INFO     ___FILE_ONLY___  
2026-05-07 14:15:28,975 INFO     ___FILE_ONLY___ to
2026-05-07 14:15:28,976 INFO     ___FILE_ONLY___  
2026-05-07 14:15:28,976 INFO     ___FILE_ONLY___ Cloud
2026-05-07 14:15:28,977 INFO     ___FILE_ONLY___  
2026-05-07 14:15:28,977 INFO     ___FILE_ONLY___ Run
2026-05-07 14:15:28,978 INFO     ___FILE_ONLY___  
2026-05-07 14:15:28,978 INFO     ___FILE_ONLY___ on
2026-05-07 14:15:28,979 INFO     ___FILE_ONLY___  
2026-05-07 14:15:28,980 INFO     ___FILE_ONLY___ Kubernetes
2026-05-07 14:15:28,981 INFO     ___FILE_ONLY___  
2026-05-07 14:15:28,981 INFO     ___FILE_ONLY___ Engine,
2026-05-07 14:15:28,982 INFO     ___FILE_ONLY___  
2026-05-07 14:15:28,982 INFO     ___FILE_ONLY___ you
2026-05-07 14:15:28,983 INFO     ___FILE_ONLY___  
2026-05-07 14:15:28,983 INFO     ___FILE_ONLY___ need
2026-05-07 14:15:28,984 INFO     ___FILE_ONLY___  
2026-05-07 14:15:28,984 INFO     ___FILE_ONLY___ to
2026-05-07 14:15:28,985 INFO     ___FILE_ONLY___  
2026-05-07 14:15:28,985 INFO     ___FILE_ONLY___ specify
2026-05-07 14:15:28,985 INFO     ___FILE_ONLY___  
2026-05-07 14:15:28,986 INFO     ___FILE_ONLY___ a
2026-05-07 14:15:28,986 INFO     ___FILE_ONLY___  
2026-05-07 14:15:28,987 INFO     ___FILE_ONLY___ cluster:
2026-05-07 14:15:28,987 INFO     ___FILE_ONLY___ 

2026-05-07 14:15:28,988 INFO     ___FILE_ONLY___ 

2026-05-07 14:15:28,988 INFO     ___FILE_ONLY___         $ gcloud run deploy --image=us-docker.pkg.dev/project/image \

2026-05-07 14:15:28,989 INFO     ___FILE_ONLY___           --cluster=my-cluster

2026-05-07 14:15:28,989 INFO     ___FILE_ONLY___ 

2026-05-07 14:15:28,990 INFO     ___FILE_ONLY___ 
2026-05-07 14:15:28,990 INFO     ___FILE_ONLY___ POSITIONAL ARGUMENTS

2026-05-07 14:15:28,991 INFO     ___FILE_ONLY___     
2026-05-07 14:15:28,991 INFO     ___FILE_ONLY___  
2026-05-07 14:15:28,991 INFO     ___FILE_ONLY___ Service
2026-05-07 14:15:28,992 INFO     ___FILE_ONLY___  
2026-05-07 14:15:28,992 INFO     ___FILE_ONLY___ resource
2026-05-07 14:15:28,993 INFO     ___FILE_ONLY___  
2026-05-07 14:15:28,993 INFO     ___FILE_ONLY___ -
2026-05-07 14:15:28,994 INFO     ___FILE_ONLY___  
2026-05-07 14:15:28,994 INFO     ___FILE_ONLY___ Service
2026-05-07 14:15:28,995 INFO     ___FILE_ONLY___  
2026-05-07 14:15:28,995 INFO     ___FILE_ONLY___ to
2026-05-07 14:15:28,996 INFO     ___FILE_ONLY___  
2026-05-07 14:15:28,998 INFO     ___FILE_ONLY___ deploy
2026-05-07 14:15:28,999 INFO     ___FILE_ONLY___  
2026-05-07 14:15:28,999 INFO     ___FILE_ONLY___ to.
2026-05-07 14:15:29,000 INFO     ___FILE_ONLY___  
2026-05-07 14:15:29,000 INFO     ___FILE_ONLY___ The
2026-05-07 14:15:29,001 INFO     ___FILE_ONLY___  
2026-05-07 14:15:29,001 INFO     ___FILE_ONLY___ arguments
2026-05-07 14:15:29,002 INFO     ___FILE_ONLY___  
2026-05-07 14:15:29,002 INFO     ___FILE_ONLY___ in
2026-05-07 14:15:29,003 INFO     ___FILE_ONLY___  
2026-05-07 14:15:29,003 INFO     ___FILE_ONLY___ this
2026-05-07 14:15:29,003 INFO     ___FILE_ONLY___  
2026-05-07 14:15:29,004 INFO     ___FILE_ONLY___ group
2026-05-07 14:15:29,004 INFO     ___FILE_ONLY___  
2026-05-07 14:15:29,005 INFO     ___FILE_ONLY___ can
2026-05-07 14:15:29,005 INFO     ___FILE_ONLY___ 

2026-05-07 14:15:29,006 INFO     ___FILE_ONLY___      
2026-05-07 14:15:29,006 INFO     ___FILE_ONLY___ be
2026-05-07 14:15:29,007 INFO     ___FILE_ONLY___  
2026-05-07 14:15:29,007 INFO     ___FILE_ONLY___ used
2026-05-07 14:15:29,007 INFO     ___FILE_ONLY___  
2026-05-07 14:15:29,009 INFO     ___FILE_ONLY___ to
2026-05-07 14:15:29,010 INFO     ___FILE_ONLY___  
2026-05-07 14:15:29,010 INFO     ___FILE_ONLY___ specify
2026-05-07 14:15:29,011 INFO     ___FILE_ONLY___  
2026-05-07 14:15:29,011 INFO     ___FILE_ONLY___ the
2026-05-07 14:15:29,011 INFO     ___FILE_ONLY___  
2026-05-07 14:15:29,012 INFO     ___FILE_ONLY___ attributes
2026-05-07 14:15:29,012 INFO     ___FILE_ONLY___  
2026-05-07 14:15:29,013 INFO     ___FILE_ONLY___ of
2026-05-07 14:15:29,014 INFO     ___FILE_ONLY___  
2026-05-07 14:15:29,015 INFO     ___FILE_ONLY___ this
2026-05-07 14:15:29,015 INFO     ___FILE_ONLY___  
2026-05-07 14:15:29,016 INFO     ___FILE_ONLY___ resource.
2026-05-07 14:15:29,016 INFO     ___FILE_ONLY___ 

2026-05-07 14:15:29,017 INFO     ___FILE_ONLY___ 

2026-05-07 14:15:29,017 INFO     ___FILE_ONLY___      [SERVICE]

2026-05-07 14:15:29,018 INFO     ___FILE_ONLY___        
2026-05-07 14:15:29,018 INFO     ___FILE_ONLY___  
2026-05-07 14:15:29,018 INFO     ___FILE_ONLY___ ID
2026-05-07 14:15:29,019 INFO     ___FILE_ONLY___  
2026-05-07 14:15:29,019 INFO     ___FILE_ONLY___ of
2026-05-07 14:15:29,020 INFO     ___FILE_ONLY___  
2026-05-07 14:15:29,020 INFO     ___FILE_ONLY___ the
2026-05-07 14:15:29,021 INFO     ___FILE_ONLY___  
2026-05-07 14:15:29,021 INFO     ___FILE_ONLY___ service
2026-05-07 14:15:29,022 INFO     ___FILE_ONLY___  
2026-05-07 14:15:29,022 INFO     ___FILE_ONLY___ or
2026-05-07 14:15:29,022 INFO     ___FILE_ONLY___  
2026-05-07 14:15:29,023 INFO     ___FILE_ONLY___ fully
2026-05-07 14:15:29,023 INFO     ___FILE_ONLY___  
2026-05-07 14:15:29,024 INFO     ___FILE_ONLY___ qualified
2026-05-07 14:15:29,024 INFO     ___FILE_ONLY___  
2026-05-07 14:15:29,025 INFO     ___FILE_ONLY___ identifier
2026-05-07 14:15:29,025 INFO     ___FILE_ONLY___  
2026-05-07 14:15:29,026 INFO     ___FILE_ONLY___ for
2026-05-07 14:15:29,027 INFO     ___FILE_ONLY___  
2026-05-07 14:15:29,027 INFO     ___FILE_ONLY___ the
2026-05-07 14:15:29,028 INFO     ___FILE_ONLY___  
2026-05-07 14:15:29,028 INFO     ___FILE_ONLY___ service.
2026-05-07 14:15:29,029 INFO     ___FILE_ONLY___ 

2026-05-07 14:15:29,029 INFO     ___FILE_ONLY___ 

2026-05-07 14:15:29,030 INFO     ___FILE_ONLY___        
2026-05-07 14:15:29,031 INFO     ___FILE_ONLY___  
2026-05-07 14:15:29,032 INFO     ___FILE_ONLY___ To
2026-05-07 14:15:29,032 INFO     ___FILE_ONLY___  
2026-05-07 14:15:29,033 INFO     ___FILE_ONLY___ set
2026-05-07 14:15:29,033 INFO     ___FILE_ONLY___  
2026-05-07 14:15:29,034 INFO     ___FILE_ONLY___ the
2026-05-07 14:15:29,034 INFO     ___FILE_ONLY___  
2026-05-07 14:15:29,034 INFO     ___FILE_ONLY___ service
2026-05-07 14:15:29,035 INFO     ___FILE_ONLY___  
2026-05-07 14:15:29,035 INFO     ___FILE_ONLY___ attribute:
2026-05-07 14:15:29,036 INFO     ___FILE_ONLY___ 

2026-05-07 14:15:29,036 INFO     ___FILE_ONLY___         ◆
2026-05-07 14:15:29,037 INFO     ___FILE_ONLY___  
2026-05-07 14:15:29,038 INFO     ___FILE_ONLY___ provide
2026-05-07 14:15:29,038 INFO     ___FILE_ONLY___  
2026-05-07 14:15:29,039 INFO     ___FILE_ONLY___ the
2026-05-07 14:15:29,040 INFO     ___FILE_ONLY___  
2026-05-07 14:15:29,041 INFO     ___FILE_ONLY___ argument
2026-05-07 14:15:29,041 INFO     ___FILE_ONLY___  
2026-05-07 14:15:29,042 INFO     ___FILE_ONLY___ SERVICE
2026-05-07 14:15:29,042 INFO     ___FILE_ONLY___  
2026-05-07 14:15:29,043 INFO     ___FILE_ONLY___ on
2026-05-07 14:15:29,043 INFO     ___FILE_ONLY___  
2026-05-07 14:15:29,044 INFO     ___FILE_ONLY___ the
2026-05-07 14:15:29,044 INFO     ___FILE_ONLY___  
2026-05-07 14:15:29,045 INFO     ___FILE_ONLY___ command
2026-05-07 14:15:29,045 INFO     ___FILE_ONLY___  
2026-05-07 14:15:29,046 INFO     ___FILE_ONLY___ line;
2026-05-07 14:15:29,046 INFO     ___FILE_ONLY___ 

2026-05-07 14:15:29,047 INFO     ___FILE_ONLY___         ◆
2026-05-07 14:15:29,048 INFO     ___FILE_ONLY___  
2026-05-07 14:15:29,048 INFO     ___FILE_ONLY___ specify
2026-05-07 14:15:29,049 INFO     ___FILE_ONLY___  
2026-05-07 14:15:29,049 INFO     ___FILE_ONLY___ the
2026-05-07 14:15:29,050 INFO     ___FILE_ONLY___  
2026-05-07 14:15:29,050 INFO     ___FILE_ONLY___ service
2026-05-07 14:15:29,051 INFO     ___FILE_ONLY___  
2026-05-07 14:15:29,051 INFO     ___FILE_ONLY___ name
2026-05-07 14:15:29,051 INFO     ___FILE_ONLY___  
2026-05-07 14:15:29,052 INFO     ___FILE_ONLY___ from
2026-05-07 14:15:29,052 INFO     ___FILE_ONLY___  
2026-05-07 14:15:29,053 INFO     ___FILE_ONLY___ an
2026-05-07 14:15:29,053 INFO     ___FILE_ONLY___  
2026-05-07 14:15:29,054 INFO     ___FILE_ONLY___ interactive
2026-05-07 14:15:29,054 INFO     ___FILE_ONLY___  
2026-05-07 14:15:29,055 INFO     ___FILE_ONLY___ prompt.
2026-05-07 14:15:29,055 INFO     ___FILE_ONLY___ 

2026-05-07 14:15:29,056 INFO     ___FILE_ONLY___ 

2026-05-07 14:15:29,057 INFO     ___FILE_ONLY___      --namespace=NAMESPACE

2026-05-07 14:15:29,057 INFO     ___FILE_ONLY___        
2026-05-07 14:15:29,058 INFO     ___FILE_ONLY___  
2026-05-07 14:15:29,058 INFO     ___FILE_ONLY___ Specific
2026-05-07 14:15:29,059 INFO     ___FILE_ONLY___  
2026-05-07 14:15:29,059 INFO     ___FILE_ONLY___ to
2026-05-07 14:15:29,060 INFO     ___FILE_ONLY___  
2026-05-07 14:15:29,060 INFO     ___FILE_ONLY___ Cloud
2026-05-07 14:15:29,061 INFO     ___FILE_ONLY___  
2026-05-07 14:15:29,061 INFO     ___FILE_ONLY___ Run
2026-05-07 14:15:29,062 INFO     ___FILE_ONLY___  
2026-05-07 14:15:29,062 INFO     ___FILE_ONLY___ for
2026-05-07 14:15:29,063 INFO     ___FILE_ONLY___  
2026-05-07 14:15:29,063 INFO     ___FILE_ONLY___ Anthos:
2026-05-07 14:15:29,064 INFO     ___FILE_ONLY___  
2026-05-07 14:15:29,065 INFO     ___FILE_ONLY___ Kubernetes
2026-05-07 14:15:29,065 INFO     ___FILE_ONLY___  
2026-05-07 14:15:29,066 INFO     ___FILE_ONLY___ namespace
2026-05-07 14:15:29,066 INFO     ___FILE_ONLY___  
2026-05-07 14:15:29,067 INFO     ___FILE_ONLY___ for
2026-05-07 14:15:29,067 INFO     ___FILE_ONLY___  
2026-05-07 14:15:29,068 INFO     ___FILE_ONLY___ the
2026-05-07 14:15:29,068 INFO     ___FILE_ONLY___  
2026-05-07 14:15:29,069 INFO     ___FILE_ONLY___ service.
2026-05-07 14:15:29,069 INFO     ___FILE_ONLY___ 

2026-05-07 14:15:29,069 INFO     ___FILE_ONLY___ 

2026-05-07 14:15:29,070 INFO     ___FILE_ONLY___        
2026-05-07 14:15:29,070 INFO     ___FILE_ONLY___  
2026-05-07 14:15:29,071 INFO     ___FILE_ONLY___ To
2026-05-07 14:15:29,071 INFO     ___FILE_ONLY___  
2026-05-07 14:15:29,072 INFO     ___FILE_ONLY___ set
2026-05-07 14:15:29,072 INFO     ___FILE_ONLY___  
2026-05-07 14:15:29,073 INFO     ___FILE_ONLY___ the
2026-05-07 14:15:29,073 INFO     ___FILE_ONLY___  
2026-05-07 14:15:29,074 INFO     ___FILE_ONLY___ namespace
2026-05-07 14:15:29,074 INFO     ___FILE_ONLY___  
2026-05-07 14:15:29,074 INFO     ___FILE_ONLY___ attribute:
2026-05-07 14:15:29,075 INFO     ___FILE_ONLY___ 

2026-05-07 14:15:29,075 INFO     ___FILE_ONLY___         ◆
2026-05-07 14:15:29,076 INFO     ___FILE_ONLY___  
2026-05-07 14:15:29,076 INFO     ___FILE_ONLY___ provide
2026-05-07 14:15:29,077 INFO     ___FILE_ONLY___  
2026-05-07 14:15:29,077 INFO     ___FILE_ONLY___ the
2026-05-07 14:15:29,078 INFO     ___FILE_ONLY___  
2026-05-07 14:15:29,078 INFO     ___FILE_ONLY___ argument
2026-05-07 14:15:29,079 INFO     ___FILE_ONLY___  
2026-05-07 14:15:29,079 INFO     ___FILE_ONLY___ SERVICE
2026-05-07 14:15:29,080 INFO     ___FILE_ONLY___  
2026-05-07 14:15:29,081 INFO     ___FILE_ONLY___ on
2026-05-07 14:15:29,082 INFO     ___FILE_ONLY___  
2026-05-07 14:15:29,083 INFO     ___FILE_ONLY___ the
2026-05-07 14:15:29,083 INFO     ___FILE_ONLY___  
2026-05-07 14:15:29,084 INFO     ___FILE_ONLY___ command
2026-05-07 14:15:29,084 INFO     ___FILE_ONLY___  
2026-05-07 14:15:29,085 INFO     ___FILE_ONLY___ line
2026-05-07 14:15:29,085 INFO     ___FILE_ONLY___  
2026-05-07 14:15:29,086 INFO     ___FILE_ONLY___ with
2026-05-07 14:15:29,086 INFO     ___FILE_ONLY___  
2026-05-07 14:15:29,087 INFO     ___FILE_ONLY___ a
2026-05-07 14:15:29,087 INFO     ___FILE_ONLY___  
2026-05-07 14:15:29,088 INFO     ___FILE_ONLY___ fully
2026-05-07 14:15:29,088 INFO     ___FILE_ONLY___ 

2026-05-07 14:15:29,089 INFO     ___FILE_ONLY___           
2026-05-07 14:15:29,089 INFO     ___FILE_ONLY___ specified
2026-05-07 14:15:29,090 INFO     ___FILE_ONLY___  
2026-05-07 14:15:29,090 INFO     ___FILE_ONLY___ name;
2026-05-07 14:15:29,090 INFO     ___FILE_ONLY___ 

2026-05-07 14:15:29,091 INFO     ___FILE_ONLY___         ◆
2026-05-07 14:15:29,092 INFO     ___FILE_ONLY___  
2026-05-07 14:15:29,092 INFO     ___FILE_ONLY___ specify
2026-05-07 14:15:29,093 INFO     ___FILE_ONLY___  
2026-05-07 14:15:29,093 INFO     ___FILE_ONLY___ the
2026-05-07 14:15:29,094 INFO     ___FILE_ONLY___  
2026-05-07 14:15:29,094 INFO     ___FILE_ONLY___ service
2026-05-07 14:15:29,095 INFO     ___FILE_ONLY___  
2026-05-07 14:15:29,096 INFO     ___FILE_ONLY___ name
2026-05-07 14:15:29,096 INFO     ___FILE_ONLY___  
2026-05-07 14:15:29,097 INFO     ___FILE_ONLY___ from
2026-05-07 14:15:29,098 INFO     ___FILE_ONLY___  
2026-05-07 14:15:29,099 INFO     ___FILE_ONLY___ an
2026-05-07 14:15:29,099 INFO     ___FILE_ONLY___  
2026-05-07 14:15:29,100 INFO     ___FILE_ONLY___ interactive
2026-05-07 14:15:29,100 INFO     ___FILE_ONLY___  
2026-05-07 14:15:29,101 INFO     ___FILE_ONLY___ prompt
2026-05-07 14:15:29,101 INFO     ___FILE_ONLY___  
2026-05-07 14:15:29,102 INFO     ___FILE_ONLY___ with
2026-05-07 14:15:29,102 INFO     ___FILE_ONLY___  
2026-05-07 14:15:29,103 INFO     ___FILE_ONLY___ a
2026-05-07 14:15:29,103 INFO     ___FILE_ONLY___  
2026-05-07 14:15:29,104 INFO     ___FILE_ONLY___ fully
2026-05-07 14:15:29,104 INFO     ___FILE_ONLY___ 

2026-05-07 14:15:29,104 INFO     ___FILE_ONLY___           
2026-05-07 14:15:29,105 INFO     ___FILE_ONLY___ specified
2026-05-07 14:15:29,105 INFO     ___FILE_ONLY___  
2026-05-07 14:15:29,106 INFO     ___FILE_ONLY___ name;
2026-05-07 14:15:29,106 INFO     ___FILE_ONLY___ 

2026-05-07 14:15:29,107 INFO     ___FILE_ONLY___         ◆
2026-05-07 14:15:29,107 INFO     ___FILE_ONLY___  
2026-05-07 14:15:29,108 INFO     ___FILE_ONLY___ provide
2026-05-07 14:15:29,108 INFO     ___FILE_ONLY___  
2026-05-07 14:15:29,109 INFO     ___FILE_ONLY___ the
2026-05-07 14:15:29,109 INFO     ___FILE_ONLY___  
2026-05-07 14:15:29,109 INFO     ___FILE_ONLY___ argument
2026-05-07 14:15:29,110 INFO     ___FILE_ONLY___  
2026-05-07 14:15:29,110 INFO     ___FILE_ONLY___ --namespace
2026-05-07 14:15:29,111 INFO     ___FILE_ONLY___  
2026-05-07 14:15:29,111 INFO     ___FILE_ONLY___ on
2026-05-07 14:15:29,112 INFO     ___FILE_ONLY___  
2026-05-07 14:15:29,113 INFO     ___FILE_ONLY___ the
2026-05-07 14:15:29,113 INFO     ___FILE_ONLY___  
2026-05-07 14:15:29,115 INFO     ___FILE_ONLY___ command
2026-05-07 14:15:29,116 INFO     ___FILE_ONLY___  
2026-05-07 14:15:29,116 INFO     ___FILE_ONLY___ line;
2026-05-07 14:15:29,117 INFO     ___FILE_ONLY___ 

2026-05-07 14:15:29,118 INFO     ___FILE_ONLY___         ◆
2026-05-07 14:15:29,118 INFO     ___FILE_ONLY___  
2026-05-07 14:15:29,119 INFO     ___FILE_ONLY___ set
2026-05-07 14:15:29,119 INFO     ___FILE_ONLY___  
2026-05-07 14:15:29,120 INFO     ___FILE_ONLY___ the
2026-05-07 14:15:29,120 INFO     ___FILE_ONLY___  
2026-05-07 14:15:29,121 INFO     ___FILE_ONLY___ property
2026-05-07 14:15:29,121 INFO     ___FILE_ONLY___  
2026-05-07 14:15:29,122 INFO     ___FILE_ONLY___ run/namespace;
2026-05-07 14:15:29,122 INFO     ___FILE_ONLY___ 

2026-05-07 14:15:29,123 INFO     ___FILE_ONLY___         ◆
2026-05-07 14:15:29,123 INFO     ___FILE_ONLY___  
2026-05-07 14:15:29,124 INFO     ___FILE_ONLY___ For
2026-05-07 14:15:29,124 INFO     ___FILE_ONLY___  
2026-05-07 14:15:29,124 INFO     ___FILE_ONLY___ Cloud
2026-05-07 14:15:29,125 INFO     ___FILE_ONLY___  
2026-05-07 14:15:29,125 INFO     ___FILE_ONLY___ Run
2026-05-07 14:15:29,126 INFO     ___FILE_ONLY___  
2026-05-07 14:15:29,126 INFO     ___FILE_ONLY___ on
2026-05-07 14:15:29,127 INFO     ___FILE_ONLY___  
2026-05-07 14:15:29,127 INFO     ___FILE_ONLY___ Kubernetes
2026-05-07 14:15:29,128 INFO     ___FILE_ONLY___  
2026-05-07 14:15:29,128 INFO     ___FILE_ONLY___ Engine,
2026-05-07 14:15:29,129 INFO     ___FILE_ONLY___  
2026-05-07 14:15:29,129 INFO     ___FILE_ONLY___ defaults
2026-05-07 14:15:29,130 INFO     ___FILE_ONLY___  
2026-05-07 14:15:29,131 INFO     ___FILE_ONLY___ to
2026-05-07 14:15:29,132 INFO     ___FILE_ONLY___  
2026-05-07 14:15:29,132 INFO     ___FILE_ONLY___ "default".
2026-05-07 14:15:29,133 INFO     ___FILE_ONLY___ 

2026-05-07 14:15:29,133 INFO     ___FILE_ONLY___           
2026-05-07 14:15:29,134 INFO     ___FILE_ONLY___ Otherwise,
2026-05-07 14:15:29,134 INFO     ___FILE_ONLY___  
2026-05-07 14:15:29,135 INFO     ___FILE_ONLY___ defaults
2026-05-07 14:15:29,135 INFO     ___FILE_ONLY___  
2026-05-07 14:15:29,136 INFO     ___FILE_ONLY___ to
2026-05-07 14:15:29,136 INFO     ___FILE_ONLY___  
2026-05-07 14:15:29,137 INFO     ___FILE_ONLY___ project
2026-05-07 14:15:29,137 INFO     ___FILE_ONLY___  
2026-05-07 14:15:29,138 INFO     ___FILE_ONLY___ ID.;
2026-05-07 14:15:29,138 INFO     ___FILE_ONLY___ 

2026-05-07 14:15:29,139 INFO     ___FILE_ONLY___         ◆
2026-05-07 14:15:29,139 INFO     ___FILE_ONLY___  
2026-05-07 14:15:29,140 INFO     ___FILE_ONLY___ provide
2026-05-07 14:15:29,140 INFO     ___FILE_ONLY___  
2026-05-07 14:15:29,141 INFO     ___FILE_ONLY___ the
2026-05-07 14:15:29,141 INFO     ___FILE_ONLY___  
2026-05-07 14:15:29,142 INFO     ___FILE_ONLY___ argument
2026-05-07 14:15:29,142 INFO     ___FILE_ONLY___  
2026-05-07 14:15:29,142 INFO     ___FILE_ONLY___ project
2026-05-07 14:15:29,143 INFO     ___FILE_ONLY___  
2026-05-07 14:15:29,143 INFO     ___FILE_ONLY___ on
2026-05-07 14:15:29,144 INFO     ___FILE_ONLY___  
2026-05-07 14:15:29,145 INFO     ___FILE_ONLY___ the
2026-05-07 14:15:29,146 INFO     ___FILE_ONLY___  
2026-05-07 14:15:29,146 INFO     ___FILE_ONLY___ command
2026-05-07 14:15:29,147 INFO     ___FILE_ONLY___  
2026-05-07 14:15:29,148 INFO     ___FILE_ONLY___ line;
2026-05-07 14:15:29,149 INFO     ___FILE_ONLY___ 

2026-05-07 14:15:29,149 INFO     ___FILE_ONLY___         ◆
2026-05-07 14:15:29,150 INFO     ___FILE_ONLY___  
2026-05-07 14:15:29,150 INFO     ___FILE_ONLY___ set
2026-05-07 14:15:29,151 INFO     ___FILE_ONLY___  
2026-05-07 14:15:29,151 INFO     ___FILE_ONLY___ the
2026-05-07 14:15:29,152 INFO     ___FILE_ONLY___  
2026-05-07 14:15:29,152 INFO     ___FILE_ONLY___ property
2026-05-07 14:15:29,153 INFO     ___FILE_ONLY___  
2026-05-07 14:15:29,153 INFO     ___FILE_ONLY___ core/project.
2026-05-07 14:15:29,154 INFO     ___FILE_ONLY___ 

2026-05-07 14:15:29,154 INFO     ___FILE_ONLY___ 

2026-05-07 14:15:29,155 INFO     ___FILE_ONLY___ 
2026-05-07 14:15:29,155 INFO     ___FILE_ONLY___ FLAGS

2026-05-07 14:15:29,156 INFO     ___FILE_ONLY___      --[no-]allow-unauthenticated

2026-05-07 14:15:29,156 INFO     ___FILE_ONLY___        
2026-05-07 14:15:29,157 INFO     ___FILE_ONLY___  
2026-05-07 14:15:29,157 INFO     ___FILE_ONLY___ Whether
2026-05-07 14:15:29,158 INFO     ___FILE_ONLY___  
2026-05-07 14:15:29,158 INFO     ___FILE_ONLY___ to
2026-05-07 14:15:29,159 INFO     ___FILE_ONLY___  
2026-05-07 14:15:29,159 INFO     ___FILE_ONLY___ enable
2026-05-07 14:15:29,160 INFO     ___FILE_ONLY___  
2026-05-07 14:15:29,160 INFO     ___FILE_ONLY___ allowing
2026-05-07 14:15:29,161 INFO     ___FILE_ONLY___  
2026-05-07 14:15:29,161 INFO     ___FILE_ONLY___ unauthenticated
2026-05-07 14:15:29,162 INFO     ___FILE_ONLY___  
2026-05-07 14:15:29,162 INFO     ___FILE_ONLY___ access
2026-05-07 14:15:29,163 INFO     ___FILE_ONLY___  
2026-05-07 14:15:29,164 INFO     ___FILE_ONLY___ to
2026-05-07 14:15:29,165 INFO     ___FILE_ONLY___  
2026-05-07 14:15:29,165 INFO     ___FILE_ONLY___ the
2026-05-07 14:15:29,166 INFO     ___FILE_ONLY___  
2026-05-07 14:15:29,166 INFO     ___FILE_ONLY___ service.
2026-05-07 14:15:29,167 INFO     ___FILE_ONLY___  
2026-05-07 14:15:29,167 INFO     ___FILE_ONLY___ This
2026-05-07 14:15:29,168 INFO     ___FILE_ONLY___ 

2026-05-07 14:15:29,168 INFO     ___FILE_ONLY___         
2026-05-07 14:15:29,169 INFO     ___FILE_ONLY___ may
2026-05-07 14:15:29,169 INFO     ___FILE_ONLY___  
2026-05-07 14:15:29,169 INFO     ___FILE_ONLY___ take
2026-05-07 14:15:29,170 INFO     ___FILE_ONLY___  
2026-05-07 14:15:29,170 INFO     ___FILE_ONLY___ a
2026-05-07 14:15:29,171 INFO     ___FILE_ONLY___  
2026-05-07 14:15:29,171 INFO     ___FILE_ONLY___ few
2026-05-07 14:15:29,172 INFO     ___FILE_ONLY___  
2026-05-07 14:15:29,172 INFO     ___FILE_ONLY___ moments
2026-05-07 14:15:29,173 INFO     ___FILE_ONLY___  
2026-05-07 14:15:29,173 INFO     ___FILE_ONLY___ to
2026-05-07 14:15:29,174 INFO     ___FILE_ONLY___  
2026-05-07 14:15:29,174 INFO     ___FILE_ONLY___ take
2026-05-07 14:15:29,175 INFO     ___FILE_ONLY___  
2026-05-07 14:15:29,175 INFO     ___FILE_ONLY___ effect.
2026-05-07 14:15:29,176 INFO     ___FILE_ONLY___  
2026-05-07 14:15:29,177 INFO     ___FILE_ONLY___ Use
2026-05-07 14:15:29,177 INFO     ___FILE_ONLY___  
2026-05-07 14:15:29,178 INFO     ___FILE_ONLY___ --allow-unauthenticated
2026-05-07 14:15:29,178 INFO     ___FILE_ONLY___  
2026-05-07 14:15:29,179 INFO     ___FILE_ONLY___ to
2026-05-07 14:15:29,179 INFO     ___FILE_ONLY___ 

2026-05-07 14:15:29,180 INFO     ___FILE_ONLY___         
2026-05-07 14:15:29,181 INFO     ___FILE_ONLY___ enable
2026-05-07 14:15:29,182 INFO     ___FILE_ONLY___  
2026-05-07 14:15:29,183 INFO     ___FILE_ONLY___ and
2026-05-07 14:15:29,184 INFO     ___FILE_ONLY___  
2026-05-07 14:15:29,184 INFO     ___FILE_ONLY___ --no-allow-unauthenticated
2026-05-07 14:15:29,185 INFO     ___FILE_ONLY___  
2026-05-07 14:15:29,185 INFO     ___FILE_ONLY___ to
2026-05-07 14:15:29,186 INFO     ___FILE_ONLY___  
2026-05-07 14:15:29,186 INFO     ___FILE_ONLY___ disable.
2026-05-07 14:15:29,187 INFO     ___FILE_ONLY___ 

2026-05-07 14:15:29,187 INFO     ___FILE_ONLY___ 

2026-05-07 14:15:29,188 INFO     ___FILE_ONLY___      --async

2026-05-07 14:15:29,188 INFO     ___FILE_ONLY___        
2026-05-07 14:15:29,189 INFO     ___FILE_ONLY___  
2026-05-07 14:15:29,189 INFO     ___FILE_ONLY___ Return
2026-05-07 14:15:29,190 INFO     ___FILE_ONLY___  
2026-05-07 14:15:29,190 INFO     ___FILE_ONLY___ immediately,
2026-05-07 14:15:29,191 INFO     ___FILE_ONLY___  
2026-05-07 14:15:29,191 INFO     ___FILE_ONLY___ without
2026-05-07 14:15:29,191 INFO     ___FILE_ONLY___  
2026-05-07 14:15:29,192 INFO     ___FILE_ONLY___ waiting
2026-05-07 14:15:29,192 INFO     ___FILE_ONLY___  
2026-05-07 14:15:29,193 INFO     ___FILE_ONLY___ for
2026-05-07 14:15:29,193 INFO     ___FILE_ONLY___  
2026-05-07 14:15:29,194 INFO     ___FILE_ONLY___ the
2026-05-07 14:15:29,194 INFO     ___FILE_ONLY___  
2026-05-07 14:15:29,195 INFO     ___FILE_ONLY___ operation
2026-05-07 14:15:29,195 INFO     ___FILE_ONLY___  
2026-05-07 14:15:29,196 INFO     ___FILE_ONLY___ in
2026-05-07 14:15:29,196 INFO     ___FILE_ONLY___  
2026-05-07 14:15:29,197 INFO     ___FILE_ONLY___ progress
2026-05-07 14:15:29,198 INFO     ___FILE_ONLY___  
2026-05-07 14:15:29,198 INFO     ___FILE_ONLY___ to
2026-05-07 14:15:29,199 INFO     ___FILE_ONLY___ 

2026-05-07 14:15:29,199 INFO     ___FILE_ONLY___         
2026-05-07 14:15:29,200 INFO     ___FILE_ONLY___ complete.
2026-05-07 14:15:29,200 INFO     ___FILE_ONLY___ 

2026-05-07 14:15:29,201 INFO     ___FILE_ONLY___ 

2026-05-07 14:15:29,201 INFO     ___FILE_ONLY___      --breakglass=JUSTIFICATION

2026-05-07 14:15:29,202 INFO     ___FILE_ONLY___        
2026-05-07 14:15:29,203 INFO     ___FILE_ONLY___  
2026-05-07 14:15:29,203 INFO     ___FILE_ONLY___ Justification
2026-05-07 14:15:29,203 INFO     ___FILE_ONLY___  
2026-05-07 14:15:29,204 INFO     ___FILE_ONLY___ to
2026-05-07 14:15:29,205 INFO     ___FILE_ONLY___  
2026-05-07 14:15:29,205 INFO     ___FILE_ONLY___ bypass
2026-05-07 14:15:29,205 INFO     ___FILE_ONLY___  
2026-05-07 14:15:29,206 INFO     ___FILE_ONLY___ Binary
2026-05-07 14:15:29,206 INFO     ___FILE_ONLY___  
2026-05-07 14:15:29,207 INFO     ___FILE_ONLY___ Authorization
2026-05-07 14:15:29,207 INFO     ___FILE_ONLY___  
2026-05-07 14:15:29,208 INFO     ___FILE_ONLY___ policy
2026-05-07 14:15:29,208 INFO     ___FILE_ONLY___  
2026-05-07 14:15:29,209 INFO     ___FILE_ONLY___ constraints
2026-05-07 14:15:29,210 INFO     ___FILE_ONLY___  
2026-05-07 14:15:29,211 INFO     ___FILE_ONLY___ and
2026-05-07 14:15:29,211 INFO     ___FILE_ONLY___ 

2026-05-07 14:15:29,212 INFO     ___FILE_ONLY___         
2026-05-07 14:15:29,212 INFO     ___FILE_ONLY___ allow
2026-05-07 14:15:29,213 INFO     ___FILE_ONLY___  
2026-05-07 14:15:29,213 INFO     ___FILE_ONLY___ the
2026-05-07 14:15:29,214 INFO     ___FILE_ONLY___  
2026-05-07 14:15:29,215 INFO     ___FILE_ONLY___ operation.
2026-05-07 14:15:29,216 INFO     ___FILE_ONLY___  
2026-05-07 14:15:29,216 INFO     ___FILE_ONLY___ See
2026-05-07 14:15:29,217 INFO     ___FILE_ONLY___ 

2026-05-07 14:15:29,217 INFO     ___FILE_ONLY___         
2026-05-07 14:15:29,218 INFO     ___FILE_ONLY___ https://cloud.google.com/binary-authorization/docs/using-breakglass
2026-05-07 14:15:29,218 INFO     ___FILE_ONLY___  
2026-05-07 14:15:29,219 INFO     ___FILE_ONLY___ for
2026-05-07 14:15:29,219 INFO     ___FILE_ONLY___ 

2026-05-07 14:15:29,220 INFO     ___FILE_ONLY___         
2026-05-07 14:15:29,220 INFO     ___FILE_ONLY___ more
2026-05-07 14:15:29,221 INFO     ___FILE_ONLY___  
2026-05-07 14:15:29,221 INFO     ___FILE_ONLY___ information.
2026-05-07 14:15:29,222 INFO     ___FILE_ONLY___  
2026-05-07 14:15:29,222 INFO     ___FILE_ONLY___ Next
2026-05-07 14:15:29,223 INFO     ___FILE_ONLY___  
2026-05-07 14:15:29,223 INFO     ___FILE_ONLY___ update
2026-05-07 14:15:29,223 INFO     ___FILE_ONLY___  
2026-05-07 14:15:29,224 INFO     ___FILE_ONLY___ or
2026-05-07 14:15:29,224 INFO     ___FILE_ONLY___  
2026-05-07 14:15:29,225 INFO     ___FILE_ONLY___ deploy
2026-05-07 14:15:29,225 INFO     ___FILE_ONLY___  
2026-05-07 14:15:29,226 INFO     ___FILE_ONLY___ command
2026-05-07 14:15:29,226 INFO     ___FILE_ONLY___  
2026-05-07 14:15:29,227 INFO     ___FILE_ONLY___ will
2026-05-07 14:15:29,227 INFO     ___FILE_ONLY___  
2026-05-07 14:15:29,227 INFO     ___FILE_ONLY___ automatically
2026-05-07 14:15:29,228 INFO     ___FILE_ONLY___ 

2026-05-07 14:15:29,228 INFO     ___FILE_ONLY___         
2026-05-07 14:15:29,229 INFO     ___FILE_ONLY___ clear
2026-05-07 14:15:29,229 INFO     ___FILE_ONLY___  
2026-05-07 14:15:29,230 INFO     ___FILE_ONLY___ existing
2026-05-07 14:15:29,231 INFO     ___FILE_ONLY___  
2026-05-07 14:15:29,231 INFO     ___FILE_ONLY___ breakglass
2026-05-07 14:15:29,232 INFO     ___FILE_ONLY___  
2026-05-07 14:15:29,232 INFO     ___FILE_ONLY___ justification.
2026-05-07 14:15:29,233 INFO     ___FILE_ONLY___ 

2026-05-07 14:15:29,233 INFO     ___FILE_ONLY___ 

2026-05-07 14:15:29,234 INFO     ___FILE_ONLY___      --clear-vpc-connector

2026-05-07 14:15:29,234 INFO     ___FILE_ONLY___        
2026-05-07 14:15:29,235 INFO     ___FILE_ONLY___  
2026-05-07 14:15:29,235 INFO     ___FILE_ONLY___ Remove
2026-05-07 14:15:29,236 INFO     ___FILE_ONLY___  
2026-05-07 14:15:29,236 INFO     ___FILE_ONLY___ the
2026-05-07 14:15:29,237 INFO     ___FILE_ONLY___  
2026-05-07 14:15:29,237 INFO     ___FILE_ONLY___ VPC
2026-05-07 14:15:29,238 INFO     ___FILE_ONLY___  
2026-05-07 14:15:29,239 INFO     ___FILE_ONLY___ connector
2026-05-07 14:15:29,239 INFO     ___FILE_ONLY___  
2026-05-07 14:15:29,240 INFO     ___FILE_ONLY___ for
2026-05-07 14:15:29,240 INFO     ___FILE_ONLY___  
2026-05-07 14:15:29,241 INFO     ___FILE_ONLY___ this
2026-05-07 14:15:29,241 INFO     ___FILE_ONLY___  
2026-05-07 14:15:29,242 INFO     ___FILE_ONLY___ resource.
2026-05-07 14:15:29,242 INFO     ___FILE_ONLY___ 

2026-05-07 14:15:29,243 INFO     ___FILE_ONLY___ 

2026-05-07 14:15:29,243 INFO     ___FILE_ONLY___      --concurrency=CONCURRENCY

2026-05-07 14:15:29,244 INFO     ___FILE_ONLY___        
2026-05-07 14:15:29,244 INFO     ___FILE_ONLY___  
2026-05-07 14:15:29,245 INFO     ___FILE_ONLY___ Set
2026-05-07 14:15:29,245 INFO     ___FILE_ONLY___  
2026-05-07 14:15:29,246 INFO     ___FILE_ONLY___ the
2026-05-07 14:15:29,246 INFO     ___FILE_ONLY___  
2026-05-07 14:15:29,247 INFO     ___FILE_ONLY___ maximum
2026-05-07 14:15:29,248 INFO     ___FILE_ONLY___  
2026-05-07 14:15:29,248 INFO     ___FILE_ONLY___ number
2026-05-07 14:15:29,249 INFO     ___FILE_ONLY___  
2026-05-07 14:15:29,249 INFO     ___FILE_ONLY___ of
2026-05-07 14:15:29,250 INFO     ___FILE_ONLY___  
2026-05-07 14:15:29,250 INFO     ___FILE_ONLY___ concurrent
2026-05-07 14:15:29,251 INFO     ___FILE_ONLY___  
2026-05-07 14:15:29,251 INFO     ___FILE_ONLY___ requests
2026-05-07 14:15:29,252 INFO     ___FILE_ONLY___  
2026-05-07 14:15:29,252 INFO     ___FILE_ONLY___ allowed
2026-05-07 14:15:29,253 INFO     ___FILE_ONLY___  
2026-05-07 14:15:29,253 INFO     ___FILE_ONLY___ per
2026-05-07 14:15:29,254 INFO     ___FILE_ONLY___  
2026-05-07 14:15:29,254 INFO     ___FILE_ONLY___ container
2026-05-07 14:15:29,255 INFO     ___FILE_ONLY___ 

2026-05-07 14:15:29,255 INFO     ___FILE_ONLY___         
2026-05-07 14:15:29,256 INFO     ___FILE_ONLY___ instance.
2026-05-07 14:15:29,256 INFO     ___FILE_ONLY___  
2026-05-07 14:15:29,257 INFO     ___FILE_ONLY___ Leave
2026-05-07 14:15:29,257 INFO     ___FILE_ONLY___  
2026-05-07 14:15:29,258 INFO     ___FILE_ONLY___ concurrency
2026-05-07 14:15:29,258 INFO     ___FILE_ONLY___  
2026-05-07 14:15:29,259 INFO     ___FILE_ONLY___ unspecified
2026-05-07 14:15:29,259 INFO     ___FILE_ONLY___  
2026-05-07 14:15:29,260 INFO     ___FILE_ONLY___ or
2026-05-07 14:15:29,260 INFO     ___FILE_ONLY___  
2026-05-07 14:15:29,261 INFO     ___FILE_ONLY___ provide
2026-05-07 14:15:29,261 INFO     ___FILE_ONLY___  
2026-05-07 14:15:29,262 INFO     ___FILE_ONLY___ the
2026-05-07 14:15:29,262 INFO     ___FILE_ONLY___  
2026-05-07 14:15:29,263 INFO     ___FILE_ONLY___ special
2026-05-07 14:15:29,264 INFO     ___FILE_ONLY___  
2026-05-07 14:15:29,265 INFO     ___FILE_ONLY___ value
2026-05-07 14:15:29,265 INFO     ___FILE_ONLY___ 

2026-05-07 14:15:29,266 INFO     ___FILE_ONLY___         
2026-05-07 14:15:29,266 INFO     ___FILE_ONLY___ 'default'
2026-05-07 14:15:29,267 INFO     ___FILE_ONLY___  
2026-05-07 14:15:29,267 INFO     ___FILE_ONLY___ to
2026-05-07 14:15:29,268 INFO     ___FILE_ONLY___  
2026-05-07 14:15:29,268 INFO     ___FILE_ONLY___ receive
2026-05-07 14:15:29,269 INFO     ___FILE_ONLY___  
2026-05-07 14:15:29,269 INFO     ___FILE_ONLY___ the
2026-05-07 14:15:29,270 INFO     ___FILE_ONLY___  
2026-05-07 14:15:29,271 INFO     ___FILE_ONLY___ server
2026-05-07 14:15:29,271 INFO     ___FILE_ONLY___  
2026-05-07 14:15:29,272 INFO     ___FILE_ONLY___ default
2026-05-07 14:15:29,272 INFO     ___FILE_ONLY___  
2026-05-07 14:15:29,273 INFO     ___FILE_ONLY___ value.
2026-05-07 14:15:29,273 INFO     ___FILE_ONLY___ 

2026-05-07 14:15:29,274 INFO     ___FILE_ONLY___ 

2026-05-07 14:15:29,274 INFO     ___FILE_ONLY___      --container=CONTAINER

2026-05-07 14:15:29,275 INFO     ___FILE_ONLY___        
2026-05-07 14:15:29,275 INFO     ___FILE_ONLY___  
2026-05-07 14:15:29,276 INFO     ___FILE_ONLY___ Specifies
2026-05-07 14:15:29,276 INFO     ___FILE_ONLY___  
2026-05-07 14:15:29,277 INFO     ___FILE_ONLY___ a
2026-05-07 14:15:29,277 INFO     ___FILE_ONLY___  
2026-05-07 14:15:29,278 INFO     ___FILE_ONLY___ container
2026-05-07 14:15:29,278 INFO     ___FILE_ONLY___  
2026-05-07 14:15:29,279 INFO     ___FILE_ONLY___ by
2026-05-07 14:15:29,279 INFO     ___FILE_ONLY___  
2026-05-07 14:15:29,280 INFO     ___FILE_ONLY___ name.
2026-05-07 14:15:29,280 INFO     ___FILE_ONLY___  
2026-05-07 14:15:29,281 INFO     ___FILE_ONLY___ Flags
2026-05-07 14:15:29,282 INFO     ___FILE_ONLY___  
2026-05-07 14:15:29,282 INFO     ___FILE_ONLY___ following
2026-05-07 14:15:29,283 INFO     ___FILE_ONLY___  
2026-05-07 14:15:29,283 INFO     ___FILE_ONLY___ --container
2026-05-07 14:15:29,284 INFO     ___FILE_ONLY___  
2026-05-07 14:15:29,284 INFO     ___FILE_ONLY___ will
2026-05-07 14:15:29,285 INFO     ___FILE_ONLY___  
2026-05-07 14:15:29,285 INFO     ___FILE_ONLY___ apply
2026-05-07 14:15:29,286 INFO     ___FILE_ONLY___ 

2026-05-07 14:15:29,286 INFO     ___FILE_ONLY___         
2026-05-07 14:15:29,287 INFO     ___FILE_ONLY___ to
2026-05-07 14:15:29,287 INFO     ___FILE_ONLY___  
2026-05-07 14:15:29,288 INFO     ___FILE_ONLY___ the
2026-05-07 14:15:29,288 INFO     ___FILE_ONLY___  
2026-05-07 14:15:29,289 INFO     ___FILE_ONLY___ specified
2026-05-07 14:15:29,289 INFO     ___FILE_ONLY___  
2026-05-07 14:15:29,290 INFO     ___FILE_ONLY___ container.
2026-05-07 14:15:29,291 INFO     ___FILE_ONLY___ 

2026-05-07 14:15:29,291 INFO     ___FILE_ONLY___ 

2026-05-07 14:15:29,292 INFO     ___FILE_ONLY___        
2026-05-07 14:15:29,292 INFO     ___FILE_ONLY___  
2026-05-07 14:15:29,293 INFO     ___FILE_ONLY___ Flags
2026-05-07 14:15:29,293 INFO     ___FILE_ONLY___  
2026-05-07 14:15:29,294 INFO     ___FILE_ONLY___ that
2026-05-07 14:15:29,295 INFO     ___FILE_ONLY___  
2026-05-07 14:15:29,295 INFO     ___FILE_ONLY___ are
2026-05-07 14:15:29,295 INFO     ___FILE_ONLY___  
2026-05-07 14:15:29,296 INFO     ___FILE_ONLY___ not
2026-05-07 14:15:29,297 INFO     ___FILE_ONLY___  
2026-05-07 14:15:29,298 INFO     ___FILE_ONLY___ container-specific
2026-05-07 14:15:29,298 INFO     ___FILE_ONLY___  
2026-05-07 14:15:29,299 INFO     ___FILE_ONLY___ must
2026-05-07 14:15:29,299 INFO     ___FILE_ONLY___  
2026-05-07 14:15:29,300 INFO     ___FILE_ONLY___ be
2026-05-07 14:15:29,300 INFO     ___FILE_ONLY___  
2026-05-07 14:15:29,301 INFO     ___FILE_ONLY___ specified
2026-05-07 14:15:29,301 INFO     ___FILE_ONLY___  
2026-05-07 14:15:29,302 INFO     ___FILE_ONLY___ before
2026-05-07 14:15:29,302 INFO     ___FILE_ONLY___ 

2026-05-07 14:15:29,303 INFO     ___FILE_ONLY___         
2026-05-07 14:15:29,304 INFO     ___FILE_ONLY___ --container.
2026-05-07 14:15:29,304 INFO     ___FILE_ONLY___ 

2026-05-07 14:15:29,305 INFO     ___FILE_ONLY___ 

2026-05-07 14:15:29,305 INFO     ___FILE_ONLY___      --[no-]cpu-boost

2026-05-07 14:15:29,306 INFO     ___FILE_ONLY___        
2026-05-07 14:15:29,306 INFO     ___FILE_ONLY___  
2026-05-07 14:15:29,307 INFO     ___FILE_ONLY___ Whether
2026-05-07 14:15:29,307 INFO     ___FILE_ONLY___  
2026-05-07 14:15:29,308 INFO     ___FILE_ONLY___ to
2026-05-07 14:15:29,308 INFO     ___FILE_ONLY___  
2026-05-07 14:15:29,309 INFO     ___FILE_ONLY___ allocate
2026-05-07 14:15:29,309 INFO     ___FILE_ONLY___  
2026-05-07 14:15:29,310 INFO     ___FILE_ONLY___ extra
2026-05-07 14:15:29,310 INFO     ___FILE_ONLY___  
2026-05-07 14:15:29,310 INFO     ___FILE_ONLY___ CPU
2026-05-07 14:15:29,311 INFO     ___FILE_ONLY___  
2026-05-07 14:15:29,311 INFO     ___FILE_ONLY___ to
2026-05-07 14:15:29,312 INFO     ___FILE_ONLY___  
2026-05-07 14:15:29,312 INFO     ___FILE_ONLY___ containers
2026-05-07 14:15:29,313 INFO     ___FILE_ONLY___  
2026-05-07 14:15:29,313 INFO     ___FILE_ONLY___ on
2026-05-07 14:15:29,314 INFO     ___FILE_ONLY___  
2026-05-07 14:15:29,315 INFO     ___FILE_ONLY___ startup
2026-05-07 14:15:29,315 INFO     ___FILE_ONLY___  
2026-05-07 14:15:29,316 INFO     ___FILE_ONLY___ to
2026-05-07 14:15:29,316 INFO     ___FILE_ONLY___  
2026-05-07 14:15:29,317 INFO     ___FILE_ONLY___ reduce
2026-05-07 14:15:29,317 INFO     ___FILE_ONLY___  
2026-05-07 14:15:29,318 INFO     ___FILE_ONLY___ the
2026-05-07 14:15:29,318 INFO     ___FILE_ONLY___ 

2026-05-07 14:15:29,319 INFO     ___FILE_ONLY___         
2026-05-07 14:15:29,319 INFO     ___FILE_ONLY___ perceived
2026-05-07 14:15:29,320 INFO     ___FILE_ONLY___  
2026-05-07 14:15:29,320 INFO     ___FILE_ONLY___ latency
2026-05-07 14:15:29,320 INFO     ___FILE_ONLY___  
2026-05-07 14:15:29,321 INFO     ___FILE_ONLY___ of
2026-05-07 14:15:29,321 INFO     ___FILE_ONLY___  
2026-05-07 14:15:29,322 INFO     ___FILE_ONLY___ a
2026-05-07 14:15:29,322 INFO     ___FILE_ONLY___  
2026-05-07 14:15:29,323 INFO     ___FILE_ONLY___ cold
2026-05-07 14:15:29,323 INFO     ___FILE_ONLY___  
2026-05-07 14:15:29,324 INFO     ___FILE_ONLY___ start
2026-05-07 14:15:29,324 INFO     ___FILE_ONLY___  
2026-05-07 14:15:29,325 INFO     ___FILE_ONLY___ request.
2026-05-07 14:15:29,325 INFO     ___FILE_ONLY___  
2026-05-07 14:15:29,326 INFO     ___FILE_ONLY___ Enabled
2026-05-07 14:15:29,326 INFO     ___FILE_ONLY___  
2026-05-07 14:15:29,327 INFO     ___FILE_ONLY___ by
2026-05-07 14:15:29,328 INFO     ___FILE_ONLY___  
2026-05-07 14:15:29,328 INFO     ___FILE_ONLY___ default
2026-05-07 14:15:29,329 INFO     ___FILE_ONLY___  
2026-05-07 14:15:29,329 INFO     ___FILE_ONLY___ when
2026-05-07 14:15:29,329 INFO     ___FILE_ONLY___ 

2026-05-07 14:15:29,330 INFO     ___FILE_ONLY___         
2026-05-07 14:15:29,331 INFO     ___FILE_ONLY___ unspecified
2026-05-07 14:15:29,331 INFO     ___FILE_ONLY___  
2026-05-07 14:15:29,332 INFO     ___FILE_ONLY___ on
2026-05-07 14:15:29,332 INFO     ___FILE_ONLY___  
2026-05-07 14:15:29,333 INFO     ___FILE_ONLY___ new
2026-05-07 14:15:29,333 INFO     ___FILE_ONLY___  
2026-05-07 14:15:29,334 INFO     ___FILE_ONLY___ services.
2026-05-07 14:15:29,334 INFO     ___FILE_ONLY___  
2026-05-07 14:15:29,335 INFO     ___FILE_ONLY___ Use
2026-05-07 14:15:29,335 INFO     ___FILE_ONLY___  
2026-05-07 14:15:29,336 INFO     ___FILE_ONLY___ --cpu-boost
2026-05-07 14:15:29,336 INFO     ___FILE_ONLY___  
2026-05-07 14:15:29,337 INFO     ___FILE_ONLY___ to
2026-05-07 14:15:29,337 INFO     ___FILE_ONLY___  
2026-05-07 14:15:29,338 INFO     ___FILE_ONLY___ enable
2026-05-07 14:15:29,338 INFO     ___FILE_ONLY___  
2026-05-07 14:15:29,338 INFO     ___FILE_ONLY___ and
2026-05-07 14:15:29,339 INFO     ___FILE_ONLY___ 

2026-05-07 14:15:29,339 INFO     ___FILE_ONLY___         
2026-05-07 14:15:29,340 INFO     ___FILE_ONLY___ --no-cpu-boost
2026-05-07 14:15:29,340 INFO     ___FILE_ONLY___  
2026-05-07 14:15:29,341 INFO     ___FILE_ONLY___ to
2026-05-07 14:15:29,341 INFO     ___FILE_ONLY___  
2026-05-07 14:15:29,342 INFO     ___FILE_ONLY___ disable.
2026-05-07 14:15:29,342 INFO     ___FILE_ONLY___ 

2026-05-07 14:15:29,343 INFO     ___FILE_ONLY___ 

2026-05-07 14:15:29,343 INFO     ___FILE_ONLY___      --[no-]cpu-throttling

2026-05-07 14:15:29,343 INFO     ___FILE_ONLY___        
2026-05-07 14:15:29,344 INFO     ___FILE_ONLY___  
2026-05-07 14:15:29,344 INFO     ___FILE_ONLY___ Whether
2026-05-07 14:15:29,345 INFO     ___FILE_ONLY___  
2026-05-07 14:15:29,345 INFO     ___FILE_ONLY___ to
2026-05-07 14:15:29,346 INFO     ___FILE_ONLY___  
2026-05-07 14:15:29,347 INFO     ___FILE_ONLY___ throttle
2026-05-07 14:15:29,347 INFO     ___FILE_ONLY___  
2026-05-07 14:15:29,348 INFO     ___FILE_ONLY___ the
2026-05-07 14:15:29,348 INFO     ___FILE_ONLY___  
2026-05-07 14:15:29,349 INFO     ___FILE_ONLY___ CPU
2026-05-07 14:15:29,349 INFO     ___FILE_ONLY___  
2026-05-07 14:15:29,350 INFO     ___FILE_ONLY___ when
2026-05-07 14:15:29,350 INFO     ___FILE_ONLY___  
2026-05-07 14:15:29,351 INFO     ___FILE_ONLY___ the
2026-05-07 14:15:29,351 INFO     ___FILE_ONLY___  
2026-05-07 14:15:29,352 INFO     ___FILE_ONLY___ container
2026-05-07 14:15:29,353 INFO     ___FILE_ONLY___  
2026-05-07 14:15:29,353 INFO     ___FILE_ONLY___ is
2026-05-07 14:15:29,354 INFO     ___FILE_ONLY___  
2026-05-07 14:15:29,354 INFO     ___FILE_ONLY___ not
2026-05-07 14:15:29,355 INFO     ___FILE_ONLY___  
2026-05-07 14:15:29,355 INFO     ___FILE_ONLY___ actively
2026-05-07 14:15:29,356 INFO     ___FILE_ONLY___  
2026-05-07 14:15:29,356 INFO     ___FILE_ONLY___ serving
2026-05-07 14:15:29,357 INFO     ___FILE_ONLY___ 

2026-05-07 14:15:29,357 INFO     ___FILE_ONLY___         
2026-05-07 14:15:29,358 INFO     ___FILE_ONLY___ requests.
2026-05-07 14:15:29,358 INFO     ___FILE_ONLY___  
2026-05-07 14:15:29,358 INFO     ___FILE_ONLY___ Use
2026-05-07 14:15:29,359 INFO     ___FILE_ONLY___  
2026-05-07 14:15:29,359 INFO     ___FILE_ONLY___ --cpu-throttling
2026-05-07 14:15:29,360 INFO     ___FILE_ONLY___  
2026-05-07 14:15:29,360 INFO     ___FILE_ONLY___ to
2026-05-07 14:15:29,361 INFO     ___FILE_ONLY___  
2026-05-07 14:15:29,361 INFO     ___FILE_ONLY___ enable
2026-05-07 14:15:29,361 INFO     ___FILE_ONLY___  
2026-05-07 14:15:29,362 INFO     ___FILE_ONLY___ and
2026-05-07 14:15:29,362 INFO     ___FILE_ONLY___  
2026-05-07 14:15:29,363 INFO     ___FILE_ONLY___ --no-cpu-throttling
2026-05-07 14:15:29,363 INFO     ___FILE_ONLY___  
2026-05-07 14:15:29,364 INFO     ___FILE_ONLY___ to
2026-05-07 14:15:29,365 INFO     ___FILE_ONLY___ 

2026-05-07 14:15:29,365 INFO     ___FILE_ONLY___         
2026-05-07 14:15:29,366 INFO     ___FILE_ONLY___ disable.
2026-05-07 14:15:29,366 INFO     ___FILE_ONLY___ 

2026-05-07 14:15:29,367 INFO     ___FILE_ONLY___ 

2026-05-07 14:15:29,367 INFO     ___FILE_ONLY___      --[no-]default-url

2026-05-07 14:15:29,368 INFO     ___FILE_ONLY___        
2026-05-07 14:15:29,368 INFO     ___FILE_ONLY___  
2026-05-07 14:15:29,369 INFO     ___FILE_ONLY___ Toggles
2026-05-07 14:15:29,369 INFO     ___FILE_ONLY___  
2026-05-07 14:15:29,369 INFO     ___FILE_ONLY___ the
2026-05-07 14:15:29,370 INFO     ___FILE_ONLY___  
2026-05-07 14:15:29,370 INFO     ___FILE_ONLY___ default
2026-05-07 14:15:29,371 INFO     ___FILE_ONLY___  
2026-05-07 14:15:29,371 INFO     ___FILE_ONLY___ url
2026-05-07 14:15:29,372 INFO     ___FILE_ONLY___  
2026-05-07 14:15:29,372 INFO     ___FILE_ONLY___ for
2026-05-07 14:15:29,373 INFO     ___FILE_ONLY___  
2026-05-07 14:15:29,373 INFO     ___FILE_ONLY___ a
2026-05-07 14:15:29,373 INFO     ___FILE_ONLY___  
2026-05-07 14:15:29,374 INFO     ___FILE_ONLY___ run
2026-05-07 14:15:29,374 INFO     ___FILE_ONLY___  
2026-05-07 14:15:29,375 INFO     ___FILE_ONLY___ service.
2026-05-07 14:15:29,376 INFO     ___FILE_ONLY___  
2026-05-07 14:15:29,377 INFO     ___FILE_ONLY___ This
2026-05-07 14:15:29,377 INFO     ___FILE_ONLY___  
2026-05-07 14:15:29,378 INFO     ___FILE_ONLY___ is
2026-05-07 14:15:29,378 INFO     ___FILE_ONLY___  
2026-05-07 14:15:29,379 INFO     ___FILE_ONLY___ enabled
2026-05-07 14:15:29,379 INFO     ___FILE_ONLY___  
2026-05-07 14:15:29,379 INFO     ___FILE_ONLY___ by
2026-05-07 14:15:29,380 INFO     ___FILE_ONLY___  
2026-05-07 14:15:29,381 INFO     ___FILE_ONLY___ default
2026-05-07 14:15:29,381 INFO     ___FILE_ONLY___ 

2026-05-07 14:15:29,382 INFO     ___FILE_ONLY___         
2026-05-07 14:15:29,383 INFO     ___FILE_ONLY___ if
2026-05-07 14:15:29,383 INFO     ___FILE_ONLY___  
2026-05-07 14:15:29,384 INFO     ___FILE_ONLY___ not
2026-05-07 14:15:29,384 INFO     ___FILE_ONLY___  
2026-05-07 14:15:29,385 INFO     ___FILE_ONLY___ specified.
2026-05-07 14:15:29,385 INFO     ___FILE_ONLY___  
2026-05-07 14:15:29,386 INFO     ___FILE_ONLY___ Use
2026-05-07 14:15:29,386 INFO     ___FILE_ONLY___  
2026-05-07 14:15:29,386 INFO     ___FILE_ONLY___ --default-url
2026-05-07 14:15:29,387 INFO     ___FILE_ONLY___  
2026-05-07 14:15:29,387 INFO     ___FILE_ONLY___ to
2026-05-07 14:15:29,388 INFO     ___FILE_ONLY___  
2026-05-07 14:15:29,388 INFO     ___FILE_ONLY___ enable
2026-05-07 14:15:29,389 INFO     ___FILE_ONLY___  
2026-05-07 14:15:29,389 INFO     ___FILE_ONLY___ and
2026-05-07 14:15:29,390 INFO     ___FILE_ONLY___  
2026-05-07 14:15:29,390 INFO     ___FILE_ONLY___ --no-default-url
2026-05-07 14:15:29,391 INFO     ___FILE_ONLY___  
2026-05-07 14:15:29,391 INFO     ___FILE_ONLY___ to
2026-05-07 14:15:29,391 INFO     ___FILE_ONLY___ 

2026-05-07 14:15:29,392 INFO     ___FILE_ONLY___         
2026-05-07 14:15:29,392 INFO     ___FILE_ONLY___ disable.
2026-05-07 14:15:29,393 INFO     ___FILE_ONLY___ 

2026-05-07 14:15:29,393 INFO     ___FILE_ONLY___ 

2026-05-07 14:15:29,394 INFO     ___FILE_ONLY___      --[no-]deploy-health-check

2026-05-07 14:15:29,395 INFO     ___FILE_ONLY___        
2026-05-07 14:15:29,395 INFO     ___FILE_ONLY___  
2026-05-07 14:15:29,396 INFO     ___FILE_ONLY___ Schedules
2026-05-07 14:15:29,397 INFO     ___FILE_ONLY___  
2026-05-07 14:15:29,398 INFO     ___FILE_ONLY___ a
2026-05-07 14:15:29,398 INFO     ___FILE_ONLY___  
2026-05-07 14:15:29,399 INFO     ___FILE_ONLY___ single
2026-05-07 14:15:29,399 INFO     ___FILE_ONLY___  
2026-05-07 14:15:29,400 INFO     ___FILE_ONLY___ instance
2026-05-07 14:15:29,400 INFO     ___FILE_ONLY___  
2026-05-07 14:15:29,401 INFO     ___FILE_ONLY___ of
2026-05-07 14:15:29,401 INFO     ___FILE_ONLY___  
2026-05-07 14:15:29,402 INFO     ___FILE_ONLY___ the
2026-05-07 14:15:29,402 INFO     ___FILE_ONLY___  
2026-05-07 14:15:29,403 INFO     ___FILE_ONLY___ Revision
2026-05-07 14:15:29,404 INFO     ___FILE_ONLY___  
2026-05-07 14:15:29,404 INFO     ___FILE_ONLY___ and
2026-05-07 14:15:29,405 INFO     ___FILE_ONLY___  
2026-05-07 14:15:29,405 INFO     ___FILE_ONLY___ waits
2026-05-07 14:15:29,406 INFO     ___FILE_ONLY___  
2026-05-07 14:15:29,406 INFO     ___FILE_ONLY___ for
2026-05-07 14:15:29,407 INFO     ___FILE_ONLY___  
2026-05-07 14:15:29,407 INFO     ___FILE_ONLY___ it
2026-05-07 14:15:29,408 INFO     ___FILE_ONLY___  
2026-05-07 14:15:29,408 INFO     ___FILE_ONLY___ to
2026-05-07 14:15:29,409 INFO     ___FILE_ONLY___  
2026-05-07 14:15:29,410 INFO     ___FILE_ONLY___ pass
2026-05-07 14:15:29,410 INFO     ___FILE_ONLY___ 

2026-05-07 14:15:29,411 INFO     ___FILE_ONLY___         
2026-05-07 14:15:29,411 INFO     ___FILE_ONLY___ its
2026-05-07 14:15:29,412 INFO     ___FILE_ONLY___  
2026-05-07 14:15:29,412 INFO     ___FILE_ONLY___ startup
2026-05-07 14:15:29,413 INFO     ___FILE_ONLY___  
2026-05-07 14:15:29,414 INFO     ___FILE_ONLY___ probe
2026-05-07 14:15:29,414 INFO     ___FILE_ONLY___  
2026-05-07 14:15:29,415 INFO     ___FILE_ONLY___ for
2026-05-07 14:15:29,416 INFO     ___FILE_ONLY___  
2026-05-07 14:15:29,416 INFO     ___FILE_ONLY___ the
2026-05-07 14:15:29,416 INFO     ___FILE_ONLY___  
2026-05-07 14:15:29,417 INFO     ___FILE_ONLY___ deployment
2026-05-07 14:15:29,417 INFO     ___FILE_ONLY___  
2026-05-07 14:15:29,418 INFO     ___FILE_ONLY___ to
2026-05-07 14:15:29,418 INFO     ___FILE_ONLY___  
2026-05-07 14:15:29,419 INFO     ___FILE_ONLY___ succeed.
2026-05-07 14:15:29,419 INFO     ___FILE_ONLY___  
2026-05-07 14:15:29,420 INFO     ___FILE_ONLY___ If
2026-05-07 14:15:29,420 INFO     ___FILE_ONLY___  
2026-05-07 14:15:29,421 INFO     ___FILE_ONLY___ disabled,
2026-05-07 14:15:29,421 INFO     ___FILE_ONLY___  
2026-05-07 14:15:29,422 INFO     ___FILE_ONLY___ the
2026-05-07 14:15:29,422 INFO     ___FILE_ONLY___ 

2026-05-07 14:15:29,423 INFO     ___FILE_ONLY___         
2026-05-07 14:15:29,423 INFO     ___FILE_ONLY___ startup
2026-05-07 14:15:29,423 INFO     ___FILE_ONLY___  
2026-05-07 14:15:29,424 INFO     ___FILE_ONLY___ probe
2026-05-07 14:15:29,424 INFO     ___FILE_ONLY___  
2026-05-07 14:15:29,425 INFO     ___FILE_ONLY___ runs
2026-05-07 14:15:29,425 INFO     ___FILE_ONLY___  
2026-05-07 14:15:29,426 INFO     ___FILE_ONLY___ only
2026-05-07 14:15:29,426 INFO     ___FILE_ONLY___  
2026-05-07 14:15:29,427 INFO     ___FILE_ONLY___ when
2026-05-07 14:15:29,427 INFO     ___FILE_ONLY___  
2026-05-07 14:15:29,428 INFO     ___FILE_ONLY___ the
2026-05-07 14:15:29,428 INFO     ___FILE_ONLY___  
2026-05-07 14:15:29,429 INFO     ___FILE_ONLY___ revision
2026-05-07 14:15:29,429 INFO     ___FILE_ONLY___  
2026-05-07 14:15:29,430 INFO     ___FILE_ONLY___ is
2026-05-07 14:15:29,432 INFO     ___FILE_ONLY___  
2026-05-07 14:15:29,433 INFO     ___FILE_ONLY___ first
2026-05-07 14:15:29,434 INFO     ___FILE_ONLY___  
2026-05-07 14:15:29,434 INFO     ___FILE_ONLY___ started
2026-05-07 14:15:29,435 INFO     ___FILE_ONLY___  
2026-05-07 14:15:29,435 INFO     ___FILE_ONLY___ via
2026-05-07 14:15:29,435 INFO     ___FILE_ONLY___ 

2026-05-07 14:15:29,436 INFO     ___FILE_ONLY___         
2026-05-07 14:15:29,436 INFO     ___FILE_ONLY___ invocation
2026-05-07 14:15:29,437 INFO     ___FILE_ONLY___  
2026-05-07 14:15:29,437 INFO     ___FILE_ONLY___ or
2026-05-07 14:15:29,438 INFO     ___FILE_ONLY___  
2026-05-07 14:15:29,439 INFO     ___FILE_ONLY___ by
2026-05-07 14:15:29,440 INFO     ___FILE_ONLY___  
2026-05-07 14:15:29,440 INFO     ___FILE_ONLY___ setting
2026-05-07 14:15:29,441 INFO     ___FILE_ONLY___  
2026-05-07 14:15:29,441 INFO     ___FILE_ONLY___ min-instances.
2026-05-07 14:15:29,442 INFO     ___FILE_ONLY___  
2026-05-07 14:15:29,442 INFO     ___FILE_ONLY___ This
2026-05-07 14:15:29,443 INFO     ___FILE_ONLY___  
2026-05-07 14:15:29,443 INFO     ___FILE_ONLY___ check
2026-05-07 14:15:29,444 INFO     ___FILE_ONLY___  
2026-05-07 14:15:29,444 INFO     ___FILE_ONLY___ is
2026-05-07 14:15:29,445 INFO     ___FILE_ONLY___  
2026-05-07 14:15:29,445 INFO     ___FILE_ONLY___ enabled
2026-05-07 14:15:29,446 INFO     ___FILE_ONLY___  
2026-05-07 14:15:29,447 INFO     ___FILE_ONLY___ by
2026-05-07 14:15:29,448 INFO     ___FILE_ONLY___ 

2026-05-07 14:15:29,449 INFO     ___FILE_ONLY___         
2026-05-07 14:15:29,450 INFO     ___FILE_ONLY___ default
2026-05-07 14:15:29,450 INFO     ___FILE_ONLY___  
2026-05-07 14:15:29,451 INFO     ___FILE_ONLY___ when
2026-05-07 14:15:29,451 INFO     ___FILE_ONLY___  
2026-05-07 14:15:29,452 INFO     ___FILE_ONLY___ unspecified.
2026-05-07 14:15:29,452 INFO     ___FILE_ONLY___  
2026-05-07 14:15:29,452 INFO     ___FILE_ONLY___ Use
2026-05-07 14:15:29,453 INFO     ___FILE_ONLY___  
2026-05-07 14:15:29,453 INFO     ___FILE_ONLY___ --deploy-health-check
2026-05-07 14:15:29,454 INFO     ___FILE_ONLY___  
2026-05-07 14:15:29,454 INFO     ___FILE_ONLY___ to
2026-05-07 14:15:29,455 INFO     ___FILE_ONLY___  
2026-05-07 14:15:29,455 INFO     ___FILE_ONLY___ enable
2026-05-07 14:15:29,456 INFO     ___FILE_ONLY___  
2026-05-07 14:15:29,456 INFO     ___FILE_ONLY___ and
2026-05-07 14:15:29,457 INFO     ___FILE_ONLY___ 

2026-05-07 14:15:29,457 INFO     ___FILE_ONLY___         
2026-05-07 14:15:29,457 INFO     ___FILE_ONLY___ --no-deploy-health-check
2026-05-07 14:15:29,458 INFO     ___FILE_ONLY___  
2026-05-07 14:15:29,458 INFO     ___FILE_ONLY___ to
2026-05-07 14:15:29,459 INFO     ___FILE_ONLY___  
2026-05-07 14:15:29,459 INFO     ___FILE_ONLY___ disable.
2026-05-07 14:15:29,460 INFO     ___FILE_ONLY___ 

2026-05-07 14:15:29,460 INFO     ___FILE_ONLY___ 

2026-05-07 14:15:29,460 INFO     ___FILE_ONLY___      --description=DESCRIPTION

2026-05-07 14:15:29,461 INFO     ___FILE_ONLY___        
2026-05-07 14:15:29,461 INFO     ___FILE_ONLY___  
2026-05-07 14:15:29,462 INFO     ___FILE_ONLY___ Provides
2026-05-07 14:15:29,463 INFO     ___FILE_ONLY___  
2026-05-07 14:15:29,463 INFO     ___FILE_ONLY___ an
2026-05-07 14:15:29,464 INFO     ___FILE_ONLY___  
2026-05-07 14:15:29,464 INFO     ___FILE_ONLY___ optional,
2026-05-07 14:15:29,465 INFO     ___FILE_ONLY___  
2026-05-07 14:15:29,465 INFO     ___FILE_ONLY___ human-readable
2026-05-07 14:15:29,466 INFO     ___FILE_ONLY___  
2026-05-07 14:15:29,466 INFO     ___FILE_ONLY___ description
2026-05-07 14:15:29,467 INFO     ___FILE_ONLY___  
2026-05-07 14:15:29,467 INFO     ___FILE_ONLY___ of
2026-05-07 14:15:29,468 INFO     ___FILE_ONLY___  
2026-05-07 14:15:29,469 INFO     ___FILE_ONLY___ the
2026-05-07 14:15:29,469 INFO     ___FILE_ONLY___  
2026-05-07 14:15:29,470 INFO     ___FILE_ONLY___ service.
2026-05-07 14:15:29,470 INFO     ___FILE_ONLY___ 

2026-05-07 14:15:29,471 INFO     ___FILE_ONLY___ 

2026-05-07 14:15:29,472 INFO     ___FILE_ONLY___      --execution-environment=EXECUTION_ENVIRONMENT

2026-05-07 14:15:29,473 INFO     ___FILE_ONLY___        
2026-05-07 14:15:29,473 INFO     ___FILE_ONLY___  
2026-05-07 14:15:29,474 INFO     ___FILE_ONLY___ Selects
2026-05-07 14:15:29,474 INFO     ___FILE_ONLY___  
2026-05-07 14:15:29,475 INFO     ___FILE_ONLY___ the
2026-05-07 14:15:29,476 INFO     ___FILE_ONLY___  
2026-05-07 14:15:29,477 INFO     ___FILE_ONLY___ execution
2026-05-07 14:15:29,477 INFO     ___FILE_ONLY___  
2026-05-07 14:15:29,478 INFO     ___FILE_ONLY___ environment
2026-05-07 14:15:29,478 INFO     ___FILE_ONLY___  
2026-05-07 14:15:29,479 INFO     ___FILE_ONLY___ where
2026-05-07 14:15:29,479 INFO     ___FILE_ONLY___  
2026-05-07 14:15:29,480 INFO     ___FILE_ONLY___ the
2026-05-07 14:15:29,481 INFO     ___FILE_ONLY___  
2026-05-07 14:15:29,481 INFO     ___FILE_ONLY___ application
2026-05-07 14:15:29,482 INFO     ___FILE_ONLY___  
2026-05-07 14:15:29,482 INFO     ___FILE_ONLY___ will
2026-05-07 14:15:29,483 INFO     ___FILE_ONLY___  
2026-05-07 14:15:29,484 INFO     ___FILE_ONLY___ run.
2026-05-07 14:15:29,484 INFO     ___FILE_ONLY___ 

2026-05-07 14:15:29,485 INFO     ___FILE_ONLY___         
2026-05-07 14:15:29,486 INFO     ___FILE_ONLY___ EXECUTION_ENVIRONMENT
2026-05-07 14:15:29,486 INFO     ___FILE_ONLY___  
2026-05-07 14:15:29,487 INFO     ___FILE_ONLY___ must
2026-05-07 14:15:29,487 INFO     ___FILE_ONLY___  
2026-05-07 14:15:29,488 INFO     ___FILE_ONLY___ be
2026-05-07 14:15:29,488 INFO     ___FILE_ONLY___  
2026-05-07 14:15:29,489 INFO     ___FILE_ONLY___ one
2026-05-07 14:15:29,489 INFO     ___FILE_ONLY___  
2026-05-07 14:15:29,490 INFO     ___FILE_ONLY___ of:
2026-05-07 14:15:29,490 INFO     ___FILE_ONLY___ 

2026-05-07 14:15:29,491 INFO     ___FILE_ONLY___ 

2026-05-07 14:15:29,491 INFO     ___FILE_ONLY___          gen1

2026-05-07 14:15:29,492 INFO     ___FILE_ONLY___            
2026-05-07 14:15:29,492 INFO     ___FILE_ONLY___  
2026-05-07 14:15:29,493 INFO     ___FILE_ONLY___ Run
2026-05-07 14:15:29,493 INFO     ___FILE_ONLY___  
2026-05-07 14:15:29,494 INFO     ___FILE_ONLY___ the
2026-05-07 14:15:29,494 INFO     ___FILE_ONLY___  
2026-05-07 14:15:29,494 INFO     ___FILE_ONLY___ application
2026-05-07 14:15:29,495 INFO     ___FILE_ONLY___  
2026-05-07 14:15:29,496 INFO     ___FILE_ONLY___ in
2026-05-07 14:15:29,496 INFO     ___FILE_ONLY___  
2026-05-07 14:15:29,497 INFO     ___FILE_ONLY___ a
2026-05-07 14:15:29,498 INFO     ___FILE_ONLY___  
2026-05-07 14:15:29,498 INFO     ___FILE_ONLY___ first
2026-05-07 14:15:29,499 INFO     ___FILE_ONLY___  
2026-05-07 14:15:29,499 INFO     ___FILE_ONLY___ generation
2026-05-07 14:15:29,500 INFO     ___FILE_ONLY___  
2026-05-07 14:15:29,500 INFO     ___FILE_ONLY___ execution
2026-05-07 14:15:29,501 INFO     ___FILE_ONLY___  
2026-05-07 14:15:29,501 INFO     ___FILE_ONLY___ environment.
2026-05-07 14:15:29,502 INFO     ___FILE_ONLY___ 

2026-05-07 14:15:29,502 INFO     ___FILE_ONLY___          gen2

2026-05-07 14:15:29,503 INFO     ___FILE_ONLY___            
2026-05-07 14:15:29,503 INFO     ___FILE_ONLY___  
2026-05-07 14:15:29,504 INFO     ___FILE_ONLY___ Run
2026-05-07 14:15:29,505 INFO     ___FILE_ONLY___  
2026-05-07 14:15:29,505 INFO     ___FILE_ONLY___ the
2026-05-07 14:15:29,506 INFO     ___FILE_ONLY___  
2026-05-07 14:15:29,506 INFO     ___FILE_ONLY___ application
2026-05-07 14:15:29,507 INFO     ___FILE_ONLY___  
2026-05-07 14:15:29,507 INFO     ___FILE_ONLY___ in
2026-05-07 14:15:29,507 INFO     ___FILE_ONLY___  
2026-05-07 14:15:29,508 INFO     ___FILE_ONLY___ a
2026-05-07 14:15:29,508 INFO     ___FILE_ONLY___  
2026-05-07 14:15:29,509 INFO     ___FILE_ONLY___ second
2026-05-07 14:15:29,510 INFO     ___FILE_ONLY___  
2026-05-07 14:15:29,511 INFO     ___FILE_ONLY___ generation
2026-05-07 14:15:29,512 INFO     ___FILE_ONLY___  
2026-05-07 14:15:29,512 INFO     ___FILE_ONLY___ execution
2026-05-07 14:15:29,513 INFO     ___FILE_ONLY___  
2026-05-07 14:15:29,514 INFO     ___FILE_ONLY___ environment.
2026-05-07 14:15:29,514 INFO     ___FILE_ONLY___ 

2026-05-07 14:15:29,515 INFO     ___FILE_ONLY___ 

2026-05-07 14:15:29,515 INFO     ___FILE_ONLY___      --gpu-type=GPU_TYPE

2026-05-07 14:15:29,516 INFO     ___FILE_ONLY___        
2026-05-07 14:15:29,516 INFO     ___FILE_ONLY___  
2026-05-07 14:15:29,517 INFO     ___FILE_ONLY___ The
2026-05-07 14:15:29,517 INFO     ___FILE_ONLY___  
2026-05-07 14:15:29,518 INFO     ___FILE_ONLY___ GPU
2026-05-07 14:15:29,518 INFO     ___FILE_ONLY___  
2026-05-07 14:15:29,519 INFO     ___FILE_ONLY___ type
2026-05-07 14:15:29,519 INFO     ___FILE_ONLY___  
2026-05-07 14:15:29,520 INFO     ___FILE_ONLY___ to
2026-05-07 14:15:29,520 INFO     ___FILE_ONLY___  
2026-05-07 14:15:29,520 INFO     ___FILE_ONLY___ use.
2026-05-07 14:15:29,521 INFO     ___FILE_ONLY___ 

2026-05-07 14:15:29,521 INFO     ___FILE_ONLY___ 

2026-05-07 14:15:29,522 INFO     ___FILE_ONLY___      --[no-]gpu-zonal-redundancy

2026-05-07 14:15:29,522 INFO     ___FILE_ONLY___        
2026-05-07 14:15:29,523 INFO     ___FILE_ONLY___  
2026-05-07 14:15:29,523 INFO     ___FILE_ONLY___ Set
2026-05-07 14:15:29,524 INFO     ___FILE_ONLY___  
2026-05-07 14:15:29,524 INFO     ___FILE_ONLY___ GPU
2026-05-07 14:15:29,525 INFO     ___FILE_ONLY___  
2026-05-07 14:15:29,525 INFO     ___FILE_ONLY___ zonal
2026-05-07 14:15:29,526 INFO     ___FILE_ONLY___  
2026-05-07 14:15:29,526 INFO     ___FILE_ONLY___ redundancy.
2026-05-07 14:15:29,526 INFO     ___FILE_ONLY___  
2026-05-07 14:15:29,527 INFO     ___FILE_ONLY___ Use
2026-05-07 14:15:29,527 INFO     ___FILE_ONLY___  
2026-05-07 14:15:29,528 INFO     ___FILE_ONLY___ --gpu-zonal-redundancy
2026-05-07 14:15:29,528 INFO     ___FILE_ONLY___  
2026-05-07 14:15:29,529 INFO     ___FILE_ONLY___ to
2026-05-07 14:15:29,529 INFO     ___FILE_ONLY___  
2026-05-07 14:15:29,530 INFO     ___FILE_ONLY___ enable
2026-05-07 14:15:29,531 INFO     ___FILE_ONLY___  
2026-05-07 14:15:29,532 INFO     ___FILE_ONLY___ and
2026-05-07 14:15:29,533 INFO     ___FILE_ONLY___ 

2026-05-07 14:15:29,533 INFO     ___FILE_ONLY___         
2026-05-07 14:15:29,534 INFO     ___FILE_ONLY___ --no-gpu-zonal-redundancy
2026-05-07 14:15:29,534 INFO     ___FILE_ONLY___  
2026-05-07 14:15:29,535 INFO     ___FILE_ONLY___ to
2026-05-07 14:15:29,535 INFO     ___FILE_ONLY___  
2026-05-07 14:15:29,536 INFO     ___FILE_ONLY___ disable.
2026-05-07 14:15:29,536 INFO     ___FILE_ONLY___ 

2026-05-07 14:15:29,537 INFO     ___FILE_ONLY___ 

2026-05-07 14:15:29,537 INFO     ___FILE_ONLY___      --[no-]iap

2026-05-07 14:15:29,538 INFO     ___FILE_ONLY___        
2026-05-07 14:15:29,538 INFO     ___FILE_ONLY___  
2026-05-07 14:15:29,539 INFO     ___FILE_ONLY___ Whether
2026-05-07 14:15:29,539 INFO     ___FILE_ONLY___  
2026-05-07 14:15:29,540 INFO     ___FILE_ONLY___ to
2026-05-07 14:15:29,540 INFO     ___FILE_ONLY___  
2026-05-07 14:15:29,540 INFO     ___FILE_ONLY___ enable
2026-05-07 14:15:29,541 INFO     ___FILE_ONLY___  
2026-05-07 14:15:29,541 INFO     ___FILE_ONLY___ IAP
2026-05-07 14:15:29,542 INFO     ___FILE_ONLY___  
2026-05-07 14:15:29,542 INFO     ___FILE_ONLY___ for
2026-05-07 14:15:29,543 INFO     ___FILE_ONLY___  
2026-05-07 14:15:29,543 INFO     ___FILE_ONLY___ the
2026-05-07 14:15:29,544 INFO     ___FILE_ONLY___  
2026-05-07 14:15:29,544 INFO     ___FILE_ONLY___ Service.
2026-05-07 14:15:29,544 INFO     ___FILE_ONLY___  
2026-05-07 14:15:29,545 INFO     ___FILE_ONLY___ Use
2026-05-07 14:15:29,545 INFO     ___FILE_ONLY___  
2026-05-07 14:15:29,546 INFO     ___FILE_ONLY___ --iap
2026-05-07 14:15:29,546 INFO     ___FILE_ONLY___  
2026-05-07 14:15:29,547 INFO     ___FILE_ONLY___ to
2026-05-07 14:15:29,548 INFO     ___FILE_ONLY___  
2026-05-07 14:15:29,548 INFO     ___FILE_ONLY___ enable
2026-05-07 14:15:29,549 INFO     ___FILE_ONLY___  
2026-05-07 14:15:29,549 INFO     ___FILE_ONLY___ and
2026-05-07 14:15:29,550 INFO     ___FILE_ONLY___  
2026-05-07 14:15:29,550 INFO     ___FILE_ONLY___ --no-iap
2026-05-07 14:15:29,551 INFO     ___FILE_ONLY___ 

2026-05-07 14:15:29,551 INFO     ___FILE_ONLY___         
2026-05-07 14:15:29,551 INFO     ___FILE_ONLY___ to
2026-05-07 14:15:29,552 INFO     ___FILE_ONLY___  
2026-05-07 14:15:29,552 INFO     ___FILE_ONLY___ disable.
2026-05-07 14:15:29,553 INFO     ___FILE_ONLY___ 

2026-05-07 14:15:29,553 INFO     ___FILE_ONLY___ 

2026-05-07 14:15:29,554 INFO     ___FILE_ONLY___      --ingress=INGRESS; default="all"

2026-05-07 14:15:29,554 INFO     ___FILE_ONLY___        
2026-05-07 14:15:29,555 INFO     ___FILE_ONLY___  
2026-05-07 14:15:29,555 INFO     ___FILE_ONLY___ Set
2026-05-07 14:15:29,556 INFO     ___FILE_ONLY___  
2026-05-07 14:15:29,557 INFO     ___FILE_ONLY___ the
2026-05-07 14:15:29,557 INFO     ___FILE_ONLY___  
2026-05-07 14:15:29,558 INFO     ___FILE_ONLY___ ingress
2026-05-07 14:15:29,558 INFO     ___FILE_ONLY___  
2026-05-07 14:15:29,559 INFO     ___FILE_ONLY___ traffic
2026-05-07 14:15:29,559 INFO     ___FILE_ONLY___  
2026-05-07 14:15:29,560 INFO     ___FILE_ONLY___ sources
2026-05-07 14:15:29,560 INFO     ___FILE_ONLY___  
2026-05-07 14:15:29,561 INFO     ___FILE_ONLY___ allowed
2026-05-07 14:15:29,561 INFO     ___FILE_ONLY___  
2026-05-07 14:15:29,562 INFO     ___FILE_ONLY___ to
2026-05-07 14:15:29,562 INFO     ___FILE_ONLY___  
2026-05-07 14:15:29,563 INFO     ___FILE_ONLY___ call
2026-05-07 14:15:29,563 INFO     ___FILE_ONLY___  
2026-05-07 14:15:29,564 INFO     ___FILE_ONLY___ the
2026-05-07 14:15:29,564 INFO     ___FILE_ONLY___  
2026-05-07 14:15:29,565 INFO     ___FILE_ONLY___ service.
2026-05-07 14:15:29,565 INFO     ___FILE_ONLY___  
2026-05-07 14:15:29,566 INFO     ___FILE_ONLY___ For
2026-05-07 14:15:29,566 INFO     ___FILE_ONLY___  
2026-05-07 14:15:29,567 INFO     ___FILE_ONLY___ Cloud
2026-05-07 14:15:29,567 INFO     ___FILE_ONLY___ 

2026-05-07 14:15:29,568 INFO     ___FILE_ONLY___         
2026-05-07 14:15:29,568 INFO     ___FILE_ONLY___ Run
2026-05-07 14:15:29,569 INFO     ___FILE_ONLY___  
2026-05-07 14:15:29,569 INFO     ___FILE_ONLY___ the
2026-05-07 14:15:29,570 INFO     ___FILE_ONLY___  
2026-05-07 14:15:29,570 INFO     ___FILE_ONLY___ --[no-]allow-unauthenticated
2026-05-07 14:15:29,570 INFO     ___FILE_ONLY___  
2026-05-07 14:15:29,571 INFO     ___FILE_ONLY___ flag
2026-05-07 14:15:29,571 INFO     ___FILE_ONLY___  
2026-05-07 14:15:29,572 INFO     ___FILE_ONLY___ separately
2026-05-07 14:15:29,572 INFO     ___FILE_ONLY___  
2026-05-07 14:15:29,573 INFO     ___FILE_ONLY___ controls
2026-05-07 14:15:29,573 INFO     ___FILE_ONLY___  
2026-05-07 14:15:29,574 INFO     ___FILE_ONLY___ the
2026-05-07 14:15:29,574 INFO     ___FILE_ONLY___ 

2026-05-07 14:15:29,575 INFO     ___FILE_ONLY___         
2026-05-07 14:15:29,575 INFO     ___FILE_ONLY___ identities
2026-05-07 14:15:29,575 INFO     ___FILE_ONLY___  
2026-05-07 14:15:29,576 INFO     ___FILE_ONLY___ allowed
2026-05-07 14:15:29,576 INFO     ___FILE_ONLY___  
2026-05-07 14:15:29,577 INFO     ___FILE_ONLY___ to
2026-05-07 14:15:29,577 INFO     ___FILE_ONLY___  
2026-05-07 14:15:29,578 INFO     ___FILE_ONLY___ call
2026-05-07 14:15:29,578 INFO     ___FILE_ONLY___  
2026-05-07 14:15:29,579 INFO     ___FILE_ONLY___ the
2026-05-07 14:15:29,579 INFO     ___FILE_ONLY___  
2026-05-07 14:15:29,581 INFO     ___FILE_ONLY___ service.
2026-05-07 14:15:29,581 INFO     ___FILE_ONLY___  
2026-05-07 14:15:29,582 INFO     ___FILE_ONLY___ INGRESS
2026-05-07 14:15:29,583 INFO     ___FILE_ONLY___  
2026-05-07 14:15:29,583 INFO     ___FILE_ONLY___ must
2026-05-07 14:15:29,584 INFO     ___FILE_ONLY___  
2026-05-07 14:15:29,584 INFO     ___FILE_ONLY___ be
2026-05-07 14:15:29,585 INFO     ___FILE_ONLY___  
2026-05-07 14:15:29,585 INFO     ___FILE_ONLY___ one
2026-05-07 14:15:29,586 INFO     ___FILE_ONLY___  
2026-05-07 14:15:29,586 INFO     ___FILE_ONLY___ of:
2026-05-07 14:15:29,587 INFO     ___FILE_ONLY___ 

2026-05-07 14:15:29,587 INFO     ___FILE_ONLY___ 

2026-05-07 14:15:29,587 INFO     ___FILE_ONLY___          all

2026-05-07 14:15:29,588 INFO     ___FILE_ONLY___            
2026-05-07 14:15:29,588 INFO     ___FILE_ONLY___  
2026-05-07 14:15:29,589 INFO     ___FILE_ONLY___ Inbound
2026-05-07 14:15:29,589 INFO     ___FILE_ONLY___  
2026-05-07 14:15:29,590 INFO     ___FILE_ONLY___ requests
2026-05-07 14:15:29,590 INFO     ___FILE_ONLY___  
2026-05-07 14:15:29,591 INFO     ___FILE_ONLY___ from
2026-05-07 14:15:29,591 INFO     ___FILE_ONLY___  
2026-05-07 14:15:29,592 INFO     ___FILE_ONLY___ all
2026-05-07 14:15:29,592 INFO     ___FILE_ONLY___  
2026-05-07 14:15:29,593 INFO     ___FILE_ONLY___ sources
2026-05-07 14:15:29,593 INFO     ___FILE_ONLY___  
2026-05-07 14:15:29,593 INFO     ___FILE_ONLY___ are
2026-05-07 14:15:29,594 INFO     ___FILE_ONLY___  
2026-05-07 14:15:29,594 INFO     ___FILE_ONLY___ allowed.
2026-05-07 14:15:29,595 INFO     ___FILE_ONLY___ 

2026-05-07 14:15:29,595 INFO     ___FILE_ONLY___          internal

2026-05-07 14:15:29,596 INFO     ___FILE_ONLY___            
2026-05-07 14:15:29,596 INFO     ___FILE_ONLY___  
2026-05-07 14:15:29,597 INFO     ___FILE_ONLY___ For
2026-05-07 14:15:29,598 INFO     ___FILE_ONLY___  
2026-05-07 14:15:29,598 INFO     ___FILE_ONLY___ Cloud
2026-05-07 14:15:29,599 INFO     ___FILE_ONLY___  
2026-05-07 14:15:29,599 INFO     ___FILE_ONLY___ Run,
2026-05-07 14:15:29,600 INFO     ___FILE_ONLY___  
2026-05-07 14:15:29,600 INFO     ___FILE_ONLY___ only
2026-05-07 14:15:29,601 INFO     ___FILE_ONLY___  
2026-05-07 14:15:29,601 INFO     ___FILE_ONLY___ inbound
2026-05-07 14:15:29,602 INFO     ___FILE_ONLY___  
2026-05-07 14:15:29,602 INFO     ___FILE_ONLY___ requests
2026-05-07 14:15:29,603 INFO     ___FILE_ONLY___  
2026-05-07 14:15:29,603 INFO     ___FILE_ONLY___ from
2026-05-07 14:15:29,604 INFO     ___FILE_ONLY___  
2026-05-07 14:15:29,605 INFO     ___FILE_ONLY___ VPC
2026-05-07 14:15:29,605 INFO     ___FILE_ONLY___  
2026-05-07 14:15:29,606 INFO     ___FILE_ONLY___ networks
2026-05-07 14:15:29,606 INFO     ___FILE_ONLY___  
2026-05-07 14:15:29,607 INFO     ___FILE_ONLY___ in
2026-05-07 14:15:29,607 INFO     ___FILE_ONLY___  
2026-05-07 14:15:29,608 INFO     ___FILE_ONLY___ the
2026-05-07 14:15:29,608 INFO     ___FILE_ONLY___  
2026-05-07 14:15:29,609 INFO     ___FILE_ONLY___ same
2026-05-07 14:15:29,609 INFO     ___FILE_ONLY___ 

2026-05-07 14:15:29,610 INFO     ___FILE_ONLY___             
2026-05-07 14:15:29,610 INFO     ___FILE_ONLY___ project
2026-05-07 14:15:29,611 INFO     ___FILE_ONLY___  
2026-05-07 14:15:29,611 INFO     ___FILE_ONLY___ or
2026-05-07 14:15:29,611 INFO     ___FILE_ONLY___  
2026-05-07 14:15:29,612 INFO     ___FILE_ONLY___ VPC
2026-05-07 14:15:29,612 INFO     ___FILE_ONLY___  
2026-05-07 14:15:29,613 INFO     ___FILE_ONLY___ Service
2026-05-07 14:15:29,614 INFO     ___FILE_ONLY___  
2026-05-07 14:15:29,615 INFO     ___FILE_ONLY___ Controls
2026-05-07 14:15:29,615 INFO     ___FILE_ONLY___  
2026-05-07 14:15:29,616 INFO     ___FILE_ONLY___ perimeter,
2026-05-07 14:15:29,616 INFO     ___FILE_ONLY___  
2026-05-07 14:15:29,616 INFO     ___FILE_ONLY___ as
2026-05-07 14:15:29,617 INFO     ___FILE_ONLY___  
2026-05-07 14:15:29,617 INFO     ___FILE_ONLY___ well
2026-05-07 14:15:29,618 INFO     ___FILE_ONLY___  
2026-05-07 14:15:29,618 INFO     ___FILE_ONLY___ as
2026-05-07 14:15:29,619 INFO     ___FILE_ONLY___  
2026-05-07 14:15:29,619 INFO     ___FILE_ONLY___ Pub/Sub
2026-05-07 14:15:29,620 INFO     ___FILE_ONLY___ 

2026-05-07 14:15:29,621 INFO     ___FILE_ONLY___             
2026-05-07 14:15:29,622 INFO     ___FILE_ONLY___ subscriptions
2026-05-07 14:15:29,622 INFO     ___FILE_ONLY___  
2026-05-07 14:15:29,623 INFO     ___FILE_ONLY___ and
2026-05-07 14:15:29,623 INFO     ___FILE_ONLY___  
2026-05-07 14:15:29,623 INFO     ___FILE_ONLY___ Eventarc
2026-05-07 14:15:29,624 INFO     ___FILE_ONLY___  
2026-05-07 14:15:29,624 INFO     ___FILE_ONLY___ events
2026-05-07 14:15:29,625 INFO     ___FILE_ONLY___  
2026-05-07 14:15:29,625 INFO     ___FILE_ONLY___ in
2026-05-07 14:15:29,626 INFO     ___FILE_ONLY___  
2026-05-07 14:15:29,626 INFO     ___FILE_ONLY___ the
2026-05-07 14:15:29,627 INFO     ___FILE_ONLY___  
2026-05-07 14:15:29,627 INFO     ___FILE_ONLY___ same
2026-05-07 14:15:29,628 INFO     ___FILE_ONLY___  
2026-05-07 14:15:29,628 INFO     ___FILE_ONLY___ project
2026-05-07 14:15:29,628 INFO     ___FILE_ONLY___  
2026-05-07 14:15:29,629 INFO     ___FILE_ONLY___ or
2026-05-07 14:15:29,629 INFO     ___FILE_ONLY___  
2026-05-07 14:15:29,630 INFO     ___FILE_ONLY___ VPC
2026-05-07 14:15:29,631 INFO     ___FILE_ONLY___ 

2026-05-07 14:15:29,632 INFO     ___FILE_ONLY___             
2026-05-07 14:15:29,633 INFO     ___FILE_ONLY___ Service
2026-05-07 14:15:29,633 INFO     ___FILE_ONLY___  
2026-05-07 14:15:29,634 INFO     ___FILE_ONLY___ Controls
2026-05-07 14:15:29,634 INFO     ___FILE_ONLY___  
2026-05-07 14:15:29,635 INFO     ___FILE_ONLY___ perimeter
2026-05-07 14:15:29,635 INFO     ___FILE_ONLY___  
2026-05-07 14:15:29,636 INFO     ___FILE_ONLY___ are
2026-05-07 14:15:29,636 INFO     ___FILE_ONLY___  
2026-05-07 14:15:29,637 INFO     ___FILE_ONLY___ allowed.
2026-05-07 14:15:29,637 INFO     ___FILE_ONLY___  
2026-05-07 14:15:29,638 INFO     ___FILE_ONLY___ All
2026-05-07 14:15:29,638 INFO     ___FILE_ONLY___  
2026-05-07 14:15:29,638 INFO     ___FILE_ONLY___ other
2026-05-07 14:15:29,639 INFO     ___FILE_ONLY___  
2026-05-07 14:15:29,639 INFO     ___FILE_ONLY___ requests
2026-05-07 14:15:29,640 INFO     ___FILE_ONLY___  
2026-05-07 14:15:29,640 INFO     ___FILE_ONLY___ are
2026-05-07 14:15:29,641 INFO     ___FILE_ONLY___ 

2026-05-07 14:15:29,641 INFO     ___FILE_ONLY___             
2026-05-07 14:15:29,642 INFO     ___FILE_ONLY___ rejected.
2026-05-07 14:15:29,642 INFO     ___FILE_ONLY___  
2026-05-07 14:15:29,643 INFO     ___FILE_ONLY___ See
2026-05-07 14:15:29,643 INFO     ___FILE_ONLY___  
2026-05-07 14:15:29,644 INFO     ___FILE_ONLY___ https://cloud.google.com/run/docs/securing/ingress
2026-05-07 14:15:29,644 INFO     ___FILE_ONLY___ 

2026-05-07 14:15:29,644 INFO     ___FILE_ONLY___             
2026-05-07 14:15:29,645 INFO     ___FILE_ONLY___ for
2026-05-07 14:15:29,645 INFO     ___FILE_ONLY___  
2026-05-07 14:15:29,646 INFO     ___FILE_ONLY___ full
2026-05-07 14:15:29,646 INFO     ___FILE_ONLY___  
2026-05-07 14:15:29,647 INFO     ___FILE_ONLY___ details
2026-05-07 14:15:29,648 INFO     ___FILE_ONLY___  
2026-05-07 14:15:29,648 INFO     ___FILE_ONLY___ on
2026-05-07 14:15:29,649 INFO     ___FILE_ONLY___  
2026-05-07 14:15:29,649 INFO     ___FILE_ONLY___ the
2026-05-07 14:15:29,650 INFO     ___FILE_ONLY___  
2026-05-07 14:15:29,650 INFO     ___FILE_ONLY___ definition
2026-05-07 14:15:29,651 INFO     ___FILE_ONLY___  
2026-05-07 14:15:29,651 INFO     ___FILE_ONLY___ of
2026-05-07 14:15:29,652 INFO     ___FILE_ONLY___  
2026-05-07 14:15:29,652 INFO     ___FILE_ONLY___ internal
2026-05-07 14:15:29,653 INFO     ___FILE_ONLY___  
2026-05-07 14:15:29,653 INFO     ___FILE_ONLY___ traffic
2026-05-07 14:15:29,654 INFO     ___FILE_ONLY___  
2026-05-07 14:15:29,654 INFO     ___FILE_ONLY___ for
2026-05-07 14:15:29,654 INFO     ___FILE_ONLY___  
2026-05-07 14:15:29,655 INFO     ___FILE_ONLY___ Cloud
2026-05-07 14:15:29,655 INFO     ___FILE_ONLY___ 

2026-05-07 14:15:29,656 INFO     ___FILE_ONLY___             
2026-05-07 14:15:29,657 INFO     ___FILE_ONLY___ Run.
2026-05-07 14:15:29,658 INFO     ___FILE_ONLY___ 

2026-05-07 14:15:29,658 INFO     ___FILE_ONLY___ 

2026-05-07 14:15:29,659 INFO     ___FILE_ONLY___          internal-and-cloud-load-balancing

2026-05-07 14:15:29,659 INFO     ___FILE_ONLY___            
2026-05-07 14:15:29,660 INFO     ___FILE_ONLY___  
2026-05-07 14:15:29,660 INFO     ___FILE_ONLY___ Only
2026-05-07 14:15:29,660 INFO     ___FILE_ONLY___  
2026-05-07 14:15:29,661 INFO     ___FILE_ONLY___ inbound
2026-05-07 14:15:29,662 INFO     ___FILE_ONLY___  
2026-05-07 14:15:29,662 INFO     ___FILE_ONLY___ requests
2026-05-07 14:15:29,662 INFO     ___FILE_ONLY___  
2026-05-07 14:15:29,663 INFO     ___FILE_ONLY___ from
2026-05-07 14:15:29,664 INFO     ___FILE_ONLY___  
2026-05-07 14:15:29,665 INFO     ___FILE_ONLY___ Google
2026-05-07 14:15:29,665 INFO     ___FILE_ONLY___  
2026-05-07 14:15:29,666 INFO     ___FILE_ONLY___ Cloud
2026-05-07 14:15:29,666 INFO     ___FILE_ONLY___  
2026-05-07 14:15:29,666 INFO     ___FILE_ONLY___ Load
2026-05-07 14:15:29,667 INFO     ___FILE_ONLY___  
2026-05-07 14:15:29,667 INFO     ___FILE_ONLY___ Balancing
2026-05-07 14:15:29,668 INFO     ___FILE_ONLY___  
2026-05-07 14:15:29,668 INFO     ___FILE_ONLY___ or
2026-05-07 14:15:29,669 INFO     ___FILE_ONLY___  
2026-05-07 14:15:29,669 INFO     ___FILE_ONLY___ a
2026-05-07 14:15:29,670 INFO     ___FILE_ONLY___  
2026-05-07 14:15:29,670 INFO     ___FILE_ONLY___ traffic
2026-05-07 14:15:29,670 INFO     ___FILE_ONLY___ 

2026-05-07 14:15:29,671 INFO     ___FILE_ONLY___             
2026-05-07 14:15:29,671 INFO     ___FILE_ONLY___ source
2026-05-07 14:15:29,676 INFO     ___FILE_ONLY___  
2026-05-07 14:15:29,678 INFO     ___FILE_ONLY___ allowed
2026-05-07 14:15:29,679 INFO     ___FILE_ONLY___  
2026-05-07 14:15:29,682 INFO     ___FILE_ONLY___ by
2026-05-07 14:15:29,683 INFO     ___FILE_ONLY___  
2026-05-07 14:15:29,684 INFO     ___FILE_ONLY___ the
2026-05-07 14:15:29,684 INFO     ___FILE_ONLY___  
2026-05-07 14:15:29,685 INFO     ___FILE_ONLY___ internal
2026-05-07 14:15:29,686 INFO     ___FILE_ONLY___  
2026-05-07 14:15:29,686 INFO     ___FILE_ONLY___ option
2026-05-07 14:15:29,687 INFO     ___FILE_ONLY___  
2026-05-07 14:15:29,688 INFO     ___FILE_ONLY___ are
2026-05-07 14:15:29,689 INFO     ___FILE_ONLY___  
2026-05-07 14:15:29,691 INFO     ___FILE_ONLY___ allowed.
2026-05-07 14:15:29,692 INFO     ___FILE_ONLY___ 

2026-05-07 14:15:29,693 INFO     ___FILE_ONLY___ 

2026-05-07 14:15:29,693 INFO     ___FILE_ONLY___      --[no-]invoker-iam-check

2026-05-07 14:15:29,694 INFO     ___FILE_ONLY___        
2026-05-07 14:15:29,695 INFO     ___FILE_ONLY___  
2026-05-07 14:15:29,695 INFO     ___FILE_ONLY___ Optionally
2026-05-07 14:15:29,696 INFO     ___FILE_ONLY___  
2026-05-07 14:15:29,698 INFO     ___FILE_ONLY___ disable
2026-05-07 14:15:29,698 INFO     ___FILE_ONLY___  
2026-05-07 14:15:29,699 INFO     ___FILE_ONLY___ invoker
2026-05-07 14:15:29,700 INFO     ___FILE_ONLY___  
2026-05-07 14:15:29,701 INFO     ___FILE_ONLY___ IAM
2026-05-07 14:15:29,702 INFO     ___FILE_ONLY___  
2026-05-07 14:15:29,703 INFO     ___FILE_ONLY___ checks.
2026-05-07 14:15:29,704 INFO     ___FILE_ONLY___  
2026-05-07 14:15:29,704 INFO     ___FILE_ONLY___ More
2026-05-07 14:15:29,705 INFO     ___FILE_ONLY___  
2026-05-07 14:15:29,705 INFO     ___FILE_ONLY___ info
2026-05-07 14:15:29,706 INFO     ___FILE_ONLY___  
2026-05-07 14:15:29,706 INFO     ___FILE_ONLY___ at
2026-05-07 14:15:29,707 INFO     ___FILE_ONLY___ 

2026-05-07 14:15:29,707 INFO     ___FILE_ONLY___         
2026-05-07 14:15:29,708 INFO     ___FILE_ONLY___ https://cloud.google.com/run/docs/securing/managing-access#invoker_check.
2026-05-07 14:15:29,708 INFO     ___FILE_ONLY___ 

2026-05-07 14:15:29,709 INFO     ___FILE_ONLY___         
2026-05-07 14:15:29,710 INFO     ___FILE_ONLY___ Use
2026-05-07 14:15:29,710 INFO     ___FILE_ONLY___  
2026-05-07 14:15:29,711 INFO     ___FILE_ONLY___ --invoker-iam-check
2026-05-07 14:15:29,711 INFO     ___FILE_ONLY___  
2026-05-07 14:15:29,712 INFO     ___FILE_ONLY___ to
2026-05-07 14:15:29,712 INFO     ___FILE_ONLY___  
2026-05-07 14:15:29,713 INFO     ___FILE_ONLY___ enable
2026-05-07 14:15:29,714 INFO     ___FILE_ONLY___  
2026-05-07 14:15:29,715 INFO     ___FILE_ONLY___ and
2026-05-07 14:15:29,715 INFO     ___FILE_ONLY___  
2026-05-07 14:15:29,716 INFO     ___FILE_ONLY___ --no-invoker-iam-check
2026-05-07 14:15:29,716 INFO     ___FILE_ONLY___  
2026-05-07 14:15:29,717 INFO     ___FILE_ONLY___ to
2026-05-07 14:15:29,717 INFO     ___FILE_ONLY___ 

2026-05-07 14:15:29,718 INFO     ___FILE_ONLY___         
2026-05-07 14:15:29,718 INFO     ___FILE_ONLY___ disable.
2026-05-07 14:15:29,719 INFO     ___FILE_ONLY___ 

2026-05-07 14:15:29,719 INFO     ___FILE_ONLY___ 

2026-05-07 14:15:29,720 INFO     ___FILE_ONLY___      --max=MAX

2026-05-07 14:15:29,720 INFO     ___FILE_ONLY___        
2026-05-07 14:15:29,721 INFO     ___FILE_ONLY___  
2026-05-07 14:15:29,721 INFO     ___FILE_ONLY___ The
2026-05-07 14:15:29,722 INFO     ___FILE_ONLY___  
2026-05-07 14:15:29,722 INFO     ___FILE_ONLY___ maximum
2026-05-07 14:15:29,723 INFO     ___FILE_ONLY___  
2026-05-07 14:15:29,723 INFO     ___FILE_ONLY___ number
2026-05-07 14:15:29,724 INFO     ___FILE_ONLY___  
2026-05-07 14:15:29,724 INFO     ___FILE_ONLY___ of
2026-05-07 14:15:29,725 INFO     ___FILE_ONLY___  
2026-05-07 14:15:29,725 INFO     ___FILE_ONLY___ container
2026-05-07 14:15:29,726 INFO     ___FILE_ONLY___  
2026-05-07 14:15:29,726 INFO     ___FILE_ONLY___ instances
2026-05-07 14:15:29,727 INFO     ___FILE_ONLY___  
2026-05-07 14:15:29,727 INFO     ___FILE_ONLY___ to
2026-05-07 14:15:29,728 INFO     ___FILE_ONLY___  
2026-05-07 14:15:29,728 INFO     ___FILE_ONLY___ run
2026-05-07 14:15:29,729 INFO     ___FILE_ONLY___  
2026-05-07 14:15:29,729 INFO     ___FILE_ONLY___ for
2026-05-07 14:15:29,730 INFO     ___FILE_ONLY___  
2026-05-07 14:15:29,730 INFO     ___FILE_ONLY___ this
2026-05-07 14:15:29,732 INFO     ___FILE_ONLY___  
2026-05-07 14:15:29,732 INFO     ___FILE_ONLY___ Service.
2026-05-07 14:15:29,733 INFO     ___FILE_ONLY___  
2026-05-07 14:15:29,733 INFO     ___FILE_ONLY___ This
2026-05-07 14:15:29,734 INFO     ___FILE_ONLY___ 

2026-05-07 14:15:29,734 INFO     ___FILE_ONLY___         
2026-05-07 14:15:29,735 INFO     ___FILE_ONLY___ instance
2026-05-07 14:15:29,736 INFO     ___FILE_ONLY___  
2026-05-07 14:15:29,736 INFO     ___FILE_ONLY___ limit
2026-05-07 14:15:29,737 INFO     ___FILE_ONLY___  
2026-05-07 14:15:29,737 INFO     ___FILE_ONLY___ will
2026-05-07 14:15:29,738 INFO     ___FILE_ONLY___  
2026-05-07 14:15:29,739 INFO     ___FILE_ONLY___ be
2026-05-07 14:15:29,739 INFO     ___FILE_ONLY___  
2026-05-07 14:15:29,740 INFO     ___FILE_ONLY___ divided
2026-05-07 14:15:29,740 INFO     ___FILE_ONLY___  
2026-05-07 14:15:29,741 INFO     ___FILE_ONLY___ among
2026-05-07 14:15:29,741 INFO     ___FILE_ONLY___  
2026-05-07 14:15:29,741 INFO     ___FILE_ONLY___ all
2026-05-07 14:15:29,742 INFO     ___FILE_ONLY___  
2026-05-07 14:15:29,742 INFO     ___FILE_ONLY___ Revisions
2026-05-07 14:15:29,743 INFO     ___FILE_ONLY___  
2026-05-07 14:15:29,743 INFO     ___FILE_ONLY___ receiving
2026-05-07 14:15:29,744 INFO     ___FILE_ONLY___  
2026-05-07 14:15:29,744 INFO     ___FILE_ONLY___ a
2026-05-07 14:15:29,745 INFO     ___FILE_ONLY___ 

2026-05-07 14:15:29,745 INFO     ___FILE_ONLY___         
2026-05-07 14:15:29,746 INFO     ___FILE_ONLY___ percentage
2026-05-07 14:15:29,746 INFO     ___FILE_ONLY___  
2026-05-07 14:15:29,747 INFO     ___FILE_ONLY___ of
2026-05-07 14:15:29,748 INFO     ___FILE_ONLY___  
2026-05-07 14:15:29,748 INFO     ___FILE_ONLY___ traffic
2026-05-07 14:15:29,749 INFO     ___FILE_ONLY___  
2026-05-07 14:15:29,749 INFO     ___FILE_ONLY___ and
2026-05-07 14:15:29,750 INFO     ___FILE_ONLY___  
2026-05-07 14:15:29,750 INFO     ___FILE_ONLY___ can
2026-05-07 14:15:29,751 INFO     ___FILE_ONLY___  
2026-05-07 14:15:29,751 INFO     ___FILE_ONLY___ be
2026-05-07 14:15:29,752 INFO     ___FILE_ONLY___  
2026-05-07 14:15:29,752 INFO     ___FILE_ONLY___ modified
2026-05-07 14:15:29,752 INFO     ___FILE_ONLY___  
2026-05-07 14:15:29,753 INFO     ___FILE_ONLY___ without
2026-05-07 14:15:29,753 INFO     ___FILE_ONLY___  
2026-05-07 14:15:29,754 INFO     ___FILE_ONLY___ deploying
2026-05-07 14:15:29,754 INFO     ___FILE_ONLY___  
2026-05-07 14:15:29,755 INFO     ___FILE_ONLY___ a
2026-05-07 14:15:29,755 INFO     ___FILE_ONLY___  
2026-05-07 14:15:29,756 INFO     ___FILE_ONLY___ new
2026-05-07 14:15:29,756 INFO     ___FILE_ONLY___ 

2026-05-07 14:15:29,757 INFO     ___FILE_ONLY___         
2026-05-07 14:15:29,757 INFO     ___FILE_ONLY___ Revision.
2026-05-07 14:15:29,758 INFO     ___FILE_ONLY___ 

2026-05-07 14:15:29,758 INFO     ___FILE_ONLY___ 

2026-05-07 14:15:29,759 INFO     ___FILE_ONLY___      --max-instances=MAX_INSTANCES

2026-05-07 14:15:29,760 INFO     ___FILE_ONLY___        
2026-05-07 14:15:29,761 INFO     ___FILE_ONLY___  
2026-05-07 14:15:29,761 INFO     ___FILE_ONLY___ The
2026-05-07 14:15:29,762 INFO     ___FILE_ONLY___  
2026-05-07 14:15:29,762 INFO     ___FILE_ONLY___ maximum
2026-05-07 14:15:29,763 INFO     ___FILE_ONLY___  
2026-05-07 14:15:29,764 INFO     ___FILE_ONLY___ number
2026-05-07 14:15:29,765 INFO     ___FILE_ONLY___  
2026-05-07 14:15:29,766 INFO     ___FILE_ONLY___ of
2026-05-07 14:15:29,767 INFO     ___FILE_ONLY___  
2026-05-07 14:15:29,767 INFO     ___FILE_ONLY___ container
2026-05-07 14:15:29,768 INFO     ___FILE_ONLY___  
2026-05-07 14:15:29,768 INFO     ___FILE_ONLY___ instances
2026-05-07 14:15:29,769 INFO     ___FILE_ONLY___  
2026-05-07 14:15:29,769 INFO     ___FILE_ONLY___ for
2026-05-07 14:15:29,770 INFO     ___FILE_ONLY___  
2026-05-07 14:15:29,770 INFO     ___FILE_ONLY___ this
2026-05-07 14:15:29,771 INFO     ___FILE_ONLY___  
2026-05-07 14:15:29,771 INFO     ___FILE_ONLY___ Revision
2026-05-07 14:15:29,772 INFO     ___FILE_ONLY___  
2026-05-07 14:15:29,772 INFO     ___FILE_ONLY___ to
2026-05-07 14:15:29,773 INFO     ___FILE_ONLY___  
2026-05-07 14:15:29,773 INFO     ___FILE_ONLY___ run
2026-05-07 14:15:29,774 INFO     ___FILE_ONLY___  
2026-05-07 14:15:29,774 INFO     ___FILE_ONLY___ or
2026-05-07 14:15:29,775 INFO     ___FILE_ONLY___ 

2026-05-07 14:15:29,775 INFO     ___FILE_ONLY___         
2026-05-07 14:15:29,775 INFO     ___FILE_ONLY___ 'default'
2026-05-07 14:15:29,776 INFO     ___FILE_ONLY___  
2026-05-07 14:15:29,777 INFO     ___FILE_ONLY___ to
2026-05-07 14:15:29,777 INFO     ___FILE_ONLY___  
2026-05-07 14:15:29,778 INFO     ___FILE_ONLY___ remove.
2026-05-07 14:15:29,779 INFO     ___FILE_ONLY___  
2026-05-07 14:15:29,780 INFO     ___FILE_ONLY___ This
2026-05-07 14:15:29,780 INFO     ___FILE_ONLY___  
2026-05-07 14:15:29,781 INFO     ___FILE_ONLY___ setting
2026-05-07 14:15:29,781 INFO     ___FILE_ONLY___  
2026-05-07 14:15:29,782 INFO     ___FILE_ONLY___ is
2026-05-07 14:15:29,782 INFO     ___FILE_ONLY___  
2026-05-07 14:15:29,783 INFO     ___FILE_ONLY___ immutably
2026-05-07 14:15:29,783 INFO     ___FILE_ONLY___  
2026-05-07 14:15:29,784 INFO     ___FILE_ONLY___ set
2026-05-07 14:15:29,784 INFO     ___FILE_ONLY___  
2026-05-07 14:15:29,785 INFO     ___FILE_ONLY___ on
2026-05-07 14:15:29,785 INFO     ___FILE_ONLY___  
2026-05-07 14:15:29,786 INFO     ___FILE_ONLY___ each
2026-05-07 14:15:29,786 INFO     ___FILE_ONLY___  
2026-05-07 14:15:29,786 INFO     ___FILE_ONLY___ new
2026-05-07 14:15:29,787 INFO     ___FILE_ONLY___  
2026-05-07 14:15:29,787 INFO     ___FILE_ONLY___ Revision
2026-05-07 14:15:29,788 INFO     ___FILE_ONLY___ 

2026-05-07 14:15:29,788 INFO     ___FILE_ONLY___         
2026-05-07 14:15:29,789 INFO     ___FILE_ONLY___ and
2026-05-07 14:15:29,789 INFO     ___FILE_ONLY___  
2026-05-07 14:15:29,790 INFO     ___FILE_ONLY___ modifying
2026-05-07 14:15:29,790 INFO     ___FILE_ONLY___  
2026-05-07 14:15:29,791 INFO     ___FILE_ONLY___ its
2026-05-07 14:15:29,791 INFO     ___FILE_ONLY___  
2026-05-07 14:15:29,792 INFO     ___FILE_ONLY___ value
2026-05-07 14:15:29,792 INFO     ___FILE_ONLY___  
2026-05-07 14:15:29,793 INFO     ___FILE_ONLY___ will
2026-05-07 14:15:29,793 INFO     ___FILE_ONLY___  
2026-05-07 14:15:29,794 INFO     ___FILE_ONLY___ deploy
2026-05-07 14:15:29,795 INFO     ___FILE_ONLY___  
2026-05-07 14:15:29,796 INFO     ___FILE_ONLY___ another
2026-05-07 14:15:29,798 INFO     ___FILE_ONLY___  
2026-05-07 14:15:29,799 INFO     ___FILE_ONLY___ Revision.
2026-05-07 14:15:29,800 INFO     ___FILE_ONLY___ 

2026-05-07 14:15:29,800 INFO     ___FILE_ONLY___ 

2026-05-07 14:15:29,801 INFO     ___FILE_ONLY___      --min=MIN

2026-05-07 14:15:29,801 INFO     ___FILE_ONLY___        
2026-05-07 14:15:29,802 INFO     ___FILE_ONLY___  
2026-05-07 14:15:29,802 INFO     ___FILE_ONLY___ The
2026-05-07 14:15:29,803 INFO     ___FILE_ONLY___  
2026-05-07 14:15:29,804 INFO     ___FILE_ONLY___ minimum
2026-05-07 14:15:29,804 INFO     ___FILE_ONLY___  
2026-05-07 14:15:29,805 INFO     ___FILE_ONLY___ number
2026-05-07 14:15:29,805 INFO     ___FILE_ONLY___  
2026-05-07 14:15:29,806 INFO     ___FILE_ONLY___ of
2026-05-07 14:15:29,806 INFO     ___FILE_ONLY___  
2026-05-07 14:15:29,807 INFO     ___FILE_ONLY___ container
2026-05-07 14:15:29,807 INFO     ___FILE_ONLY___  
2026-05-07 14:15:29,808 INFO     ___FILE_ONLY___ instances
2026-05-07 14:15:29,808 INFO     ___FILE_ONLY___  
2026-05-07 14:15:29,809 INFO     ___FILE_ONLY___ to
2026-05-07 14:15:29,809 INFO     ___FILE_ONLY___  
2026-05-07 14:15:29,810 INFO     ___FILE_ONLY___ run
2026-05-07 14:15:29,810 INFO     ___FILE_ONLY___  
2026-05-07 14:15:29,811 INFO     ___FILE_ONLY___ for
2026-05-07 14:15:29,811 INFO     ___FILE_ONLY___  
2026-05-07 14:15:29,812 INFO     ___FILE_ONLY___ this
2026-05-07 14:15:29,812 INFO     ___FILE_ONLY___  
2026-05-07 14:15:29,813 INFO     ___FILE_ONLY___ Service
2026-05-07 14:15:29,814 INFO     ___FILE_ONLY___  
2026-05-07 14:15:29,816 INFO     ___FILE_ONLY___ or
2026-05-07 14:15:29,816 INFO     ___FILE_ONLY___ 

2026-05-07 14:15:29,817 INFO     ___FILE_ONLY___         
2026-05-07 14:15:29,818 INFO     ___FILE_ONLY___ 'default'
2026-05-07 14:15:29,818 INFO     ___FILE_ONLY___  
2026-05-07 14:15:29,819 INFO     ___FILE_ONLY___ to
2026-05-07 14:15:29,819 INFO     ___FILE_ONLY___  
2026-05-07 14:15:29,820 INFO     ___FILE_ONLY___ remove.
2026-05-07 14:15:29,820 INFO     ___FILE_ONLY___  
2026-05-07 14:15:29,821 INFO     ___FILE_ONLY___ These
2026-05-07 14:15:29,822 INFO     ___FILE_ONLY___  
2026-05-07 14:15:29,822 INFO     ___FILE_ONLY___ instances
2026-05-07 14:15:29,823 INFO     ___FILE_ONLY___  
2026-05-07 14:15:29,823 INFO     ___FILE_ONLY___ will
2026-05-07 14:15:29,824 INFO     ___FILE_ONLY___  
2026-05-07 14:15:29,824 INFO     ___FILE_ONLY___ be
2026-05-07 14:15:29,825 INFO     ___FILE_ONLY___  
2026-05-07 14:15:29,825 INFO     ___FILE_ONLY___ divided
2026-05-07 14:15:29,826 INFO     ___FILE_ONLY___  
2026-05-07 14:15:29,827 INFO     ___FILE_ONLY___ among
2026-05-07 14:15:29,827 INFO     ___FILE_ONLY___  
2026-05-07 14:15:29,827 INFO     ___FILE_ONLY___ all
2026-05-07 14:15:29,828 INFO     ___FILE_ONLY___ 

2026-05-07 14:15:29,830 INFO     ___FILE_ONLY___         
2026-05-07 14:15:29,831 INFO     ___FILE_ONLY___ Revisions
2026-05-07 14:15:29,832 INFO     ___FILE_ONLY___  
2026-05-07 14:15:29,833 INFO     ___FILE_ONLY___ receiving
2026-05-07 14:15:29,834 INFO     ___FILE_ONLY___  
2026-05-07 14:15:29,835 INFO     ___FILE_ONLY___ a
2026-05-07 14:15:29,836 INFO     ___FILE_ONLY___  
2026-05-07 14:15:29,837 INFO     ___FILE_ONLY___ percentage
2026-05-07 14:15:29,838 INFO     ___FILE_ONLY___  
2026-05-07 14:15:29,839 INFO     ___FILE_ONLY___ of
2026-05-07 14:15:29,839 INFO     ___FILE_ONLY___  
2026-05-07 14:15:29,840 INFO     ___FILE_ONLY___ traffic
2026-05-07 14:15:29,841 INFO     ___FILE_ONLY___  
2026-05-07 14:15:29,842 INFO     ___FILE_ONLY___ and
2026-05-07 14:15:29,842 INFO     ___FILE_ONLY___  
2026-05-07 14:15:29,843 INFO     ___FILE_ONLY___ can
2026-05-07 14:15:29,844 INFO     ___FILE_ONLY___  
2026-05-07 14:15:29,844 INFO     ___FILE_ONLY___ be
2026-05-07 14:15:29,845 INFO     ___FILE_ONLY___  
2026-05-07 14:15:29,846 INFO     ___FILE_ONLY___ modified
2026-05-07 14:15:29,846 INFO     ___FILE_ONLY___  
2026-05-07 14:15:29,847 INFO     ___FILE_ONLY___ without
2026-05-07 14:15:29,848 INFO     ___FILE_ONLY___ 

2026-05-07 14:15:29,849 INFO     ___FILE_ONLY___         
2026-05-07 14:15:29,849 INFO     ___FILE_ONLY___ deploying
2026-05-07 14:15:29,850 INFO     ___FILE_ONLY___  
2026-05-07 14:15:29,851 INFO     ___FILE_ONLY___ a
2026-05-07 14:15:29,852 INFO     ___FILE_ONLY___  
2026-05-07 14:15:29,852 INFO     ___FILE_ONLY___ new
2026-05-07 14:15:29,853 INFO     ___FILE_ONLY___  
2026-05-07 14:15:29,853 INFO     ___FILE_ONLY___ Revision.
2026-05-07 14:15:29,854 INFO     ___FILE_ONLY___ 

2026-05-07 14:15:29,855 INFO     ___FILE_ONLY___ 

2026-05-07 14:15:29,855 INFO     ___FILE_ONLY___      --min-instances=MIN_INSTANCES

2026-05-07 14:15:29,856 INFO     ___FILE_ONLY___        
2026-05-07 14:15:29,856 INFO     ___FILE_ONLY___  
2026-05-07 14:15:29,857 INFO     ___FILE_ONLY___ The
2026-05-07 14:15:29,858 INFO     ___FILE_ONLY___  
2026-05-07 14:15:29,859 INFO     ___FILE_ONLY___ minimum
2026-05-07 14:15:29,861 INFO     ___FILE_ONLY___  
2026-05-07 14:15:29,861 INFO     ___FILE_ONLY___ number
2026-05-07 14:15:29,862 INFO     ___FILE_ONLY___  
2026-05-07 14:15:29,862 INFO     ___FILE_ONLY___ of
2026-05-07 14:15:29,863 INFO     ___FILE_ONLY___  
2026-05-07 14:15:29,864 INFO     ___FILE_ONLY___ container
2026-05-07 14:15:29,865 INFO     ___FILE_ONLY___  
2026-05-07 14:15:29,865 INFO     ___FILE_ONLY___ instances
2026-05-07 14:15:29,866 INFO     ___FILE_ONLY___  
2026-05-07 14:15:29,867 INFO     ___FILE_ONLY___ to
2026-05-07 14:15:29,867 INFO     ___FILE_ONLY___  
2026-05-07 14:15:29,868 INFO     ___FILE_ONLY___ run
2026-05-07 14:15:29,868 INFO     ___FILE_ONLY___  
2026-05-07 14:15:29,869 INFO     ___FILE_ONLY___ for
2026-05-07 14:15:29,869 INFO     ___FILE_ONLY___  
2026-05-07 14:15:29,870 INFO     ___FILE_ONLY___ this
2026-05-07 14:15:29,870 INFO     ___FILE_ONLY___  
2026-05-07 14:15:29,871 INFO     ___FILE_ONLY___ Revision
2026-05-07 14:15:29,871 INFO     ___FILE_ONLY___  
2026-05-07 14:15:29,872 INFO     ___FILE_ONLY___ or
2026-05-07 14:15:29,873 INFO     ___FILE_ONLY___ 

2026-05-07 14:15:29,873 INFO     ___FILE_ONLY___         
2026-05-07 14:15:29,874 INFO     ___FILE_ONLY___ 'default'
2026-05-07 14:15:29,874 INFO     ___FILE_ONLY___  
2026-05-07 14:15:29,875 INFO     ___FILE_ONLY___ to
2026-05-07 14:15:29,875 INFO     ___FILE_ONLY___  
2026-05-07 14:15:29,876 INFO     ___FILE_ONLY___ remove.
2026-05-07 14:15:29,876 INFO     ___FILE_ONLY___  
2026-05-07 14:15:29,877 INFO     ___FILE_ONLY___ This
2026-05-07 14:15:29,877 INFO     ___FILE_ONLY___  
2026-05-07 14:15:29,878 INFO     ___FILE_ONLY___ setting
2026-05-07 14:15:29,878 INFO     ___FILE_ONLY___  
2026-05-07 14:15:29,879 INFO     ___FILE_ONLY___ is
2026-05-07 14:15:29,880 INFO     ___FILE_ONLY___  
2026-05-07 14:15:29,881 INFO     ___FILE_ONLY___ immutably
2026-05-07 14:15:29,881 INFO     ___FILE_ONLY___  
2026-05-07 14:15:29,882 INFO     ___FILE_ONLY___ set
2026-05-07 14:15:29,883 INFO     ___FILE_ONLY___  
2026-05-07 14:15:29,884 INFO     ___FILE_ONLY___ on
2026-05-07 14:15:29,885 INFO     ___FILE_ONLY___  
2026-05-07 14:15:29,885 INFO     ___FILE_ONLY___ each
2026-05-07 14:15:29,886 INFO     ___FILE_ONLY___  
2026-05-07 14:15:29,887 INFO     ___FILE_ONLY___ new
2026-05-07 14:15:29,887 INFO     ___FILE_ONLY___  
2026-05-07 14:15:29,888 INFO     ___FILE_ONLY___ Revision
2026-05-07 14:15:29,888 INFO     ___FILE_ONLY___ 

2026-05-07 14:15:29,889 INFO     ___FILE_ONLY___         
2026-05-07 14:15:29,889 INFO     ___FILE_ONLY___ and
2026-05-07 14:15:29,890 INFO     ___FILE_ONLY___  
2026-05-07 14:15:29,890 INFO     ___FILE_ONLY___ modifying
2026-05-07 14:15:29,891 INFO     ___FILE_ONLY___  
2026-05-07 14:15:29,891 INFO     ___FILE_ONLY___ its
2026-05-07 14:15:29,892 INFO     ___FILE_ONLY___  
2026-05-07 14:15:29,892 INFO     ___FILE_ONLY___ value
2026-05-07 14:15:29,893 INFO     ___FILE_ONLY___  
2026-05-07 14:15:29,893 INFO     ___FILE_ONLY___ will
2026-05-07 14:15:29,894 INFO     ___FILE_ONLY___  
2026-05-07 14:15:29,894 INFO     ___FILE_ONLY___ deploy
2026-05-07 14:15:29,895 INFO     ___FILE_ONLY___  
2026-05-07 14:15:29,896 INFO     ___FILE_ONLY___ a
2026-05-07 14:15:29,896 INFO     ___FILE_ONLY___  
2026-05-07 14:15:29,897 INFO     ___FILE_ONLY___ another
2026-05-07 14:15:29,898 INFO     ___FILE_ONLY___  
2026-05-07 14:15:29,899 INFO     ___FILE_ONLY___ Revision.
2026-05-07 14:15:29,899 INFO     ___FILE_ONLY___  
2026-05-07 14:15:29,900 INFO     ___FILE_ONLY___ Consider
2026-05-07 14:15:29,900 INFO     ___FILE_ONLY___  
2026-05-07 14:15:29,901 INFO     ___FILE_ONLY___ using
2026-05-07 14:15:29,901 INFO     ___FILE_ONLY___ 

2026-05-07 14:15:29,902 INFO     ___FILE_ONLY___         
2026-05-07 14:15:29,902 INFO     ___FILE_ONLY___ --min
2026-05-07 14:15:29,903 INFO     ___FILE_ONLY___  
2026-05-07 14:15:29,903 INFO     ___FILE_ONLY___ to
2026-05-07 14:15:29,904 INFO     ___FILE_ONLY___  
2026-05-07 14:15:29,904 INFO     ___FILE_ONLY___ set
2026-05-07 14:15:29,905 INFO     ___FILE_ONLY___  
2026-05-07 14:15:29,905 INFO     ___FILE_ONLY___ the
2026-05-07 14:15:29,906 INFO     ___FILE_ONLY___  
2026-05-07 14:15:29,906 INFO     ___FILE_ONLY___ minimum
2026-05-07 14:15:29,907 INFO     ___FILE_ONLY___  
2026-05-07 14:15:29,907 INFO     ___FILE_ONLY___ number
2026-05-07 14:15:29,908 INFO     ___FILE_ONLY___  
2026-05-07 14:15:29,908 INFO     ___FILE_ONLY___ of
2026-05-07 14:15:29,909 INFO     ___FILE_ONLY___  
2026-05-07 14:15:29,909 INFO     ___FILE_ONLY___ instances
2026-05-07 14:15:29,910 INFO     ___FILE_ONLY___  
2026-05-07 14:15:29,910 INFO     ___FILE_ONLY___ across
2026-05-07 14:15:29,911 INFO     ___FILE_ONLY___  
2026-05-07 14:15:29,911 INFO     ___FILE_ONLY___ all
2026-05-07 14:15:29,912 INFO     ___FILE_ONLY___  
2026-05-07 14:15:29,912 INFO     ___FILE_ONLY___ revisions
2026-05-07 14:15:29,913 INFO     ___FILE_ONLY___  
2026-05-07 14:15:29,914 INFO     ___FILE_ONLY___ of
2026-05-07 14:15:29,915 INFO     ___FILE_ONLY___ 

2026-05-07 14:15:29,915 INFO     ___FILE_ONLY___         
2026-05-07 14:15:29,916 INFO     ___FILE_ONLY___ the
2026-05-07 14:15:29,916 INFO     ___FILE_ONLY___  
2026-05-07 14:15:29,917 INFO     ___FILE_ONLY___ Service
2026-05-07 14:15:29,917 INFO     ___FILE_ONLY___  
2026-05-07 14:15:29,918 INFO     ___FILE_ONLY___ which
2026-05-07 14:15:29,918 INFO     ___FILE_ONLY___  
2026-05-07 14:15:29,919 INFO     ___FILE_ONLY___ may
2026-05-07 14:15:29,919 INFO     ___FILE_ONLY___  
2026-05-07 14:15:29,920 INFO     ___FILE_ONLY___ be
2026-05-07 14:15:29,920 INFO     ___FILE_ONLY___  
2026-05-07 14:15:29,921 INFO     ___FILE_ONLY___ modified
2026-05-07 14:15:29,921 INFO     ___FILE_ONLY___  
2026-05-07 14:15:29,922 INFO     ___FILE_ONLY___ dynamically.
2026-05-07 14:15:29,922 INFO     ___FILE_ONLY___ 

2026-05-07 14:15:29,923 INFO     ___FILE_ONLY___ 

2026-05-07 14:15:29,923 INFO     ___FILE_ONLY___      --region=REGION

2026-05-07 14:15:29,924 INFO     ___FILE_ONLY___        
2026-05-07 14:15:29,924 INFO     ___FILE_ONLY___  
2026-05-07 14:15:29,925 INFO     ___FILE_ONLY___ Region
2026-05-07 14:15:29,926 INFO     ___FILE_ONLY___  
2026-05-07 14:15:29,927 INFO     ___FILE_ONLY___ in
2026-05-07 14:15:29,927 INFO     ___FILE_ONLY___  
2026-05-07 14:15:29,927 INFO     ___FILE_ONLY___ which
2026-05-07 14:15:29,928 INFO     ___FILE_ONLY___  
2026-05-07 14:15:29,928 INFO     ___FILE_ONLY___ the
2026-05-07 14:15:29,929 INFO     ___FILE_ONLY___  
2026-05-07 14:15:29,930 INFO     ___FILE_ONLY___ resource
2026-05-07 14:15:29,931 INFO     ___FILE_ONLY___  
2026-05-07 14:15:29,931 INFO     ___FILE_ONLY___ can
2026-05-07 14:15:29,932 INFO     ___FILE_ONLY___  
2026-05-07 14:15:29,933 INFO     ___FILE_ONLY___ be
2026-05-07 14:15:29,933 INFO     ___FILE_ONLY___  
2026-05-07 14:15:29,934 INFO     ___FILE_ONLY___ found.
2026-05-07 14:15:29,934 INFO     ___FILE_ONLY___  
2026-05-07 14:15:29,935 INFO     ___FILE_ONLY___ Alternatively,
2026-05-07 14:15:29,935 INFO     ___FILE_ONLY___  
2026-05-07 14:15:29,936 INFO     ___FILE_ONLY___ set
2026-05-07 14:15:29,936 INFO     ___FILE_ONLY___  
2026-05-07 14:15:29,937 INFO     ___FILE_ONLY___ the
2026-05-07 14:15:29,937 INFO     ___FILE_ONLY___ 

2026-05-07 14:15:29,938 INFO     ___FILE_ONLY___         
2026-05-07 14:15:29,938 INFO     ___FILE_ONLY___ property
2026-05-07 14:15:29,939 INFO     ___FILE_ONLY___  
2026-05-07 14:15:29,939 INFO     ___FILE_ONLY___ [run/region].
2026-05-07 14:15:29,940 INFO     ___FILE_ONLY___ 

2026-05-07 14:15:29,940 INFO     ___FILE_ONLY___ 

2026-05-07 14:15:29,941 INFO     ___FILE_ONLY___      --regions=REGIONS

2026-05-07 14:15:29,941 INFO     ___FILE_ONLY___        
2026-05-07 14:15:29,942 INFO     ___FILE_ONLY___  
2026-05-07 14:15:29,942 INFO     ___FILE_ONLY___ Comma-separated
2026-05-07 14:15:29,943 INFO     ___FILE_ONLY___  
2026-05-07 14:15:29,943 INFO     ___FILE_ONLY___ list
2026-05-07 14:15:29,944 INFO     ___FILE_ONLY___  
2026-05-07 14:15:29,944 INFO     ___FILE_ONLY___ of
2026-05-07 14:15:29,945 INFO     ___FILE_ONLY___  
2026-05-07 14:15:29,945 INFO     ___FILE_ONLY___ regions
2026-05-07 14:15:29,946 INFO     ___FILE_ONLY___  
2026-05-07 14:15:29,946 INFO     ___FILE_ONLY___ in
2026-05-07 14:15:29,947 INFO     ___FILE_ONLY___  
2026-05-07 14:15:29,948 INFO     ___FILE_ONLY___ which
2026-05-07 14:15:29,948 INFO     ___FILE_ONLY___  
2026-05-07 14:15:29,949 INFO     ___FILE_ONLY___ the
2026-05-07 14:15:29,949 INFO     ___FILE_ONLY___  
2026-05-07 14:15:29,950 INFO     ___FILE_ONLY___ multi-region
2026-05-07 14:15:29,950 INFO     ___FILE_ONLY___  
2026-05-07 14:15:29,951 INFO     ___FILE_ONLY___ Service
2026-05-07 14:15:29,951 INFO     ___FILE_ONLY___  
2026-05-07 14:15:29,952 INFO     ___FILE_ONLY___ can
2026-05-07 14:15:29,952 INFO     ___FILE_ONLY___ 

2026-05-07 14:15:29,953 INFO     ___FILE_ONLY___         
2026-05-07 14:15:29,953 INFO     ___FILE_ONLY___ be
2026-05-07 14:15:29,954 INFO     ___FILE_ONLY___  
2026-05-07 14:15:29,954 INFO     ___FILE_ONLY___ found.
2026-05-07 14:15:29,955 INFO     ___FILE_ONLY___ 

2026-05-07 14:15:29,955 INFO     ___FILE_ONLY___ 

2026-05-07 14:15:29,955 INFO     ___FILE_ONLY___      --remove-containers=[CONTAINER,...]

2026-05-07 14:15:29,956 INFO     ___FILE_ONLY___        
2026-05-07 14:15:29,956 INFO     ___FILE_ONLY___  
2026-05-07 14:15:29,957 INFO     ___FILE_ONLY___ List
2026-05-07 14:15:29,957 INFO     ___FILE_ONLY___  
2026-05-07 14:15:29,958 INFO     ___FILE_ONLY___ of
2026-05-07 14:15:29,958 INFO     ___FILE_ONLY___  
2026-05-07 14:15:29,959 INFO     ___FILE_ONLY___ containers
2026-05-07 14:15:29,959 INFO     ___FILE_ONLY___  
2026-05-07 14:15:29,960 INFO     ___FILE_ONLY___ to
2026-05-07 14:15:29,960 INFO     ___FILE_ONLY___  
2026-05-07 14:15:29,961 INFO     ___FILE_ONLY___ remove.
2026-05-07 14:15:29,961 INFO     ___FILE_ONLY___ 

2026-05-07 14:15:29,962 INFO     ___FILE_ONLY___ 

2026-05-07 14:15:29,963 INFO     ___FILE_ONLY___      --revision-suffix=REVISION_SUFFIX

2026-05-07 14:15:29,964 INFO     ___FILE_ONLY___        
2026-05-07 14:15:29,965 INFO     ___FILE_ONLY___  
2026-05-07 14:15:29,966 INFO     ___FILE_ONLY___ Specify
2026-05-07 14:15:29,966 INFO     ___FILE_ONLY___  
2026-05-07 14:15:29,967 INFO     ___FILE_ONLY___ the
2026-05-07 14:15:29,967 INFO     ___FILE_ONLY___  
2026-05-07 14:15:29,968 INFO     ___FILE_ONLY___ suffix
2026-05-07 14:15:29,968 INFO     ___FILE_ONLY___  
2026-05-07 14:15:29,969 INFO     ___FILE_ONLY___ of
2026-05-07 14:15:29,969 INFO     ___FILE_ONLY___  
2026-05-07 14:15:29,969 INFO     ___FILE_ONLY___ the
2026-05-07 14:15:29,970 INFO     ___FILE_ONLY___  
2026-05-07 14:15:29,970 INFO     ___FILE_ONLY___ revision
2026-05-07 14:15:29,971 INFO     ___FILE_ONLY___  
2026-05-07 14:15:29,971 INFO     ___FILE_ONLY___ name.
2026-05-07 14:15:29,972 INFO     ___FILE_ONLY___  
2026-05-07 14:15:29,972 INFO     ___FILE_ONLY___ Revision
2026-05-07 14:15:29,973 INFO     ___FILE_ONLY___  
2026-05-07 14:15:29,973 INFO     ___FILE_ONLY___ names
2026-05-07 14:15:29,974 INFO     ___FILE_ONLY___  
2026-05-07 14:15:29,974 INFO     ___FILE_ONLY___ always
2026-05-07 14:15:29,975 INFO     ___FILE_ONLY___  
2026-05-07 14:15:29,975 INFO     ___FILE_ONLY___ start
2026-05-07 14:15:29,976 INFO     ___FILE_ONLY___ 

2026-05-07 14:15:29,976 INFO     ___FILE_ONLY___         
2026-05-07 14:15:29,976 INFO     ___FILE_ONLY___ with
2026-05-07 14:15:29,977 INFO     ___FILE_ONLY___  
2026-05-07 14:15:29,977 INFO     ___FILE_ONLY___ the
2026-05-07 14:15:29,978 INFO     ___FILE_ONLY___  
2026-05-07 14:15:29,978 INFO     ___FILE_ONLY___ service
2026-05-07 14:15:29,979 INFO     ___FILE_ONLY___  
2026-05-07 14:15:29,979 INFO     ___FILE_ONLY___ name
2026-05-07 14:15:29,980 INFO     ___FILE_ONLY___  
2026-05-07 14:15:29,981 INFO     ___FILE_ONLY___ automatically.
2026-05-07 14:15:29,981 INFO     ___FILE_ONLY___  
2026-05-07 14:15:29,982 INFO     ___FILE_ONLY___ For
2026-05-07 14:15:29,982 INFO     ___FILE_ONLY___  
2026-05-07 14:15:29,983 INFO     ___FILE_ONLY___ example,
2026-05-07 14:15:29,983 INFO     ___FILE_ONLY___  
2026-05-07 14:15:29,984 INFO     ___FILE_ONLY___ specifying
2026-05-07 14:15:29,984 INFO     ___FILE_ONLY___ 

2026-05-07 14:15:29,985 INFO     ___FILE_ONLY___         
2026-05-07 14:15:29,986 INFO     ___FILE_ONLY___ [--revision-suffix=v1]
2026-05-07 14:15:29,986 INFO     ___FILE_ONLY___  
2026-05-07 14:15:29,987 INFO     ___FILE_ONLY___ for
2026-05-07 14:15:29,987 INFO     ___FILE_ONLY___  
2026-05-07 14:15:29,988 INFO     ___FILE_ONLY___ a
2026-05-07 14:15:29,988 INFO     ___FILE_ONLY___  
2026-05-07 14:15:29,989 INFO     ___FILE_ONLY___ service
2026-05-07 14:15:29,989 INFO     ___FILE_ONLY___  
2026-05-07 14:15:29,990 INFO     ___FILE_ONLY___ named
2026-05-07 14:15:29,990 INFO     ___FILE_ONLY___  
2026-05-07 14:15:29,991 INFO     ___FILE_ONLY___ 'helloworld',
2026-05-07 14:15:29,991 INFO     ___FILE_ONLY___  
2026-05-07 14:15:29,992 INFO     ___FILE_ONLY___ would
2026-05-07 14:15:29,993 INFO     ___FILE_ONLY___  
2026-05-07 14:15:29,993 INFO     ___FILE_ONLY___ lead
2026-05-07 14:15:29,994 INFO     ___FILE_ONLY___  
2026-05-07 14:15:29,994 INFO     ___FILE_ONLY___ to
2026-05-07 14:15:29,995 INFO     ___FILE_ONLY___ 

2026-05-07 14:15:29,995 INFO     ___FILE_ONLY___         
2026-05-07 14:15:29,995 INFO     ___FILE_ONLY___ a
2026-05-07 14:15:29,996 INFO     ___FILE_ONLY___  
2026-05-07 14:15:29,996 INFO     ___FILE_ONLY___ revision
2026-05-07 14:15:29,997 INFO     ___FILE_ONLY___  
2026-05-07 14:15:29,998 INFO     ___FILE_ONLY___ named
2026-05-07 14:15:29,998 INFO     ___FILE_ONLY___  
2026-05-07 14:15:29,999 INFO     ___FILE_ONLY___ 'helloworld-v1'.
2026-05-07 14:15:29,999 INFO     ___FILE_ONLY___  
2026-05-07 14:15:30,000 INFO     ___FILE_ONLY___ Set
2026-05-07 14:15:30,000 INFO     ___FILE_ONLY___  
2026-05-07 14:15:30,001 INFO     ___FILE_ONLY___ empty
2026-05-07 14:15:30,001 INFO     ___FILE_ONLY___  
2026-05-07 14:15:30,002 INFO     ___FILE_ONLY___ string
2026-05-07 14:15:30,002 INFO     ___FILE_ONLY___  
2026-05-07 14:15:30,003 INFO     ___FILE_ONLY___ to
2026-05-07 14:15:30,003 INFO     ___FILE_ONLY___  
2026-05-07 14:15:30,004 INFO     ___FILE_ONLY___ clear
2026-05-07 14:15:30,004 INFO     ___FILE_ONLY___  
2026-05-07 14:15:30,005 INFO     ___FILE_ONLY___ the
2026-05-07 14:15:30,005 INFO     ___FILE_ONLY___  
2026-05-07 14:15:30,005 INFO     ___FILE_ONLY___ suffix
2026-05-07 14:15:30,006 INFO     ___FILE_ONLY___ 

2026-05-07 14:15:30,006 INFO     ___FILE_ONLY___         
2026-05-07 14:15:30,007 INFO     ___FILE_ONLY___ and
2026-05-07 14:15:30,007 INFO     ___FILE_ONLY___  
2026-05-07 14:15:30,008 INFO     ___FILE_ONLY___ resume
2026-05-07 14:15:30,008 INFO     ___FILE_ONLY___  
2026-05-07 14:15:30,009 INFO     ___FILE_ONLY___ server-assigned
2026-05-07 14:15:30,009 INFO     ___FILE_ONLY___  
2026-05-07 14:15:30,010 INFO     ___FILE_ONLY___ naming.
2026-05-07 14:15:30,010 INFO     ___FILE_ONLY___ 

2026-05-07 14:15:30,011 INFO     ___FILE_ONLY___ 

2026-05-07 14:15:30,011 INFO     ___FILE_ONLY___      --scaling=SCALING

2026-05-07 14:15:30,012 INFO     ___FILE_ONLY___        
2026-05-07 14:15:30,012 INFO     ___FILE_ONLY___  
2026-05-07 14:15:30,013 INFO     ___FILE_ONLY___ The
2026-05-07 14:15:30,013 INFO     ___FILE_ONLY___  
2026-05-07 14:15:30,014 INFO     ___FILE_ONLY___ scaling
2026-05-07 14:15:30,015 INFO     ___FILE_ONLY___  
2026-05-07 14:15:30,015 INFO     ___FILE_ONLY___ mode
2026-05-07 14:15:30,016 INFO     ___FILE_ONLY___  
2026-05-07 14:15:30,016 INFO     ___FILE_ONLY___ to
2026-05-07 14:15:30,017 INFO     ___FILE_ONLY___  
2026-05-07 14:15:30,017 INFO     ___FILE_ONLY___ use
2026-05-07 14:15:30,017 INFO     ___FILE_ONLY___  
2026-05-07 14:15:30,018 INFO     ___FILE_ONLY___ for
2026-05-07 14:15:30,018 INFO     ___FILE_ONLY___  
2026-05-07 14:15:30,019 INFO     ___FILE_ONLY___ this
2026-05-07 14:15:30,019 INFO     ___FILE_ONLY___  
2026-05-07 14:15:30,020 INFO     ___FILE_ONLY___ service.
2026-05-07 14:15:30,020 INFO     ___FILE_ONLY___  
2026-05-07 14:15:30,021 INFO     ___FILE_ONLY___ Flag
2026-05-07 14:15:30,021 INFO     ___FILE_ONLY___  
2026-05-07 14:15:30,022 INFO     ___FILE_ONLY___ value
2026-05-07 14:15:30,022 INFO     ___FILE_ONLY___  
2026-05-07 14:15:30,023 INFO     ___FILE_ONLY___ could
2026-05-07 14:15:30,023 INFO     ___FILE_ONLY___  
2026-05-07 14:15:30,024 INFO     ___FILE_ONLY___ be
2026-05-07 14:15:30,024 INFO     ___FILE_ONLY___  
2026-05-07 14:15:30,025 INFO     ___FILE_ONLY___ either
2026-05-07 14:15:30,025 INFO     ___FILE_ONLY___ 

2026-05-07 14:15:30,026 INFO     ___FILE_ONLY___         
2026-05-07 14:15:30,026 INFO     ___FILE_ONLY___ "auto"
2026-05-07 14:15:30,027 INFO     ___FILE_ONLY___  
2026-05-07 14:15:30,027 INFO     ___FILE_ONLY___ for
2026-05-07 14:15:30,027 INFO     ___FILE_ONLY___  
2026-05-07 14:15:30,028 INFO     ___FILE_ONLY___ automatic
2026-05-07 14:15:30,028 INFO     ___FILE_ONLY___  
2026-05-07 14:15:30,029 INFO     ___FILE_ONLY___ scaling,
2026-05-07 14:15:30,030 INFO     ___FILE_ONLY___  
2026-05-07 14:15:30,030 INFO     ___FILE_ONLY___ or
2026-05-07 14:15:30,031 INFO     ___FILE_ONLY___  
2026-05-07 14:15:30,031 INFO     ___FILE_ONLY___ a
2026-05-07 14:15:30,032 INFO     ___FILE_ONLY___  
2026-05-07 14:15:30,032 INFO     ___FILE_ONLY___ positive
2026-05-07 14:15:30,033 INFO     ___FILE_ONLY___  
2026-05-07 14:15:30,033 INFO     ___FILE_ONLY___ integer
2026-05-07 14:15:30,034 INFO     ___FILE_ONLY___  
2026-05-07 14:15:30,034 INFO     ___FILE_ONLY___ to
2026-05-07 14:15:30,035 INFO     ___FILE_ONLY___  
2026-05-07 14:15:30,035 INFO     ___FILE_ONLY___ configure
2026-05-07 14:15:30,036 INFO     ___FILE_ONLY___  
2026-05-07 14:15:30,036 INFO     ___FILE_ONLY___ manual
2026-05-07 14:15:30,037 INFO     ___FILE_ONLY___ 

2026-05-07 14:15:30,037 INFO     ___FILE_ONLY___         
2026-05-07 14:15:30,038 INFO     ___FILE_ONLY___ scaling
2026-05-07 14:15:30,038 INFO     ___FILE_ONLY___  
2026-05-07 14:15:30,038 INFO     ___FILE_ONLY___ with
2026-05-07 14:15:30,039 INFO     ___FILE_ONLY___  
2026-05-07 14:15:30,039 INFO     ___FILE_ONLY___ the
2026-05-07 14:15:30,040 INFO     ___FILE_ONLY___  
2026-05-07 14:15:30,040 INFO     ___FILE_ONLY___ given
2026-05-07 14:15:30,041 INFO     ___FILE_ONLY___  
2026-05-07 14:15:30,041 INFO     ___FILE_ONLY___ integer
2026-05-07 14:15:30,042 INFO     ___FILE_ONLY___  
2026-05-07 14:15:30,042 INFO     ___FILE_ONLY___ as
2026-05-07 14:15:30,043 INFO     ___FILE_ONLY___  
2026-05-07 14:15:30,043 INFO     ___FILE_ONLY___ a
2026-05-07 14:15:30,044 INFO     ___FILE_ONLY___  
2026-05-07 14:15:30,044 INFO     ___FILE_ONLY___ fixed
2026-05-07 14:15:30,044 INFO     ___FILE_ONLY___  
2026-05-07 14:15:30,045 INFO     ___FILE_ONLY___ instance
2026-05-07 14:15:30,045 INFO     ___FILE_ONLY___  
2026-05-07 14:15:30,046 INFO     ___FILE_ONLY___ count.
2026-05-07 14:15:30,046 INFO     ___FILE_ONLY___ 

2026-05-07 14:15:30,047 INFO     ___FILE_ONLY___ 

2026-05-07 14:15:30,048 INFO     ___FILE_ONLY___      --service-account=SERVICE_ACCOUNT

2026-05-07 14:15:30,049 INFO     ___FILE_ONLY___        
2026-05-07 14:15:30,049 INFO     ___FILE_ONLY___  
2026-05-07 14:15:30,049 INFO     ___FILE_ONLY___ the
2026-05-07 14:15:30,050 INFO     ___FILE_ONLY___  
2026-05-07 14:15:30,050 INFO     ___FILE_ONLY___ email
2026-05-07 14:15:30,051 INFO     ___FILE_ONLY___  
2026-05-07 14:15:30,051 INFO     ___FILE_ONLY___ address
2026-05-07 14:15:30,052 INFO     ___FILE_ONLY___  
2026-05-07 14:15:30,052 INFO     ___FILE_ONLY___ of
2026-05-07 14:15:30,053 INFO     ___FILE_ONLY___  
2026-05-07 14:15:30,053 INFO     ___FILE_ONLY___ an
2026-05-07 14:15:30,054 INFO     ___FILE_ONLY___  
2026-05-07 14:15:30,054 INFO     ___FILE_ONLY___ IAM
2026-05-07 14:15:30,055 INFO     ___FILE_ONLY___  
2026-05-07 14:15:30,055 INFO     ___FILE_ONLY___ service
2026-05-07 14:15:30,056 INFO     ___FILE_ONLY___  
2026-05-07 14:15:30,056 INFO     ___FILE_ONLY___ account
2026-05-07 14:15:30,056 INFO     ___FILE_ONLY___  
2026-05-07 14:15:30,057 INFO     ___FILE_ONLY___ associated
2026-05-07 14:15:30,057 INFO     ___FILE_ONLY___  
2026-05-07 14:15:30,058 INFO     ___FILE_ONLY___ with
2026-05-07 14:15:30,058 INFO     ___FILE_ONLY___  
2026-05-07 14:15:30,059 INFO     ___FILE_ONLY___ the
2026-05-07 14:15:30,059 INFO     ___FILE_ONLY___ 

2026-05-07 14:15:30,060 INFO     ___FILE_ONLY___         
2026-05-07 14:15:30,060 INFO     ___FILE_ONLY___ revision
2026-05-07 14:15:30,061 INFO     ___FILE_ONLY___  
2026-05-07 14:15:30,061 INFO     ___FILE_ONLY___ of
2026-05-07 14:15:30,062 INFO     ___FILE_ONLY___  
2026-05-07 14:15:30,062 INFO     ___FILE_ONLY___ the
2026-05-07 14:15:30,063 INFO     ___FILE_ONLY___  
2026-05-07 14:15:30,063 INFO     ___FILE_ONLY___ service.
2026-05-07 14:15:30,064 INFO     ___FILE_ONLY___  
2026-05-07 14:15:30,065 INFO     ___FILE_ONLY___ The
2026-05-07 14:15:30,065 INFO     ___FILE_ONLY___  
2026-05-07 14:15:30,066 INFO     ___FILE_ONLY___ service
2026-05-07 14:15:30,066 INFO     ___FILE_ONLY___  
2026-05-07 14:15:30,067 INFO     ___FILE_ONLY___ account
2026-05-07 14:15:30,067 INFO     ___FILE_ONLY___  
2026-05-07 14:15:30,068 INFO     ___FILE_ONLY___ represents
2026-05-07 14:15:30,069 INFO     ___FILE_ONLY___  
2026-05-07 14:15:30,069 INFO     ___FILE_ONLY___ the
2026-05-07 14:15:30,069 INFO     ___FILE_ONLY___  
2026-05-07 14:15:30,070 INFO     ___FILE_ONLY___ identity
2026-05-07 14:15:30,070 INFO     ___FILE_ONLY___  
2026-05-07 14:15:30,071 INFO     ___FILE_ONLY___ of
2026-05-07 14:15:30,071 INFO     ___FILE_ONLY___ 

2026-05-07 14:15:30,072 INFO     ___FILE_ONLY___         
2026-05-07 14:15:30,072 INFO     ___FILE_ONLY___ the
2026-05-07 14:15:30,073 INFO     ___FILE_ONLY___  
2026-05-07 14:15:30,073 INFO     ___FILE_ONLY___ running
2026-05-07 14:15:30,074 INFO     ___FILE_ONLY___  
2026-05-07 14:15:30,074 INFO     ___FILE_ONLY___ revision,
2026-05-07 14:15:30,075 INFO     ___FILE_ONLY___  
2026-05-07 14:15:30,075 INFO     ___FILE_ONLY___ and
2026-05-07 14:15:30,076 INFO     ___FILE_ONLY___  
2026-05-07 14:15:30,076 INFO     ___FILE_ONLY___ determines
2026-05-07 14:15:30,077 INFO     ___FILE_ONLY___  
2026-05-07 14:15:30,077 INFO     ___FILE_ONLY___ what
2026-05-07 14:15:30,077 INFO     ___FILE_ONLY___  
2026-05-07 14:15:30,078 INFO     ___FILE_ONLY___ permissions
2026-05-07 14:15:30,078 INFO     ___FILE_ONLY___  
2026-05-07 14:15:30,079 INFO     ___FILE_ONLY___ the
2026-05-07 14:15:30,079 INFO     ___FILE_ONLY___  
2026-05-07 14:15:30,080 INFO     ___FILE_ONLY___ revision
2026-05-07 14:15:30,081 INFO     ___FILE_ONLY___  
2026-05-07 14:15:30,081 INFO     ___FILE_ONLY___ has.
2026-05-07 14:15:30,082 INFO     ___FILE_ONLY___ 

2026-05-07 14:15:30,083 INFO     ___FILE_ONLY___ 

2026-05-07 14:15:30,083 INFO     ___FILE_ONLY___      --[no-]session-affinity

2026-05-07 14:15:30,084 INFO     ___FILE_ONLY___        
2026-05-07 14:15:30,084 INFO     ___FILE_ONLY___  
2026-05-07 14:15:30,085 INFO     ___FILE_ONLY___ Whether
2026-05-07 14:15:30,085 INFO     ___FILE_ONLY___  
2026-05-07 14:15:30,085 INFO     ___FILE_ONLY___ to
2026-05-07 14:15:30,086 INFO     ___FILE_ONLY___  
2026-05-07 14:15:30,086 INFO     ___FILE_ONLY___ enable
2026-05-07 14:15:30,087 INFO     ___FILE_ONLY___  
2026-05-07 14:15:30,087 INFO     ___FILE_ONLY___ session
2026-05-07 14:15:30,088 INFO     ___FILE_ONLY___  
2026-05-07 14:15:30,088 INFO     ___FILE_ONLY___ affinity
2026-05-07 14:15:30,089 INFO     ___FILE_ONLY___  
2026-05-07 14:15:30,089 INFO     ___FILE_ONLY___ for
2026-05-07 14:15:30,090 INFO     ___FILE_ONLY___  
2026-05-07 14:15:30,090 INFO     ___FILE_ONLY___ connections
2026-05-07 14:15:30,091 INFO     ___FILE_ONLY___  
2026-05-07 14:15:30,091 INFO     ___FILE_ONLY___ to
2026-05-07 14:15:30,092 INFO     ___FILE_ONLY___  
2026-05-07 14:15:30,092 INFO     ___FILE_ONLY___ the
2026-05-07 14:15:30,093 INFO     ___FILE_ONLY___  
2026-05-07 14:15:30,093 INFO     ___FILE_ONLY___ service.
2026-05-07 14:15:30,093 INFO     ___FILE_ONLY___  
2026-05-07 14:15:30,094 INFO     ___FILE_ONLY___ Use
2026-05-07 14:15:30,094 INFO     ___FILE_ONLY___ 

2026-05-07 14:15:30,095 INFO     ___FILE_ONLY___         
2026-05-07 14:15:30,095 INFO     ___FILE_ONLY___ --session-affinity
2026-05-07 14:15:30,096 INFO     ___FILE_ONLY___  
2026-05-07 14:15:30,096 INFO     ___FILE_ONLY___ to
2026-05-07 14:15:30,097 INFO     ___FILE_ONLY___  
2026-05-07 14:15:30,098 INFO     ___FILE_ONLY___ enable
2026-05-07 14:15:30,098 INFO     ___FILE_ONLY___  
2026-05-07 14:15:30,099 INFO     ___FILE_ONLY___ and
2026-05-07 14:15:30,099 INFO     ___FILE_ONLY___  
2026-05-07 14:15:30,100 INFO     ___FILE_ONLY___ --no-session-affinity
2026-05-07 14:15:30,100 INFO     ___FILE_ONLY___  
2026-05-07 14:15:30,101 INFO     ___FILE_ONLY___ to
2026-05-07 14:15:30,101 INFO     ___FILE_ONLY___  
2026-05-07 14:15:30,102 INFO     ___FILE_ONLY___ disable.
2026-05-07 14:15:30,102 INFO     ___FILE_ONLY___ 

2026-05-07 14:15:30,103 INFO     ___FILE_ONLY___ 

2026-05-07 14:15:30,103 INFO     ___FILE_ONLY___      --tag=TAG

2026-05-07 14:15:30,104 INFO     ___FILE_ONLY___        
2026-05-07 14:15:30,104 INFO     ___FILE_ONLY___  
2026-05-07 14:15:30,104 INFO     ___FILE_ONLY___ Traffic
2026-05-07 14:15:30,105 INFO     ___FILE_ONLY___  
2026-05-07 14:15:30,106 INFO     ___FILE_ONLY___ tag
2026-05-07 14:15:30,106 INFO     ___FILE_ONLY___  
2026-05-07 14:15:30,106 INFO     ___FILE_ONLY___ to
2026-05-07 14:15:30,107 INFO     ___FILE_ONLY___  
2026-05-07 14:15:30,107 INFO     ___FILE_ONLY___ assign
2026-05-07 14:15:30,108 INFO     ___FILE_ONLY___  
2026-05-07 14:15:30,108 INFO     ___FILE_ONLY___ to
2026-05-07 14:15:30,109 INFO     ___FILE_ONLY___  
2026-05-07 14:15:30,109 INFO     ___FILE_ONLY___ the
2026-05-07 14:15:30,110 INFO     ___FILE_ONLY___  
2026-05-07 14:15:30,110 INFO     ___FILE_ONLY___ newly
2026-05-07 14:15:30,111 INFO     ___FILE_ONLY___  
2026-05-07 14:15:30,111 INFO     ___FILE_ONLY___ created
2026-05-07 14:15:30,112 INFO     ___FILE_ONLY___  
2026-05-07 14:15:30,112 INFO     ___FILE_ONLY___ revision.
2026-05-07 14:15:30,113 INFO     ___FILE_ONLY___ 

2026-05-07 14:15:30,113 INFO     ___FILE_ONLY___ 

2026-05-07 14:15:30,114 INFO     ___FILE_ONLY___      --timeout=TIMEOUT

2026-05-07 14:15:30,115 INFO     ___FILE_ONLY___        
2026-05-07 14:15:30,115 INFO     ___FILE_ONLY___  
2026-05-07 14:15:30,116 INFO     ___FILE_ONLY___ Set
2026-05-07 14:15:30,116 INFO     ___FILE_ONLY___  
2026-05-07 14:15:30,117 INFO     ___FILE_ONLY___ the
2026-05-07 14:15:30,117 INFO     ___FILE_ONLY___  
2026-05-07 14:15:30,118 INFO     ___FILE_ONLY___ maximum
2026-05-07 14:15:30,118 INFO     ___FILE_ONLY___  
2026-05-07 14:15:30,118 INFO     ___FILE_ONLY___ request
2026-05-07 14:15:30,119 INFO     ___FILE_ONLY___  
2026-05-07 14:15:30,119 INFO     ___FILE_ONLY___ execution
2026-05-07 14:15:30,120 INFO     ___FILE_ONLY___  
2026-05-07 14:15:30,120 INFO     ___FILE_ONLY___ time
2026-05-07 14:15:30,121 INFO     ___FILE_ONLY___  
2026-05-07 14:15:30,121 INFO     ___FILE_ONLY___ (timeout).
2026-05-07 14:15:30,122 INFO     ___FILE_ONLY___  
2026-05-07 14:15:30,122 INFO     ___FILE_ONLY___ It
2026-05-07 14:15:30,123 INFO     ___FILE_ONLY___  
2026-05-07 14:15:30,123 INFO     ___FILE_ONLY___ is
2026-05-07 14:15:30,124 INFO     ___FILE_ONLY___  
2026-05-07 14:15:30,124 INFO     ___FILE_ONLY___ specified
2026-05-07 14:15:30,125 INFO     ___FILE_ONLY___  
2026-05-07 14:15:30,125 INFO     ___FILE_ONLY___ as
2026-05-07 14:15:30,126 INFO     ___FILE_ONLY___  
2026-05-07 14:15:30,126 INFO     ___FILE_ONLY___ a
2026-05-07 14:15:30,126 INFO     ___FILE_ONLY___ 

2026-05-07 14:15:30,127 INFO     ___FILE_ONLY___         
2026-05-07 14:15:30,127 INFO     ___FILE_ONLY___ duration;
2026-05-07 14:15:30,128 INFO     ___FILE_ONLY___  
2026-05-07 14:15:30,128 INFO     ___FILE_ONLY___ for
2026-05-07 14:15:30,129 INFO     ___FILE_ONLY___  
2026-05-07 14:15:30,129 INFO     ___FILE_ONLY___ example,
2026-05-07 14:15:30,130 INFO     ___FILE_ONLY___  
2026-05-07 14:15:30,131 INFO     ___FILE_ONLY___ "10m5s"
2026-05-07 14:15:30,131 INFO     ___FILE_ONLY___  
2026-05-07 14:15:30,132 INFO     ___FILE_ONLY___ is
2026-05-07 14:15:30,132 INFO     ___FILE_ONLY___  
2026-05-07 14:15:30,133 INFO     ___FILE_ONLY___ ten
2026-05-07 14:15:30,133 INFO     ___FILE_ONLY___  
2026-05-07 14:15:30,134 INFO     ___FILE_ONLY___ minutes,
2026-05-07 14:15:30,134 INFO     ___FILE_ONLY___  
2026-05-07 14:15:30,135 INFO     ___FILE_ONLY___ and
2026-05-07 14:15:30,135 INFO     ___FILE_ONLY___  
2026-05-07 14:15:30,136 INFO     ___FILE_ONLY___ five
2026-05-07 14:15:30,136 INFO     ___FILE_ONLY___  
2026-05-07 14:15:30,136 INFO     ___FILE_ONLY___ seconds.
2026-05-07 14:15:30,137 INFO     ___FILE_ONLY___  
2026-05-07 14:15:30,137 INFO     ___FILE_ONLY___ If
2026-05-07 14:15:30,138 INFO     ___FILE_ONLY___  
2026-05-07 14:15:30,138 INFO     ___FILE_ONLY___ you
2026-05-07 14:15:30,139 INFO     ___FILE_ONLY___ 

2026-05-07 14:15:30,139 INFO     ___FILE_ONLY___         
2026-05-07 14:15:30,140 INFO     ___FILE_ONLY___ don't
2026-05-07 14:15:30,140 INFO     ___FILE_ONLY___  
2026-05-07 14:15:30,141 INFO     ___FILE_ONLY___ specify
2026-05-07 14:15:30,141 INFO     ___FILE_ONLY___  
2026-05-07 14:15:30,142 INFO     ___FILE_ONLY___ a
2026-05-07 14:15:30,142 INFO     ___FILE_ONLY___  
2026-05-07 14:15:30,142 INFO     ___FILE_ONLY___ unit,
2026-05-07 14:15:30,143 INFO     ___FILE_ONLY___  
2026-05-07 14:15:30,143 INFO     ___FILE_ONLY___ seconds
2026-05-07 14:15:30,144 INFO     ___FILE_ONLY___  
2026-05-07 14:15:30,144 INFO     ___FILE_ONLY___ is
2026-05-07 14:15:30,145 INFO     ___FILE_ONLY___  
2026-05-07 14:15:30,145 INFO     ___FILE_ONLY___ assumed.
2026-05-07 14:15:30,146 INFO     ___FILE_ONLY___  
2026-05-07 14:15:30,146 INFO     ___FILE_ONLY___ For
2026-05-07 14:15:30,147 INFO     ___FILE_ONLY___  
2026-05-07 14:15:30,148 INFO     ___FILE_ONLY___ example,
2026-05-07 14:15:30,148 INFO     ___FILE_ONLY___  
2026-05-07 14:15:30,149 INFO     ___FILE_ONLY___ "10"
2026-05-07 14:15:30,149 INFO     ___FILE_ONLY___  
2026-05-07 14:15:30,150 INFO     ___FILE_ONLY___ is
2026-05-07 14:15:30,150 INFO     ___FILE_ONLY___  
2026-05-07 14:15:30,151 INFO     ___FILE_ONLY___ 10
2026-05-07 14:15:30,151 INFO     ___FILE_ONLY___ 

2026-05-07 14:15:30,152 INFO     ___FILE_ONLY___         
2026-05-07 14:15:30,152 INFO     ___FILE_ONLY___ seconds.
2026-05-07 14:15:30,152 INFO     ___FILE_ONLY___ 

2026-05-07 14:15:30,153 INFO     ___FILE_ONLY___ 

2026-05-07 14:15:30,153 INFO     ___FILE_ONLY___      --no-traffic

2026-05-07 14:15:30,154 INFO     ___FILE_ONLY___        
2026-05-07 14:15:30,154 INFO     ___FILE_ONLY___  
2026-05-07 14:15:30,155 INFO     ___FILE_ONLY___ True
2026-05-07 14:15:30,155 INFO     ___FILE_ONLY___  
2026-05-07 14:15:30,156 INFO     ___FILE_ONLY___ to
2026-05-07 14:15:30,156 INFO     ___FILE_ONLY___  
2026-05-07 14:15:30,157 INFO     ___FILE_ONLY___ avoid
2026-05-07 14:15:30,157 INFO     ___FILE_ONLY___  
2026-05-07 14:15:30,158 INFO     ___FILE_ONLY___ sending
2026-05-07 14:15:30,158 INFO     ___FILE_ONLY___  
2026-05-07 14:15:30,159 INFO     ___FILE_ONLY___ traffic
2026-05-07 14:15:30,159 INFO     ___FILE_ONLY___  
2026-05-07 14:15:30,160 INFO     ___FILE_ONLY___ to
2026-05-07 14:15:30,160 INFO     ___FILE_ONLY___  
2026-05-07 14:15:30,160 INFO     ___FILE_ONLY___ the
2026-05-07 14:15:30,161 INFO     ___FILE_ONLY___  
2026-05-07 14:15:30,161 INFO     ___FILE_ONLY___ revision
2026-05-07 14:15:30,162 INFO     ___FILE_ONLY___  
2026-05-07 14:15:30,162 INFO     ___FILE_ONLY___ being
2026-05-07 14:15:30,163 INFO     ___FILE_ONLY___  
2026-05-07 14:15:30,164 INFO     ___FILE_ONLY___ deployed.
2026-05-07 14:15:30,164 INFO     ___FILE_ONLY___  
2026-05-07 14:15:30,165 INFO     ___FILE_ONLY___ Setting
2026-05-07 14:15:30,166 INFO     ___FILE_ONLY___ 

2026-05-07 14:15:30,166 INFO     ___FILE_ONLY___         
2026-05-07 14:15:30,167 INFO     ___FILE_ONLY___ this
2026-05-07 14:15:30,167 INFO     ___FILE_ONLY___  
2026-05-07 14:15:30,168 INFO     ___FILE_ONLY___ flag
2026-05-07 14:15:30,168 INFO     ___FILE_ONLY___  
2026-05-07 14:15:30,169 INFO     ___FILE_ONLY___ assigns
2026-05-07 14:15:30,169 INFO     ___FILE_ONLY___  
2026-05-07 14:15:30,169 INFO     ___FILE_ONLY___ any
2026-05-07 14:15:30,170 INFO     ___FILE_ONLY___  
2026-05-07 14:15:30,170 INFO     ___FILE_ONLY___ traffic
2026-05-07 14:15:30,171 INFO     ___FILE_ONLY___  
2026-05-07 14:15:30,172 INFO     ___FILE_ONLY___ assigned
2026-05-07 14:15:30,172 INFO     ___FILE_ONLY___  
2026-05-07 14:15:30,173 INFO     ___FILE_ONLY___ to
2026-05-07 14:15:30,174 INFO     ___FILE_ONLY___  
2026-05-07 14:15:30,174 INFO     ___FILE_ONLY___ the
2026-05-07 14:15:30,175 INFO     ___FILE_ONLY___  
2026-05-07 14:15:30,175 INFO     ___FILE_ONLY___ LATEST
2026-05-07 14:15:30,176 INFO     ___FILE_ONLY___  
2026-05-07 14:15:30,176 INFO     ___FILE_ONLY___ revision
2026-05-07 14:15:30,177 INFO     ___FILE_ONLY___  
2026-05-07 14:15:30,177 INFO     ___FILE_ONLY___ to
2026-05-07 14:15:30,178 INFO     ___FILE_ONLY___  
2026-05-07 14:15:30,178 INFO     ___FILE_ONLY___ the
2026-05-07 14:15:30,179 INFO     ___FILE_ONLY___ 

2026-05-07 14:15:30,179 INFO     ___FILE_ONLY___         
2026-05-07 14:15:30,179 INFO     ___FILE_ONLY___ specific
2026-05-07 14:15:30,180 INFO     ___FILE_ONLY___  
2026-05-07 14:15:30,181 INFO     ___FILE_ONLY___ revision
2026-05-07 14:15:30,181 INFO     ___FILE_ONLY___  
2026-05-07 14:15:30,182 INFO     ___FILE_ONLY___ bound
2026-05-07 14:15:30,182 INFO     ___FILE_ONLY___  
2026-05-07 14:15:30,183 INFO     ___FILE_ONLY___ to
2026-05-07 14:15:30,183 INFO     ___FILE_ONLY___  
2026-05-07 14:15:30,184 INFO     ___FILE_ONLY___ LATEST
2026-05-07 14:15:30,184 INFO     ___FILE_ONLY___  
2026-05-07 14:15:30,184 INFO     ___FILE_ONLY___ before
2026-05-07 14:15:30,185 INFO     ___FILE_ONLY___  
2026-05-07 14:15:30,185 INFO     ___FILE_ONLY___ the
2026-05-07 14:15:30,186 INFO     ___FILE_ONLY___  
2026-05-07 14:15:30,186 INFO     ___FILE_ONLY___ deployment.
2026-05-07 14:15:30,187 INFO     ___FILE_ONLY___  
2026-05-07 14:15:30,187 INFO     ___FILE_ONLY___ The
2026-05-07 14:15:30,188 INFO     ___FILE_ONLY___  
2026-05-07 14:15:30,188 INFO     ___FILE_ONLY___ effect
2026-05-07 14:15:30,189 INFO     ___FILE_ONLY___  
2026-05-07 14:15:30,189 INFO     ___FILE_ONLY___ is
2026-05-07 14:15:30,189 INFO     ___FILE_ONLY___ 

2026-05-07 14:15:30,190 INFO     ___FILE_ONLY___         
2026-05-07 14:15:30,190 INFO     ___FILE_ONLY___ that
2026-05-07 14:15:30,191 INFO     ___FILE_ONLY___  
2026-05-07 14:15:30,191 INFO     ___FILE_ONLY___ the
2026-05-07 14:15:30,192 INFO     ___FILE_ONLY___  
2026-05-07 14:15:30,193 INFO     ___FILE_ONLY___ revision
2026-05-07 14:15:30,193 INFO     ___FILE_ONLY___  
2026-05-07 14:15:30,194 INFO     ___FILE_ONLY___ being
2026-05-07 14:15:30,194 INFO     ___FILE_ONLY___  
2026-05-07 14:15:30,195 INFO     ___FILE_ONLY___ deployed
2026-05-07 14:15:30,195 INFO     ___FILE_ONLY___  
2026-05-07 14:15:30,196 INFO     ___FILE_ONLY___ will
2026-05-07 14:15:30,196 INFO     ___FILE_ONLY___  
2026-05-07 14:15:30,197 INFO     ___FILE_ONLY___ not
2026-05-07 14:15:30,198 INFO     ___FILE_ONLY___  
2026-05-07 14:15:30,198 INFO     ___FILE_ONLY___ receive
2026-05-07 14:15:30,199 INFO     ___FILE_ONLY___  
2026-05-07 14:15:30,199 INFO     ___FILE_ONLY___ traffic.
2026-05-07 14:15:30,200 INFO     ___FILE_ONLY___ 

2026-05-07 14:15:30,200 INFO     ___FILE_ONLY___ 

2026-05-07 14:15:30,201 INFO     ___FILE_ONLY___        
2026-05-07 14:15:30,202 INFO     ___FILE_ONLY___  
2026-05-07 14:15:30,202 INFO     ___FILE_ONLY___ After
2026-05-07 14:15:30,203 INFO     ___FILE_ONLY___  
2026-05-07 14:15:30,203 INFO     ___FILE_ONLY___ a
2026-05-07 14:15:30,204 INFO     ___FILE_ONLY___  
2026-05-07 14:15:30,204 INFO     ___FILE_ONLY___ deployment
2026-05-07 14:15:30,205 INFO     ___FILE_ONLY___  
2026-05-07 14:15:30,205 INFO     ___FILE_ONLY___ with
2026-05-07 14:15:30,206 INFO     ___FILE_ONLY___  
2026-05-07 14:15:30,206 INFO     ___FILE_ONLY___ this
2026-05-07 14:15:30,207 INFO     ___FILE_ONLY___  
2026-05-07 14:15:30,207 INFO     ___FILE_ONLY___ flag
2026-05-07 14:15:30,208 INFO     ___FILE_ONLY___  
2026-05-07 14:15:30,208 INFO     ___FILE_ONLY___ the
2026-05-07 14:15:30,209 INFO     ___FILE_ONLY___  
2026-05-07 14:15:30,209 INFO     ___FILE_ONLY___ LATEST
2026-05-07 14:15:30,210 INFO     ___FILE_ONLY___  
2026-05-07 14:15:30,210 INFO     ___FILE_ONLY___ revision
2026-05-07 14:15:30,210 INFO     ___FILE_ONLY___  
2026-05-07 14:15:30,211 INFO     ___FILE_ONLY___ will
2026-05-07 14:15:30,211 INFO     ___FILE_ONLY___  
2026-05-07 14:15:30,212 INFO     ___FILE_ONLY___ not
2026-05-07 14:15:30,212 INFO     ___FILE_ONLY___  
2026-05-07 14:15:30,213 INFO     ___FILE_ONLY___ receive
2026-05-07 14:15:30,214 INFO     ___FILE_ONLY___ 

2026-05-07 14:15:30,215 INFO     ___FILE_ONLY___         
2026-05-07 14:15:30,216 INFO     ___FILE_ONLY___ traffic
2026-05-07 14:15:30,216 INFO     ___FILE_ONLY___  
2026-05-07 14:15:30,217 INFO     ___FILE_ONLY___ on
2026-05-07 14:15:30,217 INFO     ___FILE_ONLY___  
2026-05-07 14:15:30,218 INFO     ___FILE_ONLY___ future
2026-05-07 14:15:30,218 INFO     ___FILE_ONLY___  
2026-05-07 14:15:30,219 INFO     ___FILE_ONLY___ deployments.
2026-05-07 14:15:30,219 INFO     ___FILE_ONLY___  
2026-05-07 14:15:30,220 INFO     ___FILE_ONLY___ To
2026-05-07 14:15:30,220 INFO     ___FILE_ONLY___  
2026-05-07 14:15:30,221 INFO     ___FILE_ONLY___ restore
2026-05-07 14:15:30,221 INFO     ___FILE_ONLY___  
2026-05-07 14:15:30,222 INFO     ___FILE_ONLY___ sending
2026-05-07 14:15:30,222 INFO     ___FILE_ONLY___  
2026-05-07 14:15:30,223 INFO     ___FILE_ONLY___ traffic
2026-05-07 14:15:30,223 INFO     ___FILE_ONLY___  
2026-05-07 14:15:30,224 INFO     ___FILE_ONLY___ to
2026-05-07 14:15:30,224 INFO     ___FILE_ONLY___  
2026-05-07 14:15:30,225 INFO     ___FILE_ONLY___ the
2026-05-07 14:15:30,225 INFO     ___FILE_ONLY___  
2026-05-07 14:15:30,226 INFO     ___FILE_ONLY___ LATEST
2026-05-07 14:15:30,226 INFO     ___FILE_ONLY___ 

2026-05-07 14:15:30,227 INFO     ___FILE_ONLY___         
2026-05-07 14:15:30,227 INFO     ___FILE_ONLY___ revision
2026-05-07 14:15:30,227 INFO     ___FILE_ONLY___  
2026-05-07 14:15:30,228 INFO     ___FILE_ONLY___ by
2026-05-07 14:15:30,228 INFO     ___FILE_ONLY___  
2026-05-07 14:15:30,229 INFO     ___FILE_ONLY___ default,
2026-05-07 14:15:30,229 INFO     ___FILE_ONLY___  
2026-05-07 14:15:30,230 INFO     ___FILE_ONLY___ run
2026-05-07 14:15:30,232 INFO     ___FILE_ONLY___  
2026-05-07 14:15:30,232 INFO     ___FILE_ONLY___ the
2026-05-07 14:15:30,233 INFO     ___FILE_ONLY___  
2026-05-07 14:15:30,233 INFO     ___FILE_ONLY___ gcloud
2026-05-07 14:15:30,234 INFO     ___FILE_ONLY___  
2026-05-07 14:15:30,235 INFO     ___FILE_ONLY___ run
2026-05-07 14:15:30,235 INFO     ___FILE_ONLY___  
2026-05-07 14:15:30,236 INFO     ___FILE_ONLY___ services
2026-05-07 14:15:30,236 INFO     ___FILE_ONLY___  
2026-05-07 14:15:30,237 INFO     ___FILE_ONLY___ update-traffic
2026-05-07 14:15:30,238 INFO     ___FILE_ONLY___  
2026-05-07 14:15:30,238 INFO     ___FILE_ONLY___ command
2026-05-07 14:15:30,239 INFO     ___FILE_ONLY___ 

2026-05-07 14:15:30,239 INFO     ___FILE_ONLY___         
2026-05-07 14:15:30,240 INFO     ___FILE_ONLY___ with
2026-05-07 14:15:30,240 INFO     ___FILE_ONLY___  
2026-05-07 14:15:30,241 INFO     ___FILE_ONLY___ --to-latest.
2026-05-07 14:15:30,241 INFO     ___FILE_ONLY___ 

2026-05-07 14:15:30,242 INFO     ___FILE_ONLY___ 

2026-05-07 14:15:30,242 INFO     ___FILE_ONLY___      --vpc-connector=VPC_CONNECTOR

2026-05-07 14:15:30,243 INFO     ___FILE_ONLY___        
2026-05-07 14:15:30,243 INFO     ___FILE_ONLY___  
2026-05-07 14:15:30,244 INFO     ___FILE_ONLY___ Set
2026-05-07 14:15:30,244 INFO     ___FILE_ONLY___  
2026-05-07 14:15:30,245 INFO     ___FILE_ONLY___ a
2026-05-07 14:15:30,245 INFO     ___FILE_ONLY___  
2026-05-07 14:15:30,246 INFO     ___FILE_ONLY___ VPC
2026-05-07 14:15:30,246 INFO     ___FILE_ONLY___  
2026-05-07 14:15:30,248 INFO     ___FILE_ONLY___ connector
2026-05-07 14:15:30,249 INFO     ___FILE_ONLY___  
2026-05-07 14:15:30,249 INFO     ___FILE_ONLY___ for
2026-05-07 14:15:30,250 INFO     ___FILE_ONLY___  
2026-05-07 14:15:30,250 INFO     ___FILE_ONLY___ this
2026-05-07 14:15:30,251 INFO     ___FILE_ONLY___  
2026-05-07 14:15:30,252 INFO     ___FILE_ONLY___ resource.
2026-05-07 14:15:30,252 INFO     ___FILE_ONLY___ 

2026-05-07 14:15:30,253 INFO     ___FILE_ONLY___ 

2026-05-07 14:15:30,253 INFO     ___FILE_ONLY___      --vpc-egress=VPC_EGRESS

2026-05-07 14:15:30,254 INFO     ___FILE_ONLY___        
2026-05-07 14:15:30,255 INFO     ___FILE_ONLY___  
2026-05-07 14:15:30,255 INFO     ___FILE_ONLY___ Specify
2026-05-07 14:15:30,256 INFO     ___FILE_ONLY___  
2026-05-07 14:15:30,256 INFO     ___FILE_ONLY___ which
2026-05-07 14:15:30,257 INFO     ___FILE_ONLY___  
2026-05-07 14:15:30,257 INFO     ___FILE_ONLY___ of
2026-05-07 14:15:30,258 INFO     ___FILE_ONLY___  
2026-05-07 14:15:30,258 INFO     ___FILE_ONLY___ the
2026-05-07 14:15:30,259 INFO     ___FILE_ONLY___  
2026-05-07 14:15:30,260 INFO     ___FILE_ONLY___ outbound
2026-05-07 14:15:30,260 INFO     ___FILE_ONLY___  
2026-05-07 14:15:30,261 INFO     ___FILE_ONLY___ traffic
2026-05-07 14:15:30,261 INFO     ___FILE_ONLY___  
2026-05-07 14:15:30,262 INFO     ___FILE_ONLY___ to
2026-05-07 14:15:30,262 INFO     ___FILE_ONLY___  
2026-05-07 14:15:30,263 INFO     ___FILE_ONLY___ send
2026-05-07 14:15:30,264 INFO     ___FILE_ONLY___  
2026-05-07 14:15:30,265 INFO     ___FILE_ONLY___ through
2026-05-07 14:15:30,265 INFO     ___FILE_ONLY___  
2026-05-07 14:15:30,266 INFO     ___FILE_ONLY___ Direct
2026-05-07 14:15:30,266 INFO     ___FILE_ONLY___  
2026-05-07 14:15:30,267 INFO     ___FILE_ONLY___ VPC
2026-05-07 14:15:30,268 INFO     ___FILE_ONLY___  
2026-05-07 14:15:30,268 INFO     ___FILE_ONLY___ egress
2026-05-07 14:15:30,269 INFO     ___FILE_ONLY___ 

2026-05-07 14:15:30,269 INFO     ___FILE_ONLY___         
2026-05-07 14:15:30,270 INFO     ___FILE_ONLY___ or
2026-05-07 14:15:30,270 INFO     ___FILE_ONLY___  
2026-05-07 14:15:30,271 INFO     ___FILE_ONLY___ the
2026-05-07 14:15:30,271 INFO     ___FILE_ONLY___  
2026-05-07 14:15:30,272 INFO     ___FILE_ONLY___ VPC
2026-05-07 14:15:30,272 INFO     ___FILE_ONLY___  
2026-05-07 14:15:30,273 INFO     ___FILE_ONLY___ connector
2026-05-07 14:15:30,273 INFO     ___FILE_ONLY___  
2026-05-07 14:15:30,274 INFO     ___FILE_ONLY___ for
2026-05-07 14:15:30,274 INFO     ___FILE_ONLY___  
2026-05-07 14:15:30,275 INFO     ___FILE_ONLY___ this
2026-05-07 14:15:30,275 INFO     ___FILE_ONLY___  
2026-05-07 14:15:30,276 INFO     ___FILE_ONLY___ resource.
2026-05-07 14:15:30,276 INFO     ___FILE_ONLY___  
2026-05-07 14:15:30,277 INFO     ___FILE_ONLY___ This
2026-05-07 14:15:30,278 INFO     ___FILE_ONLY___  
2026-05-07 14:15:30,278 INFO     ___FILE_ONLY___ resource
2026-05-07 14:15:30,279 INFO     ___FILE_ONLY___  
2026-05-07 14:15:30,279 INFO     ___FILE_ONLY___ must
2026-05-07 14:15:30,280 INFO     ___FILE_ONLY___  
2026-05-07 14:15:30,281 INFO     ___FILE_ONLY___ have
2026-05-07 14:15:30,282 INFO     ___FILE_ONLY___  
2026-05-07 14:15:30,283 INFO     ___FILE_ONLY___ Direct
2026-05-07 14:15:30,284 INFO     ___FILE_ONLY___ 

2026-05-07 14:15:30,284 INFO     ___FILE_ONLY___         
2026-05-07 14:15:30,285 INFO     ___FILE_ONLY___ VPC
2026-05-07 14:15:30,285 INFO     ___FILE_ONLY___  
2026-05-07 14:15:30,286 INFO     ___FILE_ONLY___ egress
2026-05-07 14:15:30,286 INFO     ___FILE_ONLY___  
2026-05-07 14:15:30,287 INFO     ___FILE_ONLY___ enabled
2026-05-07 14:15:30,287 INFO     ___FILE_ONLY___  
2026-05-07 14:15:30,288 INFO     ___FILE_ONLY___ or
2026-05-07 14:15:30,288 INFO     ___FILE_ONLY___  
2026-05-07 14:15:30,289 INFO     ___FILE_ONLY___ a
2026-05-07 14:15:30,289 INFO     ___FILE_ONLY___  
2026-05-07 14:15:30,290 INFO     ___FILE_ONLY___ VPC
2026-05-07 14:15:30,290 INFO     ___FILE_ONLY___  
2026-05-07 14:15:30,291 INFO     ___FILE_ONLY___ connector
2026-05-07 14:15:30,291 INFO     ___FILE_ONLY___  
2026-05-07 14:15:30,292 INFO     ___FILE_ONLY___ to
2026-05-07 14:15:30,292 INFO     ___FILE_ONLY___  
2026-05-07 14:15:30,293 INFO     ___FILE_ONLY___ set
2026-05-07 14:15:30,293 INFO     ___FILE_ONLY___  
2026-05-07 14:15:30,294 INFO     ___FILE_ONLY___ this
2026-05-07 14:15:30,295 INFO     ___FILE_ONLY___  
2026-05-07 14:15:30,295 INFO     ___FILE_ONLY___ flag.
2026-05-07 14:15:30,296 INFO     ___FILE_ONLY___  
2026-05-07 14:15:30,296 INFO     ___FILE_ONLY___ VPC_EGRESS
2026-05-07 14:15:30,298 INFO     ___FILE_ONLY___  
2026-05-07 14:15:30,299 INFO     ___FILE_ONLY___ must
2026-05-07 14:15:30,300 INFO     ___FILE_ONLY___ 

2026-05-07 14:15:30,300 INFO     ___FILE_ONLY___         
2026-05-07 14:15:30,301 INFO     ___FILE_ONLY___ be
2026-05-07 14:15:30,301 INFO     ___FILE_ONLY___  
2026-05-07 14:15:30,302 INFO     ___FILE_ONLY___ one
2026-05-07 14:15:30,302 INFO     ___FILE_ONLY___  
2026-05-07 14:15:30,303 INFO     ___FILE_ONLY___ of:
2026-05-07 14:15:30,304 INFO     ___FILE_ONLY___ 

2026-05-07 14:15:30,304 INFO     ___FILE_ONLY___ 

2026-05-07 14:15:30,305 INFO     ___FILE_ONLY___          all

2026-05-07 14:15:30,305 INFO     ___FILE_ONLY___            
2026-05-07 14:15:30,306 INFO     ___FILE_ONLY___  
2026-05-07 14:15:30,306 INFO     ___FILE_ONLY___ (DEPRECATED)
2026-05-07 14:15:30,307 INFO     ___FILE_ONLY___  
2026-05-07 14:15:30,308 INFO     ___FILE_ONLY___ Sends
2026-05-07 14:15:30,308 INFO     ___FILE_ONLY___  
2026-05-07 14:15:30,309 INFO     ___FILE_ONLY___ all
2026-05-07 14:15:30,309 INFO     ___FILE_ONLY___  
2026-05-07 14:15:30,310 INFO     ___FILE_ONLY___ outbound
2026-05-07 14:15:30,310 INFO     ___FILE_ONLY___  
2026-05-07 14:15:30,311 INFO     ___FILE_ONLY___ traffic
2026-05-07 14:15:30,311 INFO     ___FILE_ONLY___  
2026-05-07 14:15:30,312 INFO     ___FILE_ONLY___ through
2026-05-07 14:15:30,312 INFO     ___FILE_ONLY___  
2026-05-07 14:15:30,313 INFO     ___FILE_ONLY___ Direct
2026-05-07 14:15:30,314 INFO     ___FILE_ONLY___  
2026-05-07 14:15:30,315 INFO     ___FILE_ONLY___ VPC
2026-05-07 14:15:30,316 INFO     ___FILE_ONLY___  
2026-05-07 14:15:30,316 INFO     ___FILE_ONLY___ egress
2026-05-07 14:15:30,317 INFO     ___FILE_ONLY___ 

2026-05-07 14:15:30,317 INFO     ___FILE_ONLY___             
2026-05-07 14:15:30,318 INFO     ___FILE_ONLY___ or
2026-05-07 14:15:30,318 INFO     ___FILE_ONLY___  
2026-05-07 14:15:30,319 INFO     ___FILE_ONLY___ the
2026-05-07 14:15:30,319 INFO     ___FILE_ONLY___  
2026-05-07 14:15:30,320 INFO     ___FILE_ONLY___ VPC
2026-05-07 14:15:30,320 INFO     ___FILE_ONLY___  
2026-05-07 14:15:30,321 INFO     ___FILE_ONLY___ connector.
2026-05-07 14:15:30,321 INFO     ___FILE_ONLY___  
2026-05-07 14:15:30,322 INFO     ___FILE_ONLY___ Provides
2026-05-07 14:15:30,322 INFO     ___FILE_ONLY___  
2026-05-07 14:15:30,323 INFO     ___FILE_ONLY___ the
2026-05-07 14:15:30,323 INFO     ___FILE_ONLY___  
2026-05-07 14:15:30,324 INFO     ___FILE_ONLY___ same
2026-05-07 14:15:30,324 INFO     ___FILE_ONLY___  
2026-05-07 14:15:30,325 INFO     ___FILE_ONLY___ functionality
2026-05-07 14:15:30,325 INFO     ___FILE_ONLY___  
2026-05-07 14:15:30,326 INFO     ___FILE_ONLY___ as
2026-05-07 14:15:30,326 INFO     ___FILE_ONLY___ 

2026-05-07 14:15:30,327 INFO     ___FILE_ONLY___             
2026-05-07 14:15:30,328 INFO     ___FILE_ONLY___ 'all-traffic'.
2026-05-07 14:15:30,328 INFO     ___FILE_ONLY___  
2026-05-07 14:15:30,329 INFO     ___FILE_ONLY___ Prefer
2026-05-07 14:15:30,330 INFO     ___FILE_ONLY___  
2026-05-07 14:15:30,331 INFO     ___FILE_ONLY___ to
2026-05-07 14:15:30,332 INFO     ___FILE_ONLY___  
2026-05-07 14:15:30,332 INFO     ___FILE_ONLY___ use
2026-05-07 14:15:30,333 INFO     ___FILE_ONLY___  
2026-05-07 14:15:30,333 INFO     ___FILE_ONLY___ 'all-traffic'
2026-05-07 14:15:30,334 INFO     ___FILE_ONLY___  
2026-05-07 14:15:30,334 INFO     ___FILE_ONLY___ instead.
2026-05-07 14:15:30,335 INFO     ___FILE_ONLY___ 

2026-05-07 14:15:30,336 INFO     ___FILE_ONLY___          all-traffic

2026-05-07 14:15:30,336 INFO     ___FILE_ONLY___            
2026-05-07 14:15:30,336 INFO     ___FILE_ONLY___  
2026-05-07 14:15:30,337 INFO     ___FILE_ONLY___ Sends
2026-05-07 14:15:30,337 INFO     ___FILE_ONLY___  
2026-05-07 14:15:30,338 INFO     ___FILE_ONLY___ all
2026-05-07 14:15:30,338 INFO     ___FILE_ONLY___  
2026-05-07 14:15:30,339 INFO     ___FILE_ONLY___ outbound
2026-05-07 14:15:30,339 INFO     ___FILE_ONLY___  
2026-05-07 14:15:30,340 INFO     ___FILE_ONLY___ traffic
2026-05-07 14:15:30,340 INFO     ___FILE_ONLY___  
2026-05-07 14:15:30,340 INFO     ___FILE_ONLY___ through
2026-05-07 14:15:30,341 INFO     ___FILE_ONLY___  
2026-05-07 14:15:30,341 INFO     ___FILE_ONLY___ Direct
2026-05-07 14:15:30,342 INFO     ___FILE_ONLY___  
2026-05-07 14:15:30,342 INFO     ___FILE_ONLY___ VPC
2026-05-07 14:15:30,343 INFO     ___FILE_ONLY___  
2026-05-07 14:15:30,343 INFO     ___FILE_ONLY___ egress
2026-05-07 14:15:30,344 INFO     ___FILE_ONLY___  
2026-05-07 14:15:30,344 INFO     ___FILE_ONLY___ or
2026-05-07 14:15:30,345 INFO     ___FILE_ONLY___  
2026-05-07 14:15:30,345 INFO     ___FILE_ONLY___ the
2026-05-07 14:15:30,346 INFO     ___FILE_ONLY___  
2026-05-07 14:15:30,347 INFO     ___FILE_ONLY___ VPC
2026-05-07 14:15:30,347 INFO     ___FILE_ONLY___ 

2026-05-07 14:15:30,348 INFO     ___FILE_ONLY___             
2026-05-07 14:15:30,349 INFO     ___FILE_ONLY___ connector.
2026-05-07 14:15:30,349 INFO     ___FILE_ONLY___ 

2026-05-07 14:15:30,350 INFO     ___FILE_ONLY___          private-ranges-only

2026-05-07 14:15:30,350 INFO     ___FILE_ONLY___            
2026-05-07 14:15:30,351 INFO     ___FILE_ONLY___  
2026-05-07 14:15:30,351 INFO     ___FILE_ONLY___ Default
2026-05-07 14:15:30,352 INFO     ___FILE_ONLY___  
2026-05-07 14:15:30,352 INFO     ___FILE_ONLY___ option.
2026-05-07 14:15:30,353 INFO     ___FILE_ONLY___  
2026-05-07 14:15:30,353 INFO     ___FILE_ONLY___ Sends
2026-05-07 14:15:30,354 INFO     ___FILE_ONLY___  
2026-05-07 14:15:30,354 INFO     ___FILE_ONLY___ outbound
2026-05-07 14:15:30,355 INFO     ___FILE_ONLY___  
2026-05-07 14:15:30,355 INFO     ___FILE_ONLY___ traffic
2026-05-07 14:15:30,356 INFO     ___FILE_ONLY___  
2026-05-07 14:15:30,356 INFO     ___FILE_ONLY___ to
2026-05-07 14:15:30,357 INFO     ___FILE_ONLY___  
2026-05-07 14:15:30,357 INFO     ___FILE_ONLY___ private
2026-05-07 14:15:30,358 INFO     ___FILE_ONLY___  
2026-05-07 14:15:30,359 INFO     ___FILE_ONLY___ IP
2026-05-07 14:15:30,359 INFO     ___FILE_ONLY___  
2026-05-07 14:15:30,360 INFO     ___FILE_ONLY___ addresses
2026-05-07 14:15:30,360 INFO     ___FILE_ONLY___  
2026-05-07 14:15:30,360 INFO     ___FILE_ONLY___ (RFC
2026-05-07 14:15:30,361 INFO     ___FILE_ONLY___ 

2026-05-07 14:15:30,361 INFO     ___FILE_ONLY___             
2026-05-07 14:15:30,362 INFO     ___FILE_ONLY___ 1918
2026-05-07 14:15:30,362 INFO     ___FILE_ONLY___  
2026-05-07 14:15:30,363 INFO     ___FILE_ONLY___ and
2026-05-07 14:15:30,363 INFO     ___FILE_ONLY___  
2026-05-07 14:15:30,364 INFO     ___FILE_ONLY___ Private
2026-05-07 14:15:30,365 INFO     ___FILE_ONLY___  
2026-05-07 14:15:30,365 INFO     ___FILE_ONLY___ Google
2026-05-07 14:15:30,365 INFO     ___FILE_ONLY___  
2026-05-07 14:15:30,366 INFO     ___FILE_ONLY___ Access
2026-05-07 14:15:30,366 INFO     ___FILE_ONLY___  
2026-05-07 14:15:30,367 INFO     ___FILE_ONLY___ IPs)
2026-05-07 14:15:30,367 INFO     ___FILE_ONLY___  
2026-05-07 14:15:30,368 INFO     ___FILE_ONLY___ through
2026-05-07 14:15:30,368 INFO     ___FILE_ONLY___  
2026-05-07 14:15:30,369 INFO     ___FILE_ONLY___ Direct
2026-05-07 14:15:30,369 INFO     ___FILE_ONLY___  
2026-05-07 14:15:30,370 INFO     ___FILE_ONLY___ VPC
2026-05-07 14:15:30,370 INFO     ___FILE_ONLY___  
2026-05-07 14:15:30,370 INFO     ___FILE_ONLY___ egress
2026-05-07 14:15:30,371 INFO     ___FILE_ONLY___  
2026-05-07 14:15:30,371 INFO     ___FILE_ONLY___ or
2026-05-07 14:15:30,372 INFO     ___FILE_ONLY___ 

2026-05-07 14:15:30,372 INFO     ___FILE_ONLY___             
2026-05-07 14:15:30,373 INFO     ___FILE_ONLY___ the
2026-05-07 14:15:30,373 INFO     ___FILE_ONLY___  
2026-05-07 14:15:30,374 INFO     ___FILE_ONLY___ VPC
2026-05-07 14:15:30,374 INFO     ___FILE_ONLY___  
2026-05-07 14:15:30,374 INFO     ___FILE_ONLY___ connector.
2026-05-07 14:15:30,375 INFO     ___FILE_ONLY___ 

2026-05-07 14:15:30,375 INFO     ___FILE_ONLY___ 

2026-05-07 14:15:30,376 INFO     ___FILE_ONLY___            
2026-05-07 14:15:30,376 INFO     ___FILE_ONLY___  
2026-05-07 14:15:30,377 INFO     ___FILE_ONLY___ Traffic
2026-05-07 14:15:30,377 INFO     ___FILE_ONLY___  
2026-05-07 14:15:30,378 INFO     ___FILE_ONLY___ to
2026-05-07 14:15:30,378 INFO     ___FILE_ONLY___  
2026-05-07 14:15:30,379 INFO     ___FILE_ONLY___ other
2026-05-07 14:15:30,379 INFO     ___FILE_ONLY___  
2026-05-07 14:15:30,379 INFO     ___FILE_ONLY___ Cloud
2026-05-07 14:15:30,380 INFO     ___FILE_ONLY___  
2026-05-07 14:15:30,381 INFO     ___FILE_ONLY___ Run
2026-05-07 14:15:30,381 INFO     ___FILE_ONLY___  
2026-05-07 14:15:30,382 INFO     ___FILE_ONLY___ services
2026-05-07 14:15:30,382 INFO     ___FILE_ONLY___  
2026-05-07 14:15:30,383 INFO     ___FILE_ONLY___ might
2026-05-07 14:15:30,383 INFO     ___FILE_ONLY___  
2026-05-07 14:15:30,384 INFO     ___FILE_ONLY___ require
2026-05-07 14:15:30,384 INFO     ___FILE_ONLY___  
2026-05-07 14:15:30,385 INFO     ___FILE_ONLY___ additional
2026-05-07 14:15:30,385 INFO     ___FILE_ONLY___ 

2026-05-07 14:15:30,386 INFO     ___FILE_ONLY___             
2026-05-07 14:15:30,386 INFO     ___FILE_ONLY___ configuration.
2026-05-07 14:15:30,387 INFO     ___FILE_ONLY___  
2026-05-07 14:15:30,387 INFO     ___FILE_ONLY___ See
2026-05-07 14:15:30,387 INFO     ___FILE_ONLY___ 

2026-05-07 14:15:30,388 INFO     ___FILE_ONLY___             
2026-05-07 14:15:30,388 INFO     ___FILE_ONLY___ https://cloud.google.com/run/docs/securing/private-networking#send_requests_to_other_services_and_services
2026-05-07 14:15:30,389 INFO     ___FILE_ONLY___ 

2026-05-07 14:15:30,389 INFO     ___FILE_ONLY___             
2026-05-07 14:15:30,390 INFO     ___FILE_ONLY___ for
2026-05-07 14:15:30,390 INFO     ___FILE_ONLY___  
2026-05-07 14:15:30,391 INFO     ___FILE_ONLY___ more
2026-05-07 14:15:30,391 INFO     ___FILE_ONLY___  
2026-05-07 14:15:30,392 INFO     ___FILE_ONLY___ information.
2026-05-07 14:15:30,392 INFO     ___FILE_ONLY___ 

2026-05-07 14:15:30,392 INFO     ___FILE_ONLY___ 

2026-05-07 14:15:30,393 INFO     ___FILE_ONLY___     
2026-05-07 14:15:30,393 INFO     ___FILE_ONLY___  
2026-05-07 14:15:30,394 INFO     ___FILE_ONLY___ These
2026-05-07 14:15:30,394 INFO     ___FILE_ONLY___  
2026-05-07 14:15:30,395 INFO     ___FILE_ONLY___ flags
2026-05-07 14:15:30,395 INFO     ___FILE_ONLY___  
2026-05-07 14:15:30,396 INFO     ___FILE_ONLY___ modify
2026-05-07 14:15:30,396 INFO     ___FILE_ONLY___  
2026-05-07 14:15:30,398 INFO     ___FILE_ONLY___ the
2026-05-07 14:15:30,398 INFO     ___FILE_ONLY___  
2026-05-07 14:15:30,399 INFO     ___FILE_ONLY___ Cloud
2026-05-07 14:15:30,399 INFO     ___FILE_ONLY___  
2026-05-07 14:15:30,400 INFO     ___FILE_ONLY___ SQL
2026-05-07 14:15:30,400 INFO     ___FILE_ONLY___  
2026-05-07 14:15:30,401 INFO     ___FILE_ONLY___ instances
2026-05-07 14:15:30,401 INFO     ___FILE_ONLY___  
2026-05-07 14:15:30,402 INFO     ___FILE_ONLY___ this
2026-05-07 14:15:30,402 INFO     ___FILE_ONLY___  
2026-05-07 14:15:30,403 INFO     ___FILE_ONLY___ Service
2026-05-07 14:15:30,403 INFO     ___FILE_ONLY___  
2026-05-07 14:15:30,404 INFO     ___FILE_ONLY___ connects
2026-05-07 14:15:30,404 INFO     ___FILE_ONLY___  
2026-05-07 14:15:30,405 INFO     ___FILE_ONLY___ to.
2026-05-07 14:15:30,405 INFO     ___FILE_ONLY___  
2026-05-07 14:15:30,406 INFO     ___FILE_ONLY___ You
2026-05-07 14:15:30,406 INFO     ___FILE_ONLY___ 

2026-05-07 14:15:30,407 INFO     ___FILE_ONLY___      
2026-05-07 14:15:30,407 INFO     ___FILE_ONLY___ can
2026-05-07 14:15:30,408 INFO     ___FILE_ONLY___  
2026-05-07 14:15:30,408 INFO     ___FILE_ONLY___ specify
2026-05-07 14:15:30,409 INFO     ___FILE_ONLY___  
2026-05-07 14:15:30,410 INFO     ___FILE_ONLY___ a
2026-05-07 14:15:30,410 INFO     ___FILE_ONLY___  
2026-05-07 14:15:30,411 INFO     ___FILE_ONLY___ name
2026-05-07 14:15:30,411 INFO     ___FILE_ONLY___  
2026-05-07 14:15:30,412 INFO     ___FILE_ONLY___ of
2026-05-07 14:15:30,412 INFO     ___FILE_ONLY___  
2026-05-07 14:15:30,413 INFO     ___FILE_ONLY___ a
2026-05-07 14:15:30,414 INFO     ___FILE_ONLY___  
2026-05-07 14:15:30,414 INFO     ___FILE_ONLY___ Cloud
2026-05-07 14:15:30,415 INFO     ___FILE_ONLY___  
2026-05-07 14:15:30,416 INFO     ___FILE_ONLY___ SQL
2026-05-07 14:15:30,416 INFO     ___FILE_ONLY___  
2026-05-07 14:15:30,417 INFO     ___FILE_ONLY___ instance
2026-05-07 14:15:30,417 INFO     ___FILE_ONLY___  
2026-05-07 14:15:30,418 INFO     ___FILE_ONLY___ if
2026-05-07 14:15:30,418 INFO     ___FILE_ONLY___  
2026-05-07 14:15:30,419 INFO     ___FILE_ONLY___ it's
2026-05-07 14:15:30,419 INFO     ___FILE_ONLY___  
2026-05-07 14:15:30,420 INFO     ___FILE_ONLY___ in
2026-05-07 14:15:30,421 INFO     ___FILE_ONLY___  
2026-05-07 14:15:30,421 INFO     ___FILE_ONLY___ the
2026-05-07 14:15:30,422 INFO     ___FILE_ONLY___  
2026-05-07 14:15:30,422 INFO     ___FILE_ONLY___ same
2026-05-07 14:15:30,423 INFO     ___FILE_ONLY___  
2026-05-07 14:15:30,423 INFO     ___FILE_ONLY___ project
2026-05-07 14:15:30,424 INFO     ___FILE_ONLY___  
2026-05-07 14:15:30,424 INFO     ___FILE_ONLY___ and
2026-05-07 14:15:30,425 INFO     ___FILE_ONLY___ 

2026-05-07 14:15:30,425 INFO     ___FILE_ONLY___      
2026-05-07 14:15:30,426 INFO     ___FILE_ONLY___ region
2026-05-07 14:15:30,426 INFO     ___FILE_ONLY___  
2026-05-07 14:15:30,427 INFO     ___FILE_ONLY___ as
2026-05-07 14:15:30,427 INFO     ___FILE_ONLY___  
2026-05-07 14:15:30,428 INFO     ___FILE_ONLY___ your
2026-05-07 14:15:30,428 INFO     ___FILE_ONLY___  
2026-05-07 14:15:30,429 INFO     ___FILE_ONLY___ Cloud
2026-05-07 14:15:30,430 INFO     ___FILE_ONLY___  
2026-05-07 14:15:30,431 INFO     ___FILE_ONLY___ Run
2026-05-07 14:15:30,431 INFO     ___FILE_ONLY___  
2026-05-07 14:15:30,432 INFO     ___FILE_ONLY___ service;
2026-05-07 14:15:30,432 INFO     ___FILE_ONLY___  
2026-05-07 14:15:30,433 INFO     ___FILE_ONLY___ otherwise
2026-05-07 14:15:30,434 INFO     ___FILE_ONLY___  
2026-05-07 14:15:30,434 INFO     ___FILE_ONLY___ specify
2026-05-07 14:15:30,435 INFO     ___FILE_ONLY___ 

2026-05-07 14:15:30,436 INFO     ___FILE_ONLY___      
2026-05-07 14:15:30,436 INFO     ___FILE_ONLY___ <project>:<region>:<instance>
2026-05-07 14:15:30,437 INFO     ___FILE_ONLY___  
2026-05-07 14:15:30,438 INFO     ___FILE_ONLY___ for
2026-05-07 14:15:30,438 INFO     ___FILE_ONLY___  
2026-05-07 14:15:30,439 INFO     ___FILE_ONLY___ the
2026-05-07 14:15:30,440 INFO     ___FILE_ONLY___  
2026-05-07 14:15:30,441 INFO     ___FILE_ONLY___ instance.
2026-05-07 14:15:30,441 INFO     ___FILE_ONLY___ 

2026-05-07 14:15:30,442 INFO     ___FILE_ONLY___ 

2026-05-07 14:15:30,443 INFO     ___FILE_ONLY___     
2026-05-07 14:15:30,443 INFO     ___FILE_ONLY___  
2026-05-07 14:15:30,444 INFO     ___FILE_ONLY___ At
2026-05-07 14:15:30,445 INFO     ___FILE_ONLY___  
2026-05-07 14:15:30,445 INFO     ___FILE_ONLY___ most
2026-05-07 14:15:30,446 INFO     ___FILE_ONLY___  
2026-05-07 14:15:30,446 INFO     ___FILE_ONLY___ one
2026-05-07 14:15:30,447 INFO     ___FILE_ONLY___  
2026-05-07 14:15:30,448 INFO     ___FILE_ONLY___ of
2026-05-07 14:15:30,448 INFO     ___FILE_ONLY___  
2026-05-07 14:15:30,449 INFO     ___FILE_ONLY___ these
2026-05-07 14:15:30,450 INFO     ___FILE_ONLY___  
2026-05-07 14:15:30,450 INFO     ___FILE_ONLY___ can
2026-05-07 14:15:30,451 INFO     ___FILE_ONLY___  
2026-05-07 14:15:30,451 INFO     ___FILE_ONLY___ be
2026-05-07 14:15:30,452 INFO     ___FILE_ONLY___  
2026-05-07 14:15:30,452 INFO     ___FILE_ONLY___ specified:
2026-05-07 14:15:30,453 INFO     ___FILE_ONLY___ 

2026-05-07 14:15:30,453 INFO     ___FILE_ONLY___ 

2026-05-07 14:15:30,454 INFO     ___FILE_ONLY___        --add-cloudsql-instances=[CLOUDSQL-INSTANCES,...]

2026-05-07 14:15:30,455 INFO     ___FILE_ONLY___          
2026-05-07 14:15:30,455 INFO     ___FILE_ONLY___  
2026-05-07 14:15:30,456 INFO     ___FILE_ONLY___ Append
2026-05-07 14:15:30,456 INFO     ___FILE_ONLY___  
2026-05-07 14:15:30,457 INFO     ___FILE_ONLY___ the
2026-05-07 14:15:30,457 INFO     ___FILE_ONLY___  
2026-05-07 14:15:30,458 INFO     ___FILE_ONLY___ given
2026-05-07 14:15:30,458 INFO     ___FILE_ONLY___  
2026-05-07 14:15:30,459 INFO     ___FILE_ONLY___ values
2026-05-07 14:15:30,459 INFO     ___FILE_ONLY___  
2026-05-07 14:15:30,460 INFO     ___FILE_ONLY___ to
2026-05-07 14:15:30,460 INFO     ___FILE_ONLY___  
2026-05-07 14:15:30,461 INFO     ___FILE_ONLY___ the
2026-05-07 14:15:30,461 INFO     ___FILE_ONLY___  
2026-05-07 14:15:30,462 INFO     ___FILE_ONLY___ current
2026-05-07 14:15:30,462 INFO     ___FILE_ONLY___  
2026-05-07 14:15:30,463 INFO     ___FILE_ONLY___ Cloud
2026-05-07 14:15:30,464 INFO     ___FILE_ONLY___  
2026-05-07 14:15:30,465 INFO     ___FILE_ONLY___ SQL
2026-05-07 14:15:30,465 INFO     ___FILE_ONLY___  
2026-05-07 14:15:30,466 INFO     ___FILE_ONLY___ instances.
2026-05-07 14:15:30,466 INFO     ___FILE_ONLY___ 

2026-05-07 14:15:30,467 INFO     ___FILE_ONLY___ 

2026-05-07 14:15:30,467 INFO     ___FILE_ONLY___        --clear-cloudsql-instances

2026-05-07 14:15:30,468 INFO     ___FILE_ONLY___          
2026-05-07 14:15:30,469 INFO     ___FILE_ONLY___  
2026-05-07 14:15:30,469 INFO     ___FILE_ONLY___ Empty
2026-05-07 14:15:30,470 INFO     ___FILE_ONLY___  
2026-05-07 14:15:30,470 INFO     ___FILE_ONLY___ the
2026-05-07 14:15:30,471 INFO     ___FILE_ONLY___  
2026-05-07 14:15:30,471 INFO     ___FILE_ONLY___ current
2026-05-07 14:15:30,472 INFO     ___FILE_ONLY___  
2026-05-07 14:15:30,473 INFO     ___FILE_ONLY___ Cloud
2026-05-07 14:15:30,473 INFO     ___FILE_ONLY___  
2026-05-07 14:15:30,474 INFO     ___FILE_ONLY___ SQL
2026-05-07 14:15:30,474 INFO     ___FILE_ONLY___  
2026-05-07 14:15:30,475 INFO     ___FILE_ONLY___ instances.
2026-05-07 14:15:30,475 INFO     ___FILE_ONLY___ 

2026-05-07 14:15:30,476 INFO     ___FILE_ONLY___ 

2026-05-07 14:15:30,476 INFO     ___FILE_ONLY___        --remove-cloudsql-instances=[CLOUDSQL-INSTANCES,...]

2026-05-07 14:15:30,477 INFO     ___FILE_ONLY___          
2026-05-07 14:15:30,477 INFO     ___FILE_ONLY___  
2026-05-07 14:15:30,478 INFO     ___FILE_ONLY___ Remove
2026-05-07 14:15:30,478 INFO     ___FILE_ONLY___  
2026-05-07 14:15:30,479 INFO     ___FILE_ONLY___ the
2026-05-07 14:15:30,480 INFO     ___FILE_ONLY___  
2026-05-07 14:15:30,481 INFO     ___FILE_ONLY___ given
2026-05-07 14:15:30,481 INFO     ___FILE_ONLY___  
2026-05-07 14:15:30,482 INFO     ___FILE_ONLY___ values
2026-05-07 14:15:30,483 INFO     ___FILE_ONLY___  
2026-05-07 14:15:30,483 INFO     ___FILE_ONLY___ from
2026-05-07 14:15:30,484 INFO     ___FILE_ONLY___  
2026-05-07 14:15:30,485 INFO     ___FILE_ONLY___ the
2026-05-07 14:15:30,485 INFO     ___FILE_ONLY___  
2026-05-07 14:15:30,486 INFO     ___FILE_ONLY___ current
2026-05-07 14:15:30,487 INFO     ___FILE_ONLY___  
2026-05-07 14:15:30,487 INFO     ___FILE_ONLY___ Cloud
2026-05-07 14:15:30,488 INFO     ___FILE_ONLY___  
2026-05-07 14:15:30,488 INFO     ___FILE_ONLY___ SQL
2026-05-07 14:15:30,489 INFO     ___FILE_ONLY___  
2026-05-07 14:15:30,490 INFO     ___FILE_ONLY___ instances.
2026-05-07 14:15:30,490 INFO     ___FILE_ONLY___ 

2026-05-07 14:15:30,491 INFO     ___FILE_ONLY___ 

2026-05-07 14:15:30,492 INFO     ___FILE_ONLY___        --set-cloudsql-instances=[CLOUDSQL-INSTANCES,...]

2026-05-07 14:15:30,492 INFO     ___FILE_ONLY___          
2026-05-07 14:15:30,493 INFO     ___FILE_ONLY___  
2026-05-07 14:15:30,494 INFO     ___FILE_ONLY___ Completely
2026-05-07 14:15:30,494 INFO     ___FILE_ONLY___  
2026-05-07 14:15:30,495 INFO     ___FILE_ONLY___ replace
2026-05-07 14:15:30,496 INFO     ___FILE_ONLY___  
2026-05-07 14:15:30,498 INFO     ___FILE_ONLY___ the
2026-05-07 14:15:30,498 INFO     ___FILE_ONLY___  
2026-05-07 14:15:30,499 INFO     ___FILE_ONLY___ current
2026-05-07 14:15:30,499 INFO     ___FILE_ONLY___  
2026-05-07 14:15:30,500 INFO     ___FILE_ONLY___ Cloud
2026-05-07 14:15:30,500 INFO     ___FILE_ONLY___  
2026-05-07 14:15:30,501 INFO     ___FILE_ONLY___ SQL
2026-05-07 14:15:30,501 INFO     ___FILE_ONLY___  
2026-05-07 14:15:30,502 INFO     ___FILE_ONLY___ instances
2026-05-07 14:15:30,502 INFO     ___FILE_ONLY___  
2026-05-07 14:15:30,503 INFO     ___FILE_ONLY___ with
2026-05-07 14:15:30,503 INFO     ___FILE_ONLY___  
2026-05-07 14:15:30,504 INFO     ___FILE_ONLY___ the
2026-05-07 14:15:30,504 INFO     ___FILE_ONLY___  
2026-05-07 14:15:30,505 INFO     ___FILE_ONLY___ given
2026-05-07 14:15:30,505 INFO     ___FILE_ONLY___ 

2026-05-07 14:15:30,506 INFO     ___FILE_ONLY___           
2026-05-07 14:15:30,506 INFO     ___FILE_ONLY___ values.
2026-05-07 14:15:30,507 INFO     ___FILE_ONLY___ 

2026-05-07 14:15:30,507 INFO     ___FILE_ONLY___ 

2026-05-07 14:15:30,508 INFO     ___FILE_ONLY___     
2026-05-07 14:15:30,508 INFO     ___FILE_ONLY___  
2026-05-07 14:15:30,509 INFO     ___FILE_ONLY___ These
2026-05-07 14:15:30,509 INFO     ___FILE_ONLY___  
2026-05-07 14:15:30,510 INFO     ___FILE_ONLY___ flags
2026-05-07 14:15:30,510 INFO     ___FILE_ONLY___  
2026-05-07 14:15:30,511 INFO     ___FILE_ONLY___ modify
2026-05-07 14:15:30,511 INFO     ___FILE_ONLY___  
2026-05-07 14:15:30,512 INFO     ___FILE_ONLY___ the
2026-05-07 14:15:30,512 INFO     ___FILE_ONLY___  
2026-05-07 14:15:30,513 INFO     ___FILE_ONLY___ custom
2026-05-07 14:15:30,513 INFO     ___FILE_ONLY___  
2026-05-07 14:15:30,514 INFO     ___FILE_ONLY___ audiences
2026-05-07 14:15:30,515 INFO     ___FILE_ONLY___  
2026-05-07 14:15:30,515 INFO     ___FILE_ONLY___ that
2026-05-07 14:15:30,516 INFO     ___FILE_ONLY___  
2026-05-07 14:15:30,516 INFO     ___FILE_ONLY___ can
2026-05-07 14:15:30,517 INFO     ___FILE_ONLY___  
2026-05-07 14:15:30,517 INFO     ___FILE_ONLY___ be
2026-05-07 14:15:30,518 INFO     ___FILE_ONLY___  
2026-05-07 14:15:30,518 INFO     ___FILE_ONLY___ used
2026-05-07 14:15:30,519 INFO     ___FILE_ONLY___  
2026-05-07 14:15:30,519 INFO     ___FILE_ONLY___ in
2026-05-07 14:15:30,520 INFO     ___FILE_ONLY___  
2026-05-07 14:15:30,520 INFO     ___FILE_ONLY___ the
2026-05-07 14:15:30,521 INFO     ___FILE_ONLY___  
2026-05-07 14:15:30,521 INFO     ___FILE_ONLY___ audience
2026-05-07 14:15:30,522 INFO     ___FILE_ONLY___ 

2026-05-07 14:15:30,522 INFO     ___FILE_ONLY___      
2026-05-07 14:15:30,523 INFO     ___FILE_ONLY___ field
2026-05-07 14:15:30,523 INFO     ___FILE_ONLY___  
2026-05-07 14:15:30,524 INFO     ___FILE_ONLY___ of
2026-05-07 14:15:30,524 INFO     ___FILE_ONLY___  
2026-05-07 14:15:30,525 INFO     ___FILE_ONLY___ ID
2026-05-07 14:15:30,525 INFO     ___FILE_ONLY___  
2026-05-07 14:15:30,526 INFO     ___FILE_ONLY___ token
2026-05-07 14:15:30,526 INFO     ___FILE_ONLY___  
2026-05-07 14:15:30,527 INFO     ___FILE_ONLY___ for
2026-05-07 14:15:30,527 INFO     ___FILE_ONLY___  
2026-05-07 14:15:30,528 INFO     ___FILE_ONLY___ authenticated
2026-05-07 14:15:30,528 INFO     ___FILE_ONLY___  
2026-05-07 14:15:30,529 INFO     ___FILE_ONLY___ requests.
2026-05-07 14:15:30,529 INFO     ___FILE_ONLY___ 

2026-05-07 14:15:30,530 INFO     ___FILE_ONLY___ 

2026-05-07 14:15:30,531 INFO     ___FILE_ONLY___     
2026-05-07 14:15:30,531 INFO     ___FILE_ONLY___  
2026-05-07 14:15:30,532 INFO     ___FILE_ONLY___ At
2026-05-07 14:15:30,532 INFO     ___FILE_ONLY___  
2026-05-07 14:15:30,533 INFO     ___FILE_ONLY___ most
2026-05-07 14:15:30,533 INFO     ___FILE_ONLY___  
2026-05-07 14:15:30,539 INFO     ___FILE_ONLY___ one
2026-05-07 14:15:30,540 INFO     ___FILE_ONLY___  
2026-05-07 14:15:30,542 INFO     ___FILE_ONLY___ of
2026-05-07 14:15:30,543 INFO     ___FILE_ONLY___  
2026-05-07 14:15:30,544 INFO     ___FILE_ONLY___ these
2026-05-07 14:15:30,544 INFO     ___FILE_ONLY___  
2026-05-07 14:15:30,545 INFO     ___FILE_ONLY___ can
2026-05-07 14:15:30,546 INFO     ___FILE_ONLY___  
2026-05-07 14:15:30,546 INFO     ___FILE_ONLY___ be
2026-05-07 14:15:30,547 INFO     ___FILE_ONLY___  
2026-05-07 14:15:30,548 INFO     ___FILE_ONLY___ specified:
2026-05-07 14:15:30,549 INFO     ___FILE_ONLY___ 

2026-05-07 14:15:30,550 INFO     ___FILE_ONLY___ 

2026-05-07 14:15:30,551 INFO     ___FILE_ONLY___        --add-custom-audiences=[CUSTOM-AUDIENCES,...]

2026-05-07 14:15:30,552 INFO     ___FILE_ONLY___          
2026-05-07 14:15:30,552 INFO     ___FILE_ONLY___  
2026-05-07 14:15:30,553 INFO     ___FILE_ONLY___ Append
2026-05-07 14:15:30,553 INFO     ___FILE_ONLY___  
2026-05-07 14:15:30,554 INFO     ___FILE_ONLY___ the
2026-05-07 14:15:30,554 INFO     ___FILE_ONLY___  
2026-05-07 14:15:30,555 INFO     ___FILE_ONLY___ given
2026-05-07 14:15:30,556 INFO     ___FILE_ONLY___  
2026-05-07 14:15:30,556 INFO     ___FILE_ONLY___ values
2026-05-07 14:15:30,556 INFO     ___FILE_ONLY___  
2026-05-07 14:15:30,557 INFO     ___FILE_ONLY___ to
2026-05-07 14:15:30,557 INFO     ___FILE_ONLY___  
2026-05-07 14:15:30,558 INFO     ___FILE_ONLY___ the
2026-05-07 14:15:30,558 INFO     ___FILE_ONLY___  
2026-05-07 14:15:30,559 INFO     ___FILE_ONLY___ current
2026-05-07 14:15:30,559 INFO     ___FILE_ONLY___  
2026-05-07 14:15:30,560 INFO     ___FILE_ONLY___ custom
2026-05-07 14:15:30,560 INFO     ___FILE_ONLY___  
2026-05-07 14:15:30,561 INFO     ___FILE_ONLY___ audiences.
2026-05-07 14:15:30,561 INFO     ___FILE_ONLY___ 

2026-05-07 14:15:30,562 INFO     ___FILE_ONLY___ 

2026-05-07 14:15:30,562 INFO     ___FILE_ONLY___        --clear-custom-audiences

2026-05-07 14:15:30,563 INFO     ___FILE_ONLY___          
2026-05-07 14:15:30,563 INFO     ___FILE_ONLY___  
2026-05-07 14:15:30,564 INFO     ___FILE_ONLY___ Empty
2026-05-07 14:15:30,565 INFO     ___FILE_ONLY___  
2026-05-07 14:15:30,566 INFO     ___FILE_ONLY___ the
2026-05-07 14:15:30,566 INFO     ___FILE_ONLY___  
2026-05-07 14:15:30,567 INFO     ___FILE_ONLY___ current
2026-05-07 14:15:30,567 INFO     ___FILE_ONLY___  
2026-05-07 14:15:30,568 INFO     ___FILE_ONLY___ custom
2026-05-07 14:15:30,568 INFO     ___FILE_ONLY___  
2026-05-07 14:15:30,569 INFO     ___FILE_ONLY___ audiences.
2026-05-07 14:15:30,569 INFO     ___FILE_ONLY___ 

2026-05-07 14:15:30,570 INFO     ___FILE_ONLY___ 

2026-05-07 14:15:30,571 INFO     ___FILE_ONLY___        --remove-custom-audiences=[CUSTOM-AUDIENCES,...]

2026-05-07 14:15:30,571 INFO     ___FILE_ONLY___          
2026-05-07 14:15:30,572 INFO     ___FILE_ONLY___  
2026-05-07 14:15:30,572 INFO     ___FILE_ONLY___ Remove
2026-05-07 14:15:30,573 INFO     ___FILE_ONLY___  
2026-05-07 14:15:30,573 INFO     ___FILE_ONLY___ the
2026-05-07 14:15:30,574 INFO     ___FILE_ONLY___  
2026-05-07 14:15:30,574 INFO     ___FILE_ONLY___ given
2026-05-07 14:15:30,575 INFO     ___FILE_ONLY___  
2026-05-07 14:15:30,575 INFO     ___FILE_ONLY___ values
2026-05-07 14:15:30,576 INFO     ___FILE_ONLY___  
2026-05-07 14:15:30,577 INFO     ___FILE_ONLY___ from
2026-05-07 14:15:30,577 INFO     ___FILE_ONLY___  
2026-05-07 14:15:30,578 INFO     ___FILE_ONLY___ the
2026-05-07 14:15:30,578 INFO     ___FILE_ONLY___  
2026-05-07 14:15:30,579 INFO     ___FILE_ONLY___ current
2026-05-07 14:15:30,579 INFO     ___FILE_ONLY___  
2026-05-07 14:15:30,580 INFO     ___FILE_ONLY___ custom
2026-05-07 14:15:30,581 INFO     ___FILE_ONLY___  
2026-05-07 14:15:30,582 INFO     ___FILE_ONLY___ audiences.
2026-05-07 14:15:30,582 INFO     ___FILE_ONLY___ 

2026-05-07 14:15:30,583 INFO     ___FILE_ONLY___ 

2026-05-07 14:15:30,583 INFO     ___FILE_ONLY___        --set-custom-audiences=[CUSTOM-AUDIENCES,...]

2026-05-07 14:15:30,584 INFO     ___FILE_ONLY___          
2026-05-07 14:15:30,585 INFO     ___FILE_ONLY___  
2026-05-07 14:15:30,586 INFO     ___FILE_ONLY___ Completely
2026-05-07 14:15:30,586 INFO     ___FILE_ONLY___  
2026-05-07 14:15:30,587 INFO     ___FILE_ONLY___ replace
2026-05-07 14:15:30,588 INFO     ___FILE_ONLY___  
2026-05-07 14:15:30,588 INFO     ___FILE_ONLY___ the
2026-05-07 14:15:30,589 INFO     ___FILE_ONLY___  
2026-05-07 14:15:30,590 INFO     ___FILE_ONLY___ current
2026-05-07 14:15:30,590 INFO     ___FILE_ONLY___  
2026-05-07 14:15:30,591 INFO     ___FILE_ONLY___ custom
2026-05-07 14:15:30,592 INFO     ___FILE_ONLY___  
2026-05-07 14:15:30,592 INFO     ___FILE_ONLY___ audiences
2026-05-07 14:15:30,593 INFO     ___FILE_ONLY___  
2026-05-07 14:15:30,593 INFO     ___FILE_ONLY___ with
2026-05-07 14:15:30,594 INFO     ___FILE_ONLY___  
2026-05-07 14:15:30,594 INFO     ___FILE_ONLY___ the
2026-05-07 14:15:30,595 INFO     ___FILE_ONLY___  
2026-05-07 14:15:30,595 INFO     ___FILE_ONLY___ given
2026-05-07 14:15:30,596 INFO     ___FILE_ONLY___ 

2026-05-07 14:15:30,597 INFO     ___FILE_ONLY___           
2026-05-07 14:15:30,598 INFO     ___FILE_ONLY___ values.
2026-05-07 14:15:30,599 INFO     ___FILE_ONLY___ 

2026-05-07 14:15:30,600 INFO     ___FILE_ONLY___ 

2026-05-07 14:15:30,600 INFO     ___FILE_ONLY___      --add-volume=[KEY=VALUE,...]

2026-05-07 14:15:30,601 INFO     ___FILE_ONLY___        
2026-05-07 14:15:30,602 INFO     ___FILE_ONLY___  
2026-05-07 14:15:30,602 INFO     ___FILE_ONLY___ Adds
2026-05-07 14:15:30,603 INFO     ___FILE_ONLY___  
2026-05-07 14:15:30,603 INFO     ___FILE_ONLY___ a
2026-05-07 14:15:30,604 INFO     ___FILE_ONLY___  
2026-05-07 14:15:30,605 INFO     ___FILE_ONLY___ volume
2026-05-07 14:15:30,606 INFO     ___FILE_ONLY___  
2026-05-07 14:15:30,607 INFO     ___FILE_ONLY___ to
2026-05-07 14:15:30,609 INFO     ___FILE_ONLY___  
2026-05-07 14:15:30,610 INFO     ___FILE_ONLY___ the
2026-05-07 14:15:30,610 INFO     ___FILE_ONLY___  
2026-05-07 14:15:30,611 INFO     ___FILE_ONLY___ Cloud
2026-05-07 14:15:30,612 INFO     ___FILE_ONLY___  
2026-05-07 14:15:30,613 INFO     ___FILE_ONLY___ Run
2026-05-07 14:15:30,614 INFO     ___FILE_ONLY___  
2026-05-07 14:15:30,615 INFO     ___FILE_ONLY___ resource.
2026-05-07 14:15:30,616 INFO     ___FILE_ONLY___  
2026-05-07 14:15:30,617 INFO     ___FILE_ONLY___ To
2026-05-07 14:15:30,618 INFO     ___FILE_ONLY___  
2026-05-07 14:15:30,619 INFO     ___FILE_ONLY___ add
2026-05-07 14:15:30,619 INFO     ___FILE_ONLY___  
2026-05-07 14:15:30,620 INFO     ___FILE_ONLY___ more
2026-05-07 14:15:30,621 INFO     ___FILE_ONLY___  
2026-05-07 14:15:30,622 INFO     ___FILE_ONLY___ than
2026-05-07 14:15:30,622 INFO     ___FILE_ONLY___  
2026-05-07 14:15:30,623 INFO     ___FILE_ONLY___ one
2026-05-07 14:15:30,624 INFO     ___FILE_ONLY___  
2026-05-07 14:15:30,625 INFO     ___FILE_ONLY___ volume,
2026-05-07 14:15:30,626 INFO     ___FILE_ONLY___ 

2026-05-07 14:15:30,627 INFO     ___FILE_ONLY___         
2026-05-07 14:15:30,628 INFO     ___FILE_ONLY___ specify
2026-05-07 14:15:30,628 INFO     ___FILE_ONLY___  
2026-05-07 14:15:30,629 INFO     ___FILE_ONLY___ this
2026-05-07 14:15:30,631 INFO     ___FILE_ONLY___  
2026-05-07 14:15:30,631 INFO     ___FILE_ONLY___ flag
2026-05-07 14:15:30,633 INFO     ___FILE_ONLY___  
2026-05-07 14:15:30,633 INFO     ___FILE_ONLY___ multiple
2026-05-07 14:15:30,634 INFO     ___FILE_ONLY___  
2026-05-07 14:15:30,635 INFO     ___FILE_ONLY___ times.
2026-05-07 14:15:30,635 INFO     ___FILE_ONLY___  
2026-05-07 14:15:30,636 INFO     ___FILE_ONLY___ Volumes
2026-05-07 14:15:30,636 INFO     ___FILE_ONLY___  
2026-05-07 14:15:30,637 INFO     ___FILE_ONLY___ must
2026-05-07 14:15:30,637 INFO     ___FILE_ONLY___  
2026-05-07 14:15:30,638 INFO     ___FILE_ONLY___ have
2026-05-07 14:15:30,638 INFO     ___FILE_ONLY___  
2026-05-07 14:15:30,639 INFO     ___FILE_ONLY___ a
2026-05-07 14:15:30,639 INFO     ___FILE_ONLY___  
2026-05-07 14:15:30,640 INFO     ___FILE_ONLY___ type
2026-05-07 14:15:30,641 INFO     ___FILE_ONLY___  
2026-05-07 14:15:30,642 INFO     ___FILE_ONLY___ key.
2026-05-07 14:15:30,643 INFO     ___FILE_ONLY___  
2026-05-07 14:15:30,645 INFO     ___FILE_ONLY___ Volumes
2026-05-07 14:15:30,645 INFO     ___FILE_ONLY___ 

2026-05-07 14:15:30,646 INFO     ___FILE_ONLY___         
2026-05-07 14:15:30,648 INFO     ___FILE_ONLY___ must
2026-05-07 14:15:30,649 INFO     ___FILE_ONLY___  
2026-05-07 14:15:30,649 INFO     ___FILE_ONLY___ have
2026-05-07 14:15:30,650 INFO     ___FILE_ONLY___  
2026-05-07 14:15:30,651 INFO     ___FILE_ONLY___ a
2026-05-07 14:15:30,652 INFO     ___FILE_ONLY___  
2026-05-07 14:15:30,652 INFO     ___FILE_ONLY___ name
2026-05-07 14:15:30,653 INFO     ___FILE_ONLY___  
2026-05-07 14:15:30,653 INFO     ___FILE_ONLY___ key
2026-05-07 14:15:30,654 INFO     ___FILE_ONLY___  
2026-05-07 14:15:30,655 INFO     ___FILE_ONLY___ if
2026-05-07 14:15:30,655 INFO     ___FILE_ONLY___  
2026-05-07 14:15:30,656 INFO     ___FILE_ONLY___ mount-path
2026-05-07 14:15:30,657 INFO     ___FILE_ONLY___  
2026-05-07 14:15:30,657 INFO     ___FILE_ONLY___ is
2026-05-07 14:15:30,658 INFO     ___FILE_ONLY___  
2026-05-07 14:15:30,658 INFO     ___FILE_ONLY___ not
2026-05-07 14:15:30,658 INFO     ___FILE_ONLY___  
2026-05-07 14:15:30,659 INFO     ___FILE_ONLY___ specified.
2026-05-07 14:15:30,659 INFO     ___FILE_ONLY___  
2026-05-07 14:15:30,660 INFO     ___FILE_ONLY___ A
2026-05-07 14:15:30,661 INFO     ___FILE_ONLY___  
2026-05-07 14:15:30,661 INFO     ___FILE_ONLY___ name
2026-05-07 14:15:30,662 INFO     ___FILE_ONLY___  
2026-05-07 14:15:30,662 INFO     ___FILE_ONLY___ key
2026-05-07 14:15:30,663 INFO     ___FILE_ONLY___  
2026-05-07 14:15:30,664 INFO     ___FILE_ONLY___ is
2026-05-07 14:15:30,664 INFO     ___FILE_ONLY___ 

2026-05-07 14:15:30,665 INFO     ___FILE_ONLY___         
2026-05-07 14:15:30,666 INFO     ___FILE_ONLY___ optional
2026-05-07 14:15:30,666 INFO     ___FILE_ONLY___  
2026-05-07 14:15:30,666 INFO     ___FILE_ONLY___ if
2026-05-07 14:15:30,667 INFO     ___FILE_ONLY___  
2026-05-07 14:15:30,668 INFO     ___FILE_ONLY___ mount-path
2026-05-07 14:15:30,669 INFO     ___FILE_ONLY___  
2026-05-07 14:15:30,670 INFO     ___FILE_ONLY___ is
2026-05-07 14:15:30,671 INFO     ___FILE_ONLY___  
2026-05-07 14:15:30,672 INFO     ___FILE_ONLY___ specified.Only
2026-05-07 14:15:30,673 INFO     ___FILE_ONLY___  
2026-05-07 14:15:30,674 INFO     ___FILE_ONLY___ certain
2026-05-07 14:15:30,674 INFO     ___FILE_ONLY___  
2026-05-07 14:15:30,675 INFO     ___FILE_ONLY___ values
2026-05-07 14:15:30,676 INFO     ___FILE_ONLY___  
2026-05-07 14:15:30,676 INFO     ___FILE_ONLY___ are
2026-05-07 14:15:30,677 INFO     ___FILE_ONLY___  
2026-05-07 14:15:30,678 INFO     ___FILE_ONLY___ supported
2026-05-07 14:15:30,679 INFO     ___FILE_ONLY___ 

2026-05-07 14:15:30,679 INFO     ___FILE_ONLY___         
2026-05-07 14:15:30,680 INFO     ___FILE_ONLY___ for
2026-05-07 14:15:30,681 INFO     ___FILE_ONLY___  
2026-05-07 14:15:30,682 INFO     ___FILE_ONLY___ type.
2026-05-07 14:15:30,683 INFO     ___FILE_ONLY___  
2026-05-07 14:15:30,683 INFO     ___FILE_ONLY___ Depending
2026-05-07 14:15:30,684 INFO     ___FILE_ONLY___  
2026-05-07 14:15:30,684 INFO     ___FILE_ONLY___ on
2026-05-07 14:15:30,685 INFO     ___FILE_ONLY___  
2026-05-07 14:15:30,685 INFO     ___FILE_ONLY___ the
2026-05-07 14:15:30,686 INFO     ___FILE_ONLY___  
2026-05-07 14:15:30,686 INFO     ___FILE_ONLY___ provided
2026-05-07 14:15:30,687 INFO     ___FILE_ONLY___  
2026-05-07 14:15:30,687 INFO     ___FILE_ONLY___ type,
2026-05-07 14:15:30,688 INFO     ___FILE_ONLY___  
2026-05-07 14:15:30,688 INFO     ___FILE_ONLY___ other
2026-05-07 14:15:30,689 INFO     ___FILE_ONLY___  
2026-05-07 14:15:30,689 INFO     ___FILE_ONLY___ keys
2026-05-07 14:15:30,690 INFO     ___FILE_ONLY___  
2026-05-07 14:15:30,690 INFO     ___FILE_ONLY___ will
2026-05-07 14:15:30,691 INFO     ___FILE_ONLY___  
2026-05-07 14:15:30,691 INFO     ___FILE_ONLY___ be
2026-05-07 14:15:30,692 INFO     ___FILE_ONLY___  
2026-05-07 14:15:30,692 INFO     ___FILE_ONLY___ required.
2026-05-07 14:15:30,693 INFO     ___FILE_ONLY___ 

2026-05-07 14:15:30,693 INFO     ___FILE_ONLY___         
2026-05-07 14:15:30,693 INFO     ___FILE_ONLY___ The
2026-05-07 14:15:30,694 INFO     ___FILE_ONLY___  
2026-05-07 14:15:30,695 INFO     ___FILE_ONLY___ following
2026-05-07 14:15:30,695 INFO     ___FILE_ONLY___  
2026-05-07 14:15:30,696 INFO     ___FILE_ONLY___ types
2026-05-07 14:15:30,696 INFO     ___FILE_ONLY___  
2026-05-07 14:15:30,697 INFO     ___FILE_ONLY___ are
2026-05-07 14:15:30,697 INFO     ___FILE_ONLY___  
2026-05-07 14:15:30,698 INFO     ___FILE_ONLY___ supported
2026-05-07 14:15:30,699 INFO     ___FILE_ONLY___  
2026-05-07 14:15:30,699 INFO     ___FILE_ONLY___ with
2026-05-07 14:15:30,700 INFO     ___FILE_ONLY___  
2026-05-07 14:15:30,700 INFO     ___FILE_ONLY___ the
2026-05-07 14:15:30,700 INFO     ___FILE_ONLY___  
2026-05-07 14:15:30,701 INFO     ___FILE_ONLY___ specified
2026-05-07 14:15:30,701 INFO     ___FILE_ONLY___  
2026-05-07 14:15:30,702 INFO     ___FILE_ONLY___ additional
2026-05-07 14:15:30,702 INFO     ___FILE_ONLY___  
2026-05-07 14:15:30,703 INFO     ___FILE_ONLY___ keys:
2026-05-07 14:15:30,703 INFO     ___FILE_ONLY___ 

2026-05-07 14:15:30,704 INFO     ___FILE_ONLY___ 

2026-05-07 14:15:30,704 INFO     ___FILE_ONLY___        
2026-05-07 14:15:30,705 INFO     ___FILE_ONLY___  
2026-05-07 14:15:30,705 INFO     ___FILE_ONLY___ cloud-storage:
2026-05-07 14:15:30,706 INFO     ___FILE_ONLY___  
2026-05-07 14:15:30,706 INFO     ___FILE_ONLY___ A
2026-05-07 14:15:30,707 INFO     ___FILE_ONLY___  
2026-05-07 14:15:30,708 INFO     ___FILE_ONLY___ volume
2026-05-07 14:15:30,708 INFO     ___FILE_ONLY___  
2026-05-07 14:15:30,709 INFO     ___FILE_ONLY___ representing
2026-05-07 14:15:30,709 INFO     ___FILE_ONLY___  
2026-05-07 14:15:30,710 INFO     ___FILE_ONLY___ a
2026-05-07 14:15:30,710 INFO     ___FILE_ONLY___  
2026-05-07 14:15:30,711 INFO     ___FILE_ONLY___ Cloud
2026-05-07 14:15:30,712 INFO     ___FILE_ONLY___  
2026-05-07 14:15:30,712 INFO     ___FILE_ONLY___ Storage
2026-05-07 14:15:30,713 INFO     ___FILE_ONLY___  
2026-05-07 14:15:30,715 INFO     ___FILE_ONLY___ bucket.
2026-05-07 14:15:30,715 INFO     ___FILE_ONLY___  
2026-05-07 14:15:30,716 INFO     ___FILE_ONLY___ This
2026-05-07 14:15:30,716 INFO     ___FILE_ONLY___ 

2026-05-07 14:15:30,717 INFO     ___FILE_ONLY___         
2026-05-07 14:15:30,717 INFO     ___FILE_ONLY___ volume
2026-05-07 14:15:30,718 INFO     ___FILE_ONLY___  
2026-05-07 14:15:30,719 INFO     ___FILE_ONLY___ type
2026-05-07 14:15:30,719 INFO     ___FILE_ONLY___  
2026-05-07 14:15:30,720 INFO     ___FILE_ONLY___ is
2026-05-07 14:15:30,720 INFO     ___FILE_ONLY___  
2026-05-07 14:15:30,721 INFO     ___FILE_ONLY___ mounted
2026-05-07 14:15:30,721 INFO     ___FILE_ONLY___  
2026-05-07 14:15:30,722 INFO     ___FILE_ONLY___ using
2026-05-07 14:15:30,722 INFO     ___FILE_ONLY___  
2026-05-07 14:15:30,723 INFO     ___FILE_ONLY___ Cloud
2026-05-07 14:15:30,723 INFO     ___FILE_ONLY___  
2026-05-07 14:15:30,724 INFO     ___FILE_ONLY___ Storage
2026-05-07 14:15:30,724 INFO     ___FILE_ONLY___  
2026-05-07 14:15:30,724 INFO     ___FILE_ONLY___ FUSE.
2026-05-07 14:15:30,725 INFO     ___FILE_ONLY___  
2026-05-07 14:15:30,725 INFO     ___FILE_ONLY___ See
2026-05-07 14:15:30,726 INFO     ___FILE_ONLY___ 

2026-05-07 14:15:30,726 INFO     ___FILE_ONLY___         
2026-05-07 14:15:30,727 INFO     ___FILE_ONLY___ https://cloud.google.com/storage/docs/gcs-fuse
2026-05-07 14:15:30,727 INFO     ___FILE_ONLY___  
2026-05-07 14:15:30,728 INFO     ___FILE_ONLY___ for
2026-05-07 14:15:30,728 INFO     ___FILE_ONLY___  
2026-05-07 14:15:30,729 INFO     ___FILE_ONLY___ the
2026-05-07 14:15:30,729 INFO     ___FILE_ONLY___  
2026-05-07 14:15:30,730 INFO     ___FILE_ONLY___ details
2026-05-07 14:15:30,731 INFO     ___FILE_ONLY___  
2026-05-07 14:15:30,732 INFO     ___FILE_ONLY___ and
2026-05-07 14:15:30,732 INFO     ___FILE_ONLY___ 

2026-05-07 14:15:30,733 INFO     ___FILE_ONLY___         
2026-05-07 14:15:30,733 INFO     ___FILE_ONLY___ limitations
2026-05-07 14:15:30,734 INFO     ___FILE_ONLY___  
2026-05-07 14:15:30,734 INFO     ___FILE_ONLY___ of
2026-05-07 14:15:30,735 INFO     ___FILE_ONLY___  
2026-05-07 14:15:30,735 INFO     ___FILE_ONLY___ this
2026-05-07 14:15:30,736 INFO     ___FILE_ONLY___  
2026-05-07 14:15:30,736 INFO     ___FILE_ONLY___ filesystem.
2026-05-07 14:15:30,737 INFO     ___FILE_ONLY___  
2026-05-07 14:15:30,738 INFO     ___FILE_ONLY___ Additional
2026-05-07 14:15:30,738 INFO     ___FILE_ONLY___  
2026-05-07 14:15:30,739 INFO     ___FILE_ONLY___ keys:
2026-05-07 14:15:30,739 INFO     ___FILE_ONLY___ 

2026-05-07 14:15:30,740 INFO     ___FILE_ONLY___         ◆
2026-05-07 14:15:30,740 INFO     ___FILE_ONLY___  
2026-05-07 14:15:30,741 INFO     ___FILE_ONLY___ bucket:
2026-05-07 14:15:30,741 INFO     ___FILE_ONLY___  
2026-05-07 14:15:30,742 INFO     ___FILE_ONLY___ (required)
2026-05-07 14:15:30,742 INFO     ___FILE_ONLY___  
2026-05-07 14:15:30,743 INFO     ___FILE_ONLY___ the
2026-05-07 14:15:30,743 INFO     ___FILE_ONLY___  
2026-05-07 14:15:30,744 INFO     ___FILE_ONLY___ name
2026-05-07 14:15:30,744 INFO     ___FILE_ONLY___  
2026-05-07 14:15:30,745 INFO     ___FILE_ONLY___ of
2026-05-07 14:15:30,745 INFO     ___FILE_ONLY___  
2026-05-07 14:15:30,746 INFO     ___FILE_ONLY___ the
2026-05-07 14:15:30,747 INFO     ___FILE_ONLY___  
2026-05-07 14:15:30,748 INFO     ___FILE_ONLY___ bucket
2026-05-07 14:15:30,748 INFO     ___FILE_ONLY___  
2026-05-07 14:15:30,749 INFO     ___FILE_ONLY___ to
2026-05-07 14:15:30,749 INFO     ___FILE_ONLY___  
2026-05-07 14:15:30,750 INFO     ___FILE_ONLY___ use
2026-05-07 14:15:30,750 INFO     ___FILE_ONLY___  
2026-05-07 14:15:30,751 INFO     ___FILE_ONLY___ as
2026-05-07 14:15:30,751 INFO     ___FILE_ONLY___  
2026-05-07 14:15:30,752 INFO     ___FILE_ONLY___ the
2026-05-07 14:15:30,752 INFO     ___FILE_ONLY___  
2026-05-07 14:15:30,753 INFO     ___FILE_ONLY___ source
2026-05-07 14:15:30,753 INFO     ___FILE_ONLY___  
2026-05-07 14:15:30,754 INFO     ___FILE_ONLY___ of
2026-05-07 14:15:30,754 INFO     ___FILE_ONLY___ 

2026-05-07 14:15:30,755 INFO     ___FILE_ONLY___           
2026-05-07 14:15:30,755 INFO     ___FILE_ONLY___ this
2026-05-07 14:15:30,756 INFO     ___FILE_ONLY___  
2026-05-07 14:15:30,756 INFO     ___FILE_ONLY___ volume
2026-05-07 14:15:30,757 INFO     ___FILE_ONLY___ 

2026-05-07 14:15:30,757 INFO     ___FILE_ONLY___         ◆
2026-05-07 14:15:30,758 INFO     ___FILE_ONLY___  
2026-05-07 14:15:30,758 INFO     ___FILE_ONLY___ readonly:
2026-05-07 14:15:30,759 INFO     ___FILE_ONLY___  
2026-05-07 14:15:30,759 INFO     ___FILE_ONLY___ (optional)
2026-05-07 14:15:30,760 INFO     ___FILE_ONLY___  
2026-05-07 14:15:30,761 INFO     ___FILE_ONLY___ A
2026-05-07 14:15:30,761 INFO     ___FILE_ONLY___  
2026-05-07 14:15:30,762 INFO     ___FILE_ONLY___ boolean.
2026-05-07 14:15:30,762 INFO     ___FILE_ONLY___  
2026-05-07 14:15:30,763 INFO     ___FILE_ONLY___ If
2026-05-07 14:15:30,764 INFO     ___FILE_ONLY___  
2026-05-07 14:15:30,765 INFO     ___FILE_ONLY___ true,
2026-05-07 14:15:30,766 INFO     ___FILE_ONLY___  
2026-05-07 14:15:30,766 INFO     ___FILE_ONLY___ this
2026-05-07 14:15:30,767 INFO     ___FILE_ONLY___  
2026-05-07 14:15:30,767 INFO     ___FILE_ONLY___ volume
2026-05-07 14:15:30,768 INFO     ___FILE_ONLY___  
2026-05-07 14:15:30,768 INFO     ___FILE_ONLY___ will
2026-05-07 14:15:30,769 INFO     ___FILE_ONLY___  
2026-05-07 14:15:30,769 INFO     ___FILE_ONLY___ be
2026-05-07 14:15:30,770 INFO     ___FILE_ONLY___ 

2026-05-07 14:15:30,770 INFO     ___FILE_ONLY___           
2026-05-07 14:15:30,771 INFO     ___FILE_ONLY___ read-only
2026-05-07 14:15:30,771 INFO     ___FILE_ONLY___  
2026-05-07 14:15:30,772 INFO     ___FILE_ONLY___ from
2026-05-07 14:15:30,772 INFO     ___FILE_ONLY___  
2026-05-07 14:15:30,773 INFO     ___FILE_ONLY___ all
2026-05-07 14:15:30,773 INFO     ___FILE_ONLY___  
2026-05-07 14:15:30,774 INFO     ___FILE_ONLY___ mounts.
2026-05-07 14:15:30,775 INFO     ___FILE_ONLY___ 

2026-05-07 14:15:30,775 INFO     ___FILE_ONLY___         ◆
2026-05-07 14:15:30,776 INFO     ___FILE_ONLY___  
2026-05-07 14:15:30,776 INFO     ___FILE_ONLY___ mount-options:
2026-05-07 14:15:30,777 INFO     ___FILE_ONLY___  
2026-05-07 14:15:30,777 INFO     ___FILE_ONLY___ (optional)
2026-05-07 14:15:30,778 INFO     ___FILE_ONLY___  
2026-05-07 14:15:30,778 INFO     ___FILE_ONLY___ A
2026-05-07 14:15:30,779 INFO     ___FILE_ONLY___  
2026-05-07 14:15:30,779 INFO     ___FILE_ONLY___ list
2026-05-07 14:15:30,780 INFO     ___FILE_ONLY___  
2026-05-07 14:15:30,781 INFO     ___FILE_ONLY___ of
2026-05-07 14:15:30,781 INFO     ___FILE_ONLY___  
2026-05-07 14:15:30,782 INFO     ___FILE_ONLY___ flags
2026-05-07 14:15:30,783 INFO     ___FILE_ONLY___  
2026-05-07 14:15:30,783 INFO     ___FILE_ONLY___ to
2026-05-07 14:15:30,784 INFO     ___FILE_ONLY___  
2026-05-07 14:15:30,784 INFO     ___FILE_ONLY___ pass
2026-05-07 14:15:30,785 INFO     ___FILE_ONLY___  
2026-05-07 14:15:30,785 INFO     ___FILE_ONLY___ to
2026-05-07 14:15:30,786 INFO     ___FILE_ONLY___  
2026-05-07 14:15:30,786 INFO     ___FILE_ONLY___ GCSFuse.
2026-05-07 14:15:30,787 INFO     ___FILE_ONLY___  
2026-05-07 14:15:30,787 INFO     ___FILE_ONLY___ Flags
2026-05-07 14:15:30,787 INFO     ___FILE_ONLY___ 

2026-05-07 14:15:30,788 INFO     ___FILE_ONLY___           
2026-05-07 14:15:30,788 INFO     ___FILE_ONLY___ should
2026-05-07 14:15:30,789 INFO     ___FILE_ONLY___  
2026-05-07 14:15:30,789 INFO     ___FILE_ONLY___ be
2026-05-07 14:15:30,790 INFO     ___FILE_ONLY___  
2026-05-07 14:15:30,790 INFO     ___FILE_ONLY___ specified
2026-05-07 14:15:30,791 INFO     ___FILE_ONLY___  
2026-05-07 14:15:30,791 INFO     ___FILE_ONLY___ without
2026-05-07 14:15:30,792 INFO     ___FILE_ONLY___  
2026-05-07 14:15:30,792 INFO     ___FILE_ONLY___ leading
2026-05-07 14:15:30,793 INFO     ___FILE_ONLY___  
2026-05-07 14:15:30,793 INFO     ___FILE_ONLY___ dashes
2026-05-07 14:15:30,794 INFO     ___FILE_ONLY___  
2026-05-07 14:15:30,794 INFO     ___FILE_ONLY___ and
2026-05-07 14:15:30,795 INFO     ___FILE_ONLY___  
2026-05-07 14:15:30,795 INFO     ___FILE_ONLY___ separated
2026-05-07 14:15:30,796 INFO     ___FILE_ONLY___  
2026-05-07 14:15:30,796 INFO     ___FILE_ONLY___ by
2026-05-07 14:15:30,797 INFO     ___FILE_ONLY___ 

2026-05-07 14:15:30,798 INFO     ___FILE_ONLY___           
2026-05-07 14:15:30,798 INFO     ___FILE_ONLY___ semicolons.
2026-05-07 14:15:30,799 INFO     ___FILE_ONLY___ 

2026-05-07 14:15:30,799 INFO     ___FILE_ONLY___         ◆
2026-05-07 14:15:30,800 INFO     ___FILE_ONLY___  
2026-05-07 14:15:30,800 INFO     ___FILE_ONLY___ mount-path:
2026-05-07 14:15:30,801 INFO     ___FILE_ONLY___  
2026-05-07 14:15:30,801 INFO     ___FILE_ONLY___ (optional)
2026-05-07 14:15:30,802 INFO     ___FILE_ONLY___  
2026-05-07 14:15:30,802 INFO     ___FILE_ONLY___ The
2026-05-07 14:15:30,803 INFO     ___FILE_ONLY___  
2026-05-07 14:15:30,803 INFO     ___FILE_ONLY___ path
2026-05-07 14:15:30,804 INFO     ___FILE_ONLY___  
2026-05-07 14:15:30,804 INFO     ___FILE_ONLY___ at
2026-05-07 14:15:30,805 INFO     ___FILE_ONLY___  
2026-05-07 14:15:30,805 INFO     ___FILE_ONLY___ which
2026-05-07 14:15:30,806 INFO     ___FILE_ONLY___  
2026-05-07 14:15:30,806 INFO     ___FILE_ONLY___ the
2026-05-07 14:15:30,807 INFO     ___FILE_ONLY___  
2026-05-07 14:15:30,807 INFO     ___FILE_ONLY___ volume
2026-05-07 14:15:30,808 INFO     ___FILE_ONLY___  
2026-05-07 14:15:30,808 INFO     ___FILE_ONLY___ should
2026-05-07 14:15:30,809 INFO     ___FILE_ONLY___  
2026-05-07 14:15:30,809 INFO     ___FILE_ONLY___ be
2026-05-07 14:15:30,810 INFO     ___FILE_ONLY___ 

2026-05-07 14:15:30,810 INFO     ___FILE_ONLY___           
2026-05-07 14:15:30,811 INFO     ___FILE_ONLY___ mounted.
2026-05-07 14:15:30,811 INFO     ___FILE_ONLY___  
2026-05-07 14:15:30,812 INFO     ___FILE_ONLY___ The
2026-05-07 14:15:30,812 INFO     ___FILE_ONLY___  
2026-05-07 14:15:30,813 INFO     ___FILE_ONLY___ mount-path
2026-05-07 14:15:30,813 INFO     ___FILE_ONLY___  
2026-05-07 14:15:30,814 INFO     ___FILE_ONLY___ parameter
2026-05-07 14:15:30,815 INFO     ___FILE_ONLY___  
2026-05-07 14:15:30,815 INFO     ___FILE_ONLY___ is
2026-05-07 14:15:30,816 INFO     ___FILE_ONLY___  
2026-05-07 14:15:30,816 INFO     ___FILE_ONLY___ only
2026-05-07 14:15:30,816 INFO     ___FILE_ONLY___  
2026-05-07 14:15:30,817 INFO     ___FILE_ONLY___ supported
2026-05-07 14:15:30,817 INFO     ___FILE_ONLY___  
2026-05-07 14:15:30,818 INFO     ___FILE_ONLY___ for
2026-05-07 14:15:30,818 INFO     ___FILE_ONLY___  
2026-05-07 14:15:30,819 INFO     ___FILE_ONLY___ single
2026-05-07 14:15:30,819 INFO     ___FILE_ONLY___ 

2026-05-07 14:15:30,820 INFO     ___FILE_ONLY___           
2026-05-07 14:15:30,820 INFO     ___FILE_ONLY___ container
2026-05-07 14:15:30,821 INFO     ___FILE_ONLY___  
2026-05-07 14:15:30,821 INFO     ___FILE_ONLY___ services
2026-05-07 14:15:30,822 INFO     ___FILE_ONLY___  
2026-05-07 14:15:30,822 INFO     ___FILE_ONLY___ which
2026-05-07 14:15:30,823 INFO     ___FILE_ONLY___  
2026-05-07 14:15:30,823 INFO     ___FILE_ONLY___ do
2026-05-07 14:15:30,824 INFO     ___FILE_ONLY___  
2026-05-07 14:15:30,824 INFO     ___FILE_ONLY___ not
2026-05-07 14:15:30,825 INFO     ___FILE_ONLY___  
2026-05-07 14:15:30,825 INFO     ___FILE_ONLY___ make
2026-05-07 14:15:30,826 INFO     ___FILE_ONLY___  
2026-05-07 14:15:30,826 INFO     ___FILE_ONLY___ use
2026-05-07 14:15:30,826 INFO     ___FILE_ONLY___  
2026-05-07 14:15:30,827 INFO     ___FILE_ONLY___ of
2026-05-07 14:15:30,827 INFO     ___FILE_ONLY___  
2026-05-07 14:15:30,828 INFO     ___FILE_ONLY___ the
2026-05-07 14:15:30,828 INFO     ___FILE_ONLY___  
2026-05-07 14:15:30,829 INFO     ___FILE_ONLY___ --container
2026-05-07 14:15:30,829 INFO     ___FILE_ONLY___  
2026-05-07 14:15:30,830 INFO     ___FILE_ONLY___ flag.
2026-05-07 14:15:30,831 INFO     ___FILE_ONLY___  
2026-05-07 14:15:30,832 INFO     ___FILE_ONLY___ For
2026-05-07 14:15:30,832 INFO     ___FILE_ONLY___ 

2026-05-07 14:15:30,833 INFO     ___FILE_ONLY___           
2026-05-07 14:15:30,833 INFO     ___FILE_ONLY___ multi-container
2026-05-07 14:15:30,834 INFO     ___FILE_ONLY___  
2026-05-07 14:15:30,834 INFO     ___FILE_ONLY___ services,
2026-05-07 14:15:30,835 INFO     ___FILE_ONLY___  
2026-05-07 14:15:30,835 INFO     ___FILE_ONLY___ specify
2026-05-07 14:15:30,836 INFO     ___FILE_ONLY___  
2026-05-07 14:15:30,836 INFO     ___FILE_ONLY___ the
2026-05-07 14:15:30,836 INFO     ___FILE_ONLY___  
2026-05-07 14:15:30,837 INFO     ___FILE_ONLY___ mount-path
2026-05-07 14:15:30,837 INFO     ___FILE_ONLY___  
2026-05-07 14:15:30,838 INFO     ___FILE_ONLY___ parameter
2026-05-07 14:15:30,838 INFO     ___FILE_ONLY___  
2026-05-07 14:15:30,839 INFO     ___FILE_ONLY___ under
2026-05-07 14:15:30,839 INFO     ___FILE_ONLY___  
2026-05-07 14:15:30,840 INFO     ___FILE_ONLY___ the
2026-05-07 14:15:30,840 INFO     ___FILE_ONLY___ 

2026-05-07 14:15:30,841 INFO     ___FILE_ONLY___           
2026-05-07 14:15:30,841 INFO     ___FILE_ONLY___ --add-volume-mount
2026-05-07 14:15:30,842 INFO     ___FILE_ONLY___  
2026-05-07 14:15:30,842 INFO     ___FILE_ONLY___ flag.
2026-05-07 14:15:30,843 INFO     ___FILE_ONLY___ 

2026-05-07 14:15:30,843 INFO     ___FILE_ONLY___ 

2026-05-07 14:15:30,844 INFO     ___FILE_ONLY___        
2026-05-07 14:15:30,844 INFO     ___FILE_ONLY___  
2026-05-07 14:15:30,844 INFO     ___FILE_ONLY___ in-memory:
2026-05-07 14:15:30,845 INFO     ___FILE_ONLY___  
2026-05-07 14:15:30,845 INFO     ___FILE_ONLY___ An
2026-05-07 14:15:30,846 INFO     ___FILE_ONLY___  
2026-05-07 14:15:30,846 INFO     ___FILE_ONLY___ ephemeral
2026-05-07 14:15:30,847 INFO     ___FILE_ONLY___  
2026-05-07 14:15:30,848 INFO     ___FILE_ONLY___ volume
2026-05-07 14:15:30,848 INFO     ___FILE_ONLY___  
2026-05-07 14:15:30,849 INFO     ___FILE_ONLY___ that
2026-05-07 14:15:30,849 INFO     ___FILE_ONLY___  
2026-05-07 14:15:30,850 INFO     ___FILE_ONLY___ stores
2026-05-07 14:15:30,850 INFO     ___FILE_ONLY___  
2026-05-07 14:15:30,851 INFO     ___FILE_ONLY___ data
2026-05-07 14:15:30,851 INFO     ___FILE_ONLY___  
2026-05-07 14:15:30,852 INFO     ___FILE_ONLY___ in
2026-05-07 14:15:30,852 INFO     ___FILE_ONLY___  
2026-05-07 14:15:30,852 INFO     ___FILE_ONLY___ the
2026-05-07 14:15:30,853 INFO     ___FILE_ONLY___  
2026-05-07 14:15:30,853 INFO     ___FILE_ONLY___ instance's
2026-05-07 14:15:30,854 INFO     ___FILE_ONLY___ 

2026-05-07 14:15:30,854 INFO     ___FILE_ONLY___         
2026-05-07 14:15:30,855 INFO     ___FILE_ONLY___ memory.
2026-05-07 14:15:30,855 INFO     ___FILE_ONLY___  
2026-05-07 14:15:30,856 INFO     ___FILE_ONLY___ With
2026-05-07 14:15:30,856 INFO     ___FILE_ONLY___  
2026-05-07 14:15:30,857 INFO     ___FILE_ONLY___ this
2026-05-07 14:15:30,857 INFO     ___FILE_ONLY___  
2026-05-07 14:15:30,858 INFO     ___FILE_ONLY___ type
2026-05-07 14:15:30,858 INFO     ___FILE_ONLY___  
2026-05-07 14:15:30,859 INFO     ___FILE_ONLY___ of
2026-05-07 14:15:30,859 INFO     ___FILE_ONLY___  
2026-05-07 14:15:30,859 INFO     ___FILE_ONLY___ volume,
2026-05-07 14:15:30,860 INFO     ___FILE_ONLY___  
2026-05-07 14:15:30,860 INFO     ___FILE_ONLY___ data
2026-05-07 14:15:30,861 INFO     ___FILE_ONLY___  
2026-05-07 14:15:30,861 INFO     ___FILE_ONLY___ is
2026-05-07 14:15:30,862 INFO     ___FILE_ONLY___  
2026-05-07 14:15:30,862 INFO     ___FILE_ONLY___ not
2026-05-07 14:15:30,863 INFO     ___FILE_ONLY___  
2026-05-07 14:15:30,863 INFO     ___FILE_ONLY___ shared
2026-05-07 14:15:30,864 INFO     ___FILE_ONLY___  
2026-05-07 14:15:30,865 INFO     ___FILE_ONLY___ between
2026-05-07 14:15:30,865 INFO     ___FILE_ONLY___  
2026-05-07 14:15:30,866 INFO     ___FILE_ONLY___ instances
2026-05-07 14:15:30,866 INFO     ___FILE_ONLY___ 

2026-05-07 14:15:30,867 INFO     ___FILE_ONLY___         
2026-05-07 14:15:30,867 INFO     ___FILE_ONLY___ and
2026-05-07 14:15:30,868 INFO     ___FILE_ONLY___  
2026-05-07 14:15:30,868 INFO     ___FILE_ONLY___ all
2026-05-07 14:15:30,868 INFO     ___FILE_ONLY___  
2026-05-07 14:15:30,869 INFO     ___FILE_ONLY___ data
2026-05-07 14:15:30,869 INFO     ___FILE_ONLY___  
2026-05-07 14:15:30,870 INFO     ___FILE_ONLY___ will
2026-05-07 14:15:30,870 INFO     ___FILE_ONLY___  
2026-05-07 14:15:30,871 INFO     ___FILE_ONLY___ be
2026-05-07 14:15:30,871 INFO     ___FILE_ONLY___  
2026-05-07 14:15:30,872 INFO     ___FILE_ONLY___ lost
2026-05-07 14:15:30,872 INFO     ___FILE_ONLY___  
2026-05-07 14:15:30,873 INFO     ___FILE_ONLY___ when
2026-05-07 14:15:30,873 INFO     ___FILE_ONLY___  
2026-05-07 14:15:30,874 INFO     ___FILE_ONLY___ the
2026-05-07 14:15:30,874 INFO     ___FILE_ONLY___  
2026-05-07 14:15:30,874 INFO     ___FILE_ONLY___ instance
2026-05-07 14:15:30,875 INFO     ___FILE_ONLY___  
2026-05-07 14:15:30,875 INFO     ___FILE_ONLY___ it
2026-05-07 14:15:30,876 INFO     ___FILE_ONLY___  
2026-05-07 14:15:30,876 INFO     ___FILE_ONLY___ is
2026-05-07 14:15:30,877 INFO     ___FILE_ONLY___  
2026-05-07 14:15:30,877 INFO     ___FILE_ONLY___ on
2026-05-07 14:15:30,878 INFO     ___FILE_ONLY___  
2026-05-07 14:15:30,878 INFO     ___FILE_ONLY___ is
2026-05-07 14:15:30,879 INFO     ___FILE_ONLY___  
2026-05-07 14:15:30,879 INFO     ___FILE_ONLY___ terminated.
2026-05-07 14:15:30,880 INFO     ___FILE_ONLY___ 

2026-05-07 14:15:30,881 INFO     ___FILE_ONLY___         
2026-05-07 14:15:30,881 INFO     ___FILE_ONLY___ Additional
2026-05-07 14:15:30,882 INFO     ___FILE_ONLY___  
2026-05-07 14:15:30,882 INFO     ___FILE_ONLY___ keys:
2026-05-07 14:15:30,883 INFO     ___FILE_ONLY___ 

2026-05-07 14:15:30,883 INFO     ___FILE_ONLY___         ◆
2026-05-07 14:15:30,884 INFO     ___FILE_ONLY___  
2026-05-07 14:15:30,884 INFO     ___FILE_ONLY___ mount-path:
2026-05-07 14:15:30,885 INFO     ___FILE_ONLY___  
2026-05-07 14:15:30,885 INFO     ___FILE_ONLY___ (optional)
2026-05-07 14:15:30,886 INFO     ___FILE_ONLY___  
2026-05-07 14:15:30,886 INFO     ___FILE_ONLY___ The
2026-05-07 14:15:30,887 INFO     ___FILE_ONLY___  
2026-05-07 14:15:30,887 INFO     ___FILE_ONLY___ path
2026-05-07 14:15:30,888 INFO     ___FILE_ONLY___  
2026-05-07 14:15:30,888 INFO     ___FILE_ONLY___ at
2026-05-07 14:15:30,888 INFO     ___FILE_ONLY___  
2026-05-07 14:15:30,889 INFO     ___FILE_ONLY___ which
2026-05-07 14:15:30,889 INFO     ___FILE_ONLY___  
2026-05-07 14:15:30,890 INFO     ___FILE_ONLY___ the
2026-05-07 14:15:30,890 INFO     ___FILE_ONLY___  
2026-05-07 14:15:30,891 INFO     ___FILE_ONLY___ volume
2026-05-07 14:15:30,891 INFO     ___FILE_ONLY___  
2026-05-07 14:15:30,892 INFO     ___FILE_ONLY___ should
2026-05-07 14:15:30,892 INFO     ___FILE_ONLY___  
2026-05-07 14:15:30,893 INFO     ___FILE_ONLY___ be
2026-05-07 14:15:30,893 INFO     ___FILE_ONLY___ 

2026-05-07 14:15:30,894 INFO     ___FILE_ONLY___           
2026-05-07 14:15:30,894 INFO     ___FILE_ONLY___ mounted.
2026-05-07 14:15:30,895 INFO     ___FILE_ONLY___  
2026-05-07 14:15:30,895 INFO     ___FILE_ONLY___ The
2026-05-07 14:15:30,896 INFO     ___FILE_ONLY___  
2026-05-07 14:15:30,896 INFO     ___FILE_ONLY___ mount-path
2026-05-07 14:15:30,897 INFO     ___FILE_ONLY___  
2026-05-07 14:15:30,897 INFO     ___FILE_ONLY___ parameter
2026-05-07 14:15:30,898 INFO     ___FILE_ONLY___  
2026-05-07 14:15:30,899 INFO     ___FILE_ONLY___ is
2026-05-07 14:15:30,899 INFO     ___FILE_ONLY___  
2026-05-07 14:15:30,900 INFO     ___FILE_ONLY___ only
2026-05-07 14:15:30,900 INFO     ___FILE_ONLY___  
2026-05-07 14:15:30,901 INFO     ___FILE_ONLY___ supported
2026-05-07 14:15:30,901 INFO     ___FILE_ONLY___  
2026-05-07 14:15:30,902 INFO     ___FILE_ONLY___ for
2026-05-07 14:15:30,902 INFO     ___FILE_ONLY___  
2026-05-07 14:15:30,903 INFO     ___FILE_ONLY___ single
2026-05-07 14:15:30,903 INFO     ___FILE_ONLY___ 

2026-05-07 14:15:30,904 INFO     ___FILE_ONLY___           
2026-05-07 14:15:30,904 INFO     ___FILE_ONLY___ container
2026-05-07 14:15:30,905 INFO     ___FILE_ONLY___  
2026-05-07 14:15:30,905 INFO     ___FILE_ONLY___ services
2026-05-07 14:15:30,906 INFO     ___FILE_ONLY___  
2026-05-07 14:15:30,906 INFO     ___FILE_ONLY___ which
2026-05-07 14:15:30,907 INFO     ___FILE_ONLY___  
2026-05-07 14:15:30,907 INFO     ___FILE_ONLY___ do
2026-05-07 14:15:30,908 INFO     ___FILE_ONLY___  
2026-05-07 14:15:30,908 INFO     ___FILE_ONLY___ not
2026-05-07 14:15:30,909 INFO     ___FILE_ONLY___  
2026-05-07 14:15:30,909 INFO     ___FILE_ONLY___ make
2026-05-07 14:15:30,910 INFO     ___FILE_ONLY___  
2026-05-07 14:15:30,910 INFO     ___FILE_ONLY___ use
2026-05-07 14:15:30,911 INFO     ___FILE_ONLY___  
2026-05-07 14:15:30,912 INFO     ___FILE_ONLY___ of
2026-05-07 14:15:30,912 INFO     ___FILE_ONLY___  
2026-05-07 14:15:30,913 INFO     ___FILE_ONLY___ the
2026-05-07 14:15:30,914 INFO     ___FILE_ONLY___  
2026-05-07 14:15:30,915 INFO     ___FILE_ONLY___ --container
2026-05-07 14:15:30,916 INFO     ___FILE_ONLY___  
2026-05-07 14:15:30,917 INFO     ___FILE_ONLY___ flag.
2026-05-07 14:15:30,917 INFO     ___FILE_ONLY___  
2026-05-07 14:15:30,918 INFO     ___FILE_ONLY___ For
2026-05-07 14:15:30,919 INFO     ___FILE_ONLY___ 

2026-05-07 14:15:30,919 INFO     ___FILE_ONLY___           
2026-05-07 14:15:30,920 INFO     ___FILE_ONLY___ multi-container
2026-05-07 14:15:30,920 INFO     ___FILE_ONLY___  
2026-05-07 14:15:30,921 INFO     ___FILE_ONLY___ services,
2026-05-07 14:15:30,922 INFO     ___FILE_ONLY___  
2026-05-07 14:15:30,922 INFO     ___FILE_ONLY___ specify
2026-05-07 14:15:30,923 INFO     ___FILE_ONLY___  
2026-05-07 14:15:30,924 INFO     ___FILE_ONLY___ the
2026-05-07 14:15:30,924 INFO     ___FILE_ONLY___  
2026-05-07 14:15:30,926 INFO     ___FILE_ONLY___ mount-path
2026-05-07 14:15:30,929 INFO     ___FILE_ONLY___  
2026-05-07 14:15:30,930 INFO     ___FILE_ONLY___ parameter
2026-05-07 14:15:30,931 INFO     ___FILE_ONLY___  
2026-05-07 14:15:30,932 INFO     ___FILE_ONLY___ under
2026-05-07 14:15:30,933 INFO     ___FILE_ONLY___  
2026-05-07 14:15:30,934 INFO     ___FILE_ONLY___ the
2026-05-07 14:15:30,934 INFO     ___FILE_ONLY___ 

2026-05-07 14:15:30,935 INFO     ___FILE_ONLY___           
2026-05-07 14:15:30,935 INFO     ___FILE_ONLY___ --add-volume-mount
2026-05-07 14:15:30,936 INFO     ___FILE_ONLY___  
2026-05-07 14:15:30,936 INFO     ___FILE_ONLY___ flag.
2026-05-07 14:15:30,937 INFO     ___FILE_ONLY___ 

2026-05-07 14:15:30,937 INFO     ___FILE_ONLY___         ◆
2026-05-07 14:15:30,938 INFO     ___FILE_ONLY___  
2026-05-07 14:15:30,938 INFO     ___FILE_ONLY___ size-limit:
2026-05-07 14:15:30,939 INFO     ___FILE_ONLY___  
2026-05-07 14:15:30,939 INFO     ___FILE_ONLY___ (optional)
2026-05-07 14:15:30,939 INFO     ___FILE_ONLY___  
2026-05-07 14:15:30,940 INFO     ___FILE_ONLY___ A
2026-05-07 14:15:30,940 INFO     ___FILE_ONLY___  
2026-05-07 14:15:30,941 INFO     ___FILE_ONLY___ quantity
2026-05-07 14:15:30,941 INFO     ___FILE_ONLY___  
2026-05-07 14:15:30,942 INFO     ___FILE_ONLY___ representing
2026-05-07 14:15:30,942 INFO     ___FILE_ONLY___  
2026-05-07 14:15:30,943 INFO     ___FILE_ONLY___ the
2026-05-07 14:15:30,943 INFO     ___FILE_ONLY___  
2026-05-07 14:15:30,944 INFO     ___FILE_ONLY___ maximum
2026-05-07 14:15:30,944 INFO     ___FILE_ONLY___  
2026-05-07 14:15:30,945 INFO     ___FILE_ONLY___ amount
2026-05-07 14:15:30,945 INFO     ___FILE_ONLY___ 

2026-05-07 14:15:30,945 INFO     ___FILE_ONLY___           
2026-05-07 14:15:30,946 INFO     ___FILE_ONLY___ of
2026-05-07 14:15:30,946 INFO     ___FILE_ONLY___  
2026-05-07 14:15:30,947 INFO     ___FILE_ONLY___ memory
2026-05-07 14:15:30,948 INFO     ___FILE_ONLY___  
2026-05-07 14:15:30,949 INFO     ___FILE_ONLY___ allocated
2026-05-07 14:15:30,949 INFO     ___FILE_ONLY___  
2026-05-07 14:15:30,949 INFO     ___FILE_ONLY___ to
2026-05-07 14:15:30,950 INFO     ___FILE_ONLY___  
2026-05-07 14:15:30,950 INFO     ___FILE_ONLY___ this
2026-05-07 14:15:30,951 INFO     ___FILE_ONLY___  
2026-05-07 14:15:30,951 INFO     ___FILE_ONLY___ volume,
2026-05-07 14:15:30,952 INFO     ___FILE_ONLY___  
2026-05-07 14:15:30,952 INFO     ___FILE_ONLY___ such
2026-05-07 14:15:30,953 INFO     ___FILE_ONLY___  
2026-05-07 14:15:30,953 INFO     ___FILE_ONLY___ as
2026-05-07 14:15:30,954 INFO     ___FILE_ONLY___  
2026-05-07 14:15:30,954 INFO     ___FILE_ONLY___ "512Mi"
2026-05-07 14:15:30,955 INFO     ___FILE_ONLY___  
2026-05-07 14:15:30,955 INFO     ___FILE_ONLY___ or
2026-05-07 14:15:30,955 INFO     ___FILE_ONLY___  
2026-05-07 14:15:30,956 INFO     ___FILE_ONLY___ "3G".
2026-05-07 14:15:30,956 INFO     ___FILE_ONLY___  
2026-05-07 14:15:30,957 INFO     ___FILE_ONLY___ Data
2026-05-07 14:15:30,957 INFO     ___FILE_ONLY___ 

2026-05-07 14:15:30,958 INFO     ___FILE_ONLY___           
2026-05-07 14:15:30,958 INFO     ___FILE_ONLY___ stored
2026-05-07 14:15:30,959 INFO     ___FILE_ONLY___  
2026-05-07 14:15:30,959 INFO     ___FILE_ONLY___ in
2026-05-07 14:15:30,960 INFO     ___FILE_ONLY___  
2026-05-07 14:15:30,960 INFO     ___FILE_ONLY___ an
2026-05-07 14:15:30,960 INFO     ___FILE_ONLY___  
2026-05-07 14:15:30,961 INFO     ___FILE_ONLY___ in-memory
2026-05-07 14:15:30,962 INFO     ___FILE_ONLY___  
2026-05-07 14:15:30,962 INFO     ___FILE_ONLY___ volume
2026-05-07 14:15:30,962 INFO     ___FILE_ONLY___  
2026-05-07 14:15:30,963 INFO     ___FILE_ONLY___ consumes
2026-05-07 14:15:30,964 INFO     ___FILE_ONLY___  
2026-05-07 14:15:30,965 INFO     ___FILE_ONLY___ the
2026-05-07 14:15:30,965 INFO     ___FILE_ONLY___  
2026-05-07 14:15:30,966 INFO     ___FILE_ONLY___ memory
2026-05-07 14:15:30,966 INFO     ___FILE_ONLY___  
2026-05-07 14:15:30,966 INFO     ___FILE_ONLY___ allocation
2026-05-07 14:15:30,967 INFO     ___FILE_ONLY___  
2026-05-07 14:15:30,967 INFO     ___FILE_ONLY___ of
2026-05-07 14:15:30,968 INFO     ___FILE_ONLY___  
2026-05-07 14:15:30,968 INFO     ___FILE_ONLY___ the
2026-05-07 14:15:30,969 INFO     ___FILE_ONLY___ 

2026-05-07 14:15:30,969 INFO     ___FILE_ONLY___           
2026-05-07 14:15:30,970 INFO     ___FILE_ONLY___ container
2026-05-07 14:15:30,970 INFO     ___FILE_ONLY___  
2026-05-07 14:15:30,971 INFO     ___FILE_ONLY___ that
2026-05-07 14:15:30,971 INFO     ___FILE_ONLY___  
2026-05-07 14:15:30,971 INFO     ___FILE_ONLY___ wrote
2026-05-07 14:15:30,972 INFO     ___FILE_ONLY___  
2026-05-07 14:15:30,972 INFO     ___FILE_ONLY___ the
2026-05-07 14:15:30,973 INFO     ___FILE_ONLY___  
2026-05-07 14:15:30,973 INFO     ___FILE_ONLY___ data.
2026-05-07 14:15:30,974 INFO     ___FILE_ONLY___  
2026-05-07 14:15:30,974 INFO     ___FILE_ONLY___ If
2026-05-07 14:15:30,975 INFO     ___FILE_ONLY___  
2026-05-07 14:15:30,975 INFO     ___FILE_ONLY___ size-limit
2026-05-07 14:15:30,976 INFO     ___FILE_ONLY___  
2026-05-07 14:15:30,976 INFO     ___FILE_ONLY___ is
2026-05-07 14:15:30,977 INFO     ___FILE_ONLY___  
2026-05-07 14:15:30,977 INFO     ___FILE_ONLY___ not
2026-05-07 14:15:30,978 INFO     ___FILE_ONLY___  
2026-05-07 14:15:30,978 INFO     ___FILE_ONLY___ specified,
2026-05-07 14:15:30,978 INFO     ___FILE_ONLY___  
2026-05-07 14:15:30,979 INFO     ___FILE_ONLY___ the
2026-05-07 14:15:30,979 INFO     ___FILE_ONLY___ 

2026-05-07 14:15:30,980 INFO     ___FILE_ONLY___           
2026-05-07 14:15:30,981 INFO     ___FILE_ONLY___ maximum
2026-05-07 14:15:30,981 INFO     ___FILE_ONLY___  
2026-05-07 14:15:30,982 INFO     ___FILE_ONLY___ size
2026-05-07 14:15:30,982 INFO     ___FILE_ONLY___  
2026-05-07 14:15:30,983 INFO     ___FILE_ONLY___ will
2026-05-07 14:15:30,983 INFO     ___FILE_ONLY___  
2026-05-07 14:15:30,984 INFO     ___FILE_ONLY___ be
2026-05-07 14:15:30,984 INFO     ___FILE_ONLY___  
2026-05-07 14:15:30,985 INFO     ___FILE_ONLY___ half
2026-05-07 14:15:30,985 INFO     ___FILE_ONLY___  
2026-05-07 14:15:30,986 INFO     ___FILE_ONLY___ the
2026-05-07 14:15:30,986 INFO     ___FILE_ONLY___  
2026-05-07 14:15:30,987 INFO     ___FILE_ONLY___ total
2026-05-07 14:15:30,987 INFO     ___FILE_ONLY___  
2026-05-07 14:15:30,987 INFO     ___FILE_ONLY___ memory
2026-05-07 14:15:30,988 INFO     ___FILE_ONLY___  
2026-05-07 14:15:30,988 INFO     ___FILE_ONLY___ limit
2026-05-07 14:15:30,989 INFO     ___FILE_ONLY___  
2026-05-07 14:15:30,989 INFO     ___FILE_ONLY___ of
2026-05-07 14:15:30,990 INFO     ___FILE_ONLY___  
2026-05-07 14:15:30,990 INFO     ___FILE_ONLY___ all
2026-05-07 14:15:30,991 INFO     ___FILE_ONLY___  
2026-05-07 14:15:30,991 INFO     ___FILE_ONLY___ containers.
2026-05-07 14:15:30,992 INFO     ___FILE_ONLY___ 

2026-05-07 14:15:30,992 INFO     ___FILE_ONLY___ 

2026-05-07 14:15:30,993 INFO     ___FILE_ONLY___        
2026-05-07 14:15:30,993 INFO     ___FILE_ONLY___  
2026-05-07 14:15:30,994 INFO     ___FILE_ONLY___ nfs:
2026-05-07 14:15:30,994 INFO     ___FILE_ONLY___  
2026-05-07 14:15:30,995 INFO     ___FILE_ONLY___ Represents
2026-05-07 14:15:30,995 INFO     ___FILE_ONLY___  
2026-05-07 14:15:30,995 INFO     ___FILE_ONLY___ a
2026-05-07 14:15:30,996 INFO     ___FILE_ONLY___  
2026-05-07 14:15:30,997 INFO     ___FILE_ONLY___ volume
2026-05-07 14:15:30,997 INFO     ___FILE_ONLY___  
2026-05-07 14:15:30,998 INFO     ___FILE_ONLY___ backed
2026-05-07 14:15:30,998 INFO     ___FILE_ONLY___  
2026-05-07 14:15:30,999 INFO     ___FILE_ONLY___ by
2026-05-07 14:15:30,999 INFO     ___FILE_ONLY___  
2026-05-07 14:15:31,000 INFO     ___FILE_ONLY___ an
2026-05-07 14:15:31,000 INFO     ___FILE_ONLY___  
2026-05-07 14:15:31,001 INFO     ___FILE_ONLY___ NFS
2026-05-07 14:15:31,001 INFO     ___FILE_ONLY___  
2026-05-07 14:15:31,002 INFO     ___FILE_ONLY___ server.
2026-05-07 14:15:31,002 INFO     ___FILE_ONLY___  
2026-05-07 14:15:31,003 INFO     ___FILE_ONLY___ Additional
2026-05-07 14:15:31,003 INFO     ___FILE_ONLY___  
2026-05-07 14:15:31,003 INFO     ___FILE_ONLY___ keys:
2026-05-07 14:15:31,004 INFO     ___FILE_ONLY___ 

2026-05-07 14:15:31,004 INFO     ___FILE_ONLY___         ◆
2026-05-07 14:15:31,005 INFO     ___FILE_ONLY___  
2026-05-07 14:15:31,005 INFO     ___FILE_ONLY___ location:
2026-05-07 14:15:31,006 INFO     ___FILE_ONLY___  
2026-05-07 14:15:31,006 INFO     ___FILE_ONLY___ (required)
2026-05-07 14:15:31,007 INFO     ___FILE_ONLY___  
2026-05-07 14:15:31,007 INFO     ___FILE_ONLY___ The
2026-05-07 14:15:31,007 INFO     ___FILE_ONLY___  
2026-05-07 14:15:31,008 INFO     ___FILE_ONLY___ location
2026-05-07 14:15:31,008 INFO     ___FILE_ONLY___  
2026-05-07 14:15:31,009 INFO     ___FILE_ONLY___ of
2026-05-07 14:15:31,009 INFO     ___FILE_ONLY___  
2026-05-07 14:15:31,010 INFO     ___FILE_ONLY___ the
2026-05-07 14:15:31,010 INFO     ___FILE_ONLY___  
2026-05-07 14:15:31,011 INFO     ___FILE_ONLY___ NFS
2026-05-07 14:15:31,011 INFO     ___FILE_ONLY___  
2026-05-07 14:15:31,012 INFO     ___FILE_ONLY___ Server,
2026-05-07 14:15:31,012 INFO     ___FILE_ONLY___  
2026-05-07 14:15:31,012 INFO     ___FILE_ONLY___ in
2026-05-07 14:15:31,013 INFO     ___FILE_ONLY___  
2026-05-07 14:15:31,014 INFO     ___FILE_ONLY___ the
2026-05-07 14:15:31,014 INFO     ___FILE_ONLY___  
2026-05-07 14:15:31,015 INFO     ___FILE_ONLY___ form
2026-05-07 14:15:31,015 INFO     ___FILE_ONLY___ 

2026-05-07 14:15:31,016 INFO     ___FILE_ONLY___           
2026-05-07 14:15:31,016 INFO     ___FILE_ONLY___ SERVER:/PATH
2026-05-07 14:15:31,017 INFO     ___FILE_ONLY___ 

2026-05-07 14:15:31,017 INFO     ___FILE_ONLY___         ◆
2026-05-07 14:15:31,018 INFO     ___FILE_ONLY___  
2026-05-07 14:15:31,018 INFO     ___FILE_ONLY___ mount-path:
2026-05-07 14:15:31,019 INFO     ___FILE_ONLY___  
2026-05-07 14:15:31,019 INFO     ___FILE_ONLY___ (optional)
2026-05-07 14:15:31,020 INFO     ___FILE_ONLY___  
2026-05-07 14:15:31,020 INFO     ___FILE_ONLY___ The
2026-05-07 14:15:31,020 INFO     ___FILE_ONLY___  
2026-05-07 14:15:31,021 INFO     ___FILE_ONLY___ path
2026-05-07 14:15:31,021 INFO     ___FILE_ONLY___  
2026-05-07 14:15:31,022 INFO     ___FILE_ONLY___ at
2026-05-07 14:15:31,022 INFO     ___FILE_ONLY___  
2026-05-07 14:15:31,023 INFO     ___FILE_ONLY___ which
2026-05-07 14:15:31,023 INFO     ___FILE_ONLY___  
2026-05-07 14:15:31,024 INFO     ___FILE_ONLY___ the
2026-05-07 14:15:31,024 INFO     ___FILE_ONLY___  
2026-05-07 14:15:31,024 INFO     ___FILE_ONLY___ volume
2026-05-07 14:15:31,025 INFO     ___FILE_ONLY___  
2026-05-07 14:15:31,025 INFO     ___FILE_ONLY___ should
2026-05-07 14:15:31,026 INFO     ___FILE_ONLY___  
2026-05-07 14:15:31,026 INFO     ___FILE_ONLY___ be
2026-05-07 14:15:31,027 INFO     ___FILE_ONLY___ 

2026-05-07 14:15:31,027 INFO     ___FILE_ONLY___           
2026-05-07 14:15:31,028 INFO     ___FILE_ONLY___ mounted.
2026-05-07 14:15:31,028 INFO     ___FILE_ONLY___  
2026-05-07 14:15:31,029 INFO     ___FILE_ONLY___ The
2026-05-07 14:15:31,029 INFO     ___FILE_ONLY___  
2026-05-07 14:15:31,029 INFO     ___FILE_ONLY___ mount-path
2026-05-07 14:15:31,030 INFO     ___FILE_ONLY___  
2026-05-07 14:15:31,031 INFO     ___FILE_ONLY___ parameter
2026-05-07 14:15:31,031 INFO     ___FILE_ONLY___  
2026-05-07 14:15:31,032 INFO     ___FILE_ONLY___ is
2026-05-07 14:15:31,032 INFO     ___FILE_ONLY___  
2026-05-07 14:15:31,033 INFO     ___FILE_ONLY___ only
2026-05-07 14:15:31,033 INFO     ___FILE_ONLY___  
2026-05-07 14:15:31,034 INFO     ___FILE_ONLY___ supported
2026-05-07 14:15:31,034 INFO     ___FILE_ONLY___  
2026-05-07 14:15:31,035 INFO     ___FILE_ONLY___ for
2026-05-07 14:15:31,035 INFO     ___FILE_ONLY___  
2026-05-07 14:15:31,036 INFO     ___FILE_ONLY___ single
2026-05-07 14:15:31,036 INFO     ___FILE_ONLY___ 

2026-05-07 14:15:31,036 INFO     ___FILE_ONLY___           
2026-05-07 14:15:31,037 INFO     ___FILE_ONLY___ container
2026-05-07 14:15:31,037 INFO     ___FILE_ONLY___  
2026-05-07 14:15:31,038 INFO     ___FILE_ONLY___ services
2026-05-07 14:15:31,038 INFO     ___FILE_ONLY___  
2026-05-07 14:15:31,039 INFO     ___FILE_ONLY___ which
2026-05-07 14:15:31,039 INFO     ___FILE_ONLY___  
2026-05-07 14:15:31,040 INFO     ___FILE_ONLY___ do
2026-05-07 14:15:31,040 INFO     ___FILE_ONLY___  
2026-05-07 14:15:31,041 INFO     ___FILE_ONLY___ not
2026-05-07 14:15:31,041 INFO     ___FILE_ONLY___  
2026-05-07 14:15:31,044 INFO     ___FILE_ONLY___ make
2026-05-07 14:15:31,044 INFO     ___FILE_ONLY___  
2026-05-07 14:15:31,045 INFO     ___FILE_ONLY___ use
2026-05-07 14:15:31,045 INFO     ___FILE_ONLY___  
2026-05-07 14:15:31,045 INFO     ___FILE_ONLY___ of
2026-05-07 14:15:31,046 INFO     ___FILE_ONLY___  
2026-05-07 14:15:31,047 INFO     ___FILE_ONLY___ the
2026-05-07 14:15:31,047 INFO     ___FILE_ONLY___  
2026-05-07 14:15:31,048 INFO     ___FILE_ONLY___ --container
2026-05-07 14:15:31,048 INFO     ___FILE_ONLY___  
2026-05-07 14:15:31,049 INFO     ___FILE_ONLY___ flag.
2026-05-07 14:15:31,049 INFO     ___FILE_ONLY___  
2026-05-07 14:15:31,050 INFO     ___FILE_ONLY___ For
2026-05-07 14:15:31,050 INFO     ___FILE_ONLY___ 

2026-05-07 14:15:31,051 INFO     ___FILE_ONLY___           
2026-05-07 14:15:31,051 INFO     ___FILE_ONLY___ multi-container
2026-05-07 14:15:31,052 INFO     ___FILE_ONLY___  
2026-05-07 14:15:31,052 INFO     ___FILE_ONLY___ services,
2026-05-07 14:15:31,052 INFO     ___FILE_ONLY___  
2026-05-07 14:15:31,053 INFO     ___FILE_ONLY___ specify
2026-05-07 14:15:31,053 INFO     ___FILE_ONLY___  
2026-05-07 14:15:31,054 INFO     ___FILE_ONLY___ the
2026-05-07 14:15:31,054 INFO     ___FILE_ONLY___  
2026-05-07 14:15:31,055 INFO     ___FILE_ONLY___ mount-path
2026-05-07 14:15:31,055 INFO     ___FILE_ONLY___  
2026-05-07 14:15:31,056 INFO     ___FILE_ONLY___ parameter
2026-05-07 14:15:31,056 INFO     ___FILE_ONLY___  
2026-05-07 14:15:31,056 INFO     ___FILE_ONLY___ under
2026-05-07 14:15:31,057 INFO     ___FILE_ONLY___  
2026-05-07 14:15:31,057 INFO     ___FILE_ONLY___ the
2026-05-07 14:15:31,058 INFO     ___FILE_ONLY___ 

2026-05-07 14:15:31,058 INFO     ___FILE_ONLY___           
2026-05-07 14:15:31,059 INFO     ___FILE_ONLY___ --add-volume-mount
2026-05-07 14:15:31,059 INFO     ___FILE_ONLY___  
2026-05-07 14:15:31,060 INFO     ___FILE_ONLY___ flag.
2026-05-07 14:15:31,060 INFO     ___FILE_ONLY___ 

2026-05-07 14:15:31,060 INFO     ___FILE_ONLY___         ◆
2026-05-07 14:15:31,061 INFO     ___FILE_ONLY___  
2026-05-07 14:15:31,061 INFO     ___FILE_ONLY___ readonly:
2026-05-07 14:15:31,062 INFO     ___FILE_ONLY___  
2026-05-07 14:15:31,063 INFO     ___FILE_ONLY___ (optional)
2026-05-07 14:15:31,063 INFO     ___FILE_ONLY___  
2026-05-07 14:15:31,064 INFO     ___FILE_ONLY___ A
2026-05-07 14:15:31,064 INFO     ___FILE_ONLY___  
2026-05-07 14:15:31,065 INFO     ___FILE_ONLY___ boolean.
2026-05-07 14:15:31,065 INFO     ___FILE_ONLY___  
2026-05-07 14:15:31,065 INFO     ___FILE_ONLY___ If
2026-05-07 14:15:31,066 INFO     ___FILE_ONLY___  
2026-05-07 14:15:31,066 INFO     ___FILE_ONLY___ true,
2026-05-07 14:15:31,067 INFO     ___FILE_ONLY___  
2026-05-07 14:15:31,067 INFO     ___FILE_ONLY___ this
2026-05-07 14:15:31,068 INFO     ___FILE_ONLY___  
2026-05-07 14:15:31,068 INFO     ___FILE_ONLY___ volume
2026-05-07 14:15:31,069 INFO     ___FILE_ONLY___  
2026-05-07 14:15:31,069 INFO     ___FILE_ONLY___ will
2026-05-07 14:15:31,069 INFO     ___FILE_ONLY___  
2026-05-07 14:15:31,070 INFO     ___FILE_ONLY___ be
2026-05-07 14:15:31,070 INFO     ___FILE_ONLY___ 

2026-05-07 14:15:31,071 INFO     ___FILE_ONLY___           
2026-05-07 14:15:31,071 INFO     ___FILE_ONLY___ read-only
2026-05-07 14:15:31,072 INFO     ___FILE_ONLY___  
2026-05-07 14:15:31,072 INFO     ___FILE_ONLY___ from
2026-05-07 14:15:31,073 INFO     ___FILE_ONLY___  
2026-05-07 14:15:31,073 INFO     ___FILE_ONLY___ all
2026-05-07 14:15:31,073 INFO     ___FILE_ONLY___  
2026-05-07 14:15:31,074 INFO     ___FILE_ONLY___ mounts.
2026-05-07 14:15:31,074 INFO     ___FILE_ONLY___ 

2026-05-07 14:15:31,075 INFO     ___FILE_ONLY___ 

2026-05-07 14:15:31,075 INFO     ___FILE_ONLY___      --clear-volumes

2026-05-07 14:15:31,076 INFO     ___FILE_ONLY___        
2026-05-07 14:15:31,076 INFO     ___FILE_ONLY___  
2026-05-07 14:15:31,077 INFO     ___FILE_ONLY___ Remove
2026-05-07 14:15:31,077 INFO     ___FILE_ONLY___  
2026-05-07 14:15:31,077 INFO     ___FILE_ONLY___ all
2026-05-07 14:15:31,078 INFO     ___FILE_ONLY___  
2026-05-07 14:15:31,078 INFO     ___FILE_ONLY___ existing
2026-05-07 14:15:31,079 INFO     ___FILE_ONLY___  
2026-05-07 14:15:31,079 INFO     ___FILE_ONLY___ volumes
2026-05-07 14:15:31,080 INFO     ___FILE_ONLY___  
2026-05-07 14:15:31,081 INFO     ___FILE_ONLY___ from
2026-05-07 14:15:31,081 INFO     ___FILE_ONLY___  
2026-05-07 14:15:31,082 INFO     ___FILE_ONLY___ the
2026-05-07 14:15:31,082 INFO     ___FILE_ONLY___  
2026-05-07 14:15:31,082 INFO     ___FILE_ONLY___ Cloud
2026-05-07 14:15:31,083 INFO     ___FILE_ONLY___  
2026-05-07 14:15:31,083 INFO     ___FILE_ONLY___ Run
2026-05-07 14:15:31,084 INFO     ___FILE_ONLY___  
2026-05-07 14:15:31,084 INFO     ___FILE_ONLY___ resource,
2026-05-07 14:15:31,085 INFO     ___FILE_ONLY___  
2026-05-07 14:15:31,085 INFO     ___FILE_ONLY___ including
2026-05-07 14:15:31,086 INFO     ___FILE_ONLY___ 

2026-05-07 14:15:31,086 INFO     ___FILE_ONLY___         
2026-05-07 14:15:31,087 INFO     ___FILE_ONLY___ volumes
2026-05-07 14:15:31,087 INFO     ___FILE_ONLY___  
2026-05-07 14:15:31,087 INFO     ___FILE_ONLY___ mounted
2026-05-07 14:15:31,088 INFO     ___FILE_ONLY___  
2026-05-07 14:15:31,088 INFO     ___FILE_ONLY___ as
2026-05-07 14:15:31,089 INFO     ___FILE_ONLY___  
2026-05-07 14:15:31,089 INFO     ___FILE_ONLY___ secrets
2026-05-07 14:15:31,090 INFO     ___FILE_ONLY___ 

2026-05-07 14:15:31,090 INFO     ___FILE_ONLY___ 

2026-05-07 14:15:31,091 INFO     ___FILE_ONLY___      --remove-volume=[VOLUME,...]

2026-05-07 14:15:31,091 INFO     ___FILE_ONLY___        
2026-05-07 14:15:31,091 INFO     ___FILE_ONLY___  
2026-05-07 14:15:31,092 INFO     ___FILE_ONLY___ Removes
2026-05-07 14:15:31,092 INFO     ___FILE_ONLY___  
2026-05-07 14:15:31,093 INFO     ___FILE_ONLY___ volumes
2026-05-07 14:15:31,093 INFO     ___FILE_ONLY___  
2026-05-07 14:15:31,094 INFO     ___FILE_ONLY___ from
2026-05-07 14:15:31,094 INFO     ___FILE_ONLY___  
2026-05-07 14:15:31,095 INFO     ___FILE_ONLY___ the
2026-05-07 14:15:31,095 INFO     ___FILE_ONLY___  
2026-05-07 14:15:31,096 INFO     ___FILE_ONLY___ Cloud
2026-05-07 14:15:31,096 INFO     ___FILE_ONLY___  
2026-05-07 14:15:31,097 INFO     ___FILE_ONLY___ Run
2026-05-07 14:15:31,097 INFO     ___FILE_ONLY___  
2026-05-07 14:15:31,098 INFO     ___FILE_ONLY___ resource.
2026-05-07 14:15:31,098 INFO     ___FILE_ONLY___ 

2026-05-07 14:15:31,099 INFO     ___FILE_ONLY___ 

2026-05-07 14:15:31,099 INFO     ___FILE_ONLY___    
2026-05-07 14:15:31,100 INFO     ___FILE_ONLY___  
2026-05-07 14:15:31,100 INFO     ___FILE_ONLY___ Container
2026-05-07 14:15:31,101 INFO     ___FILE_ONLY___  
2026-05-07 14:15:31,101 INFO     ___FILE_ONLY___ Flags
2026-05-07 14:15:31,102 INFO     ___FILE_ONLY___ 

2026-05-07 14:15:31,102 INFO     ___FILE_ONLY___ 

2026-05-07 14:15:31,103 INFO     ___FILE_ONLY___    
2026-05-07 14:15:31,103 INFO     ___FILE_ONLY___  
2026-05-07 14:15:31,103 INFO     ___FILE_ONLY___ The
2026-05-07 14:15:31,104 INFO     ___FILE_ONLY___  
2026-05-07 14:15:31,104 INFO     ___FILE_ONLY___ following
2026-05-07 14:15:31,105 INFO     ___FILE_ONLY___  
2026-05-07 14:15:31,105 INFO     ___FILE_ONLY___ flags
2026-05-07 14:15:31,106 INFO     ___FILE_ONLY___  
2026-05-07 14:15:31,106 INFO     ___FILE_ONLY___ apply
2026-05-07 14:15:31,107 INFO     ___FILE_ONLY___  
2026-05-07 14:15:31,107 INFO     ___FILE_ONLY___ to
2026-05-07 14:15:31,107 INFO     ___FILE_ONLY___  
2026-05-07 14:15:31,108 INFO     ___FILE_ONLY___ a
2026-05-07 14:15:31,108 INFO     ___FILE_ONLY___  
2026-05-07 14:15:31,109 INFO     ___FILE_ONLY___ single
2026-05-07 14:15:31,109 INFO     ___FILE_ONLY___  
2026-05-07 14:15:31,110 INFO     ___FILE_ONLY___ container.
2026-05-07 14:15:31,110 INFO     ___FILE_ONLY___  
2026-05-07 14:15:31,111 INFO     ___FILE_ONLY___ If
2026-05-07 14:15:31,111 INFO     ___FILE_ONLY___  
2026-05-07 14:15:31,111 INFO     ___FILE_ONLY___ the
2026-05-07 14:15:31,112 INFO     ___FILE_ONLY___  
2026-05-07 14:15:31,112 INFO     ___FILE_ONLY___ --container
2026-05-07 14:15:31,113 INFO     ___FILE_ONLY___  
2026-05-07 14:15:31,114 INFO     ___FILE_ONLY___ flag
2026-05-07 14:15:31,114 INFO     ___FILE_ONLY___  
2026-05-07 14:15:31,115 INFO     ___FILE_ONLY___ is
2026-05-07 14:15:31,115 INFO     ___FILE_ONLY___ 

2026-05-07 14:15:31,116 INFO     ___FILE_ONLY___     
2026-05-07 14:15:31,116 INFO     ___FILE_ONLY___ specified
2026-05-07 14:15:31,116 INFO     ___FILE_ONLY___  
2026-05-07 14:15:31,117 INFO     ___FILE_ONLY___ these
2026-05-07 14:15:31,117 INFO     ___FILE_ONLY___  
2026-05-07 14:15:31,118 INFO     ___FILE_ONLY___ flags
2026-05-07 14:15:31,118 INFO     ___FILE_ONLY___  
2026-05-07 14:15:31,119 INFO     ___FILE_ONLY___ may
2026-05-07 14:15:31,119 INFO     ___FILE_ONLY___  
2026-05-07 14:15:31,120 INFO     ___FILE_ONLY___ only
2026-05-07 14:15:31,120 INFO     ___FILE_ONLY___  
2026-05-07 14:15:31,120 INFO     ___FILE_ONLY___ be
2026-05-07 14:15:31,121 INFO     ___FILE_ONLY___  
2026-05-07 14:15:31,121 INFO     ___FILE_ONLY___ specified
2026-05-07 14:15:31,122 INFO     ___FILE_ONLY___  
2026-05-07 14:15:31,122 INFO     ___FILE_ONLY___ after
2026-05-07 14:15:31,123 INFO     ___FILE_ONLY___  
2026-05-07 14:15:31,123 INFO     ___FILE_ONLY___ a
2026-05-07 14:15:31,123 INFO     ___FILE_ONLY___  
2026-05-07 14:15:31,124 INFO     ___FILE_ONLY___ --container
2026-05-07 14:15:31,124 INFO     ___FILE_ONLY___  
2026-05-07 14:15:31,125 INFO     ___FILE_ONLY___ flag.
2026-05-07 14:15:31,125 INFO     ___FILE_ONLY___ 

2026-05-07 14:15:31,126 INFO     ___FILE_ONLY___     
2026-05-07 14:15:31,126 INFO     ___FILE_ONLY___ Otherwise
2026-05-07 14:15:31,127 INFO     ___FILE_ONLY___  
2026-05-07 14:15:31,127 INFO     ___FILE_ONLY___ they
2026-05-07 14:15:31,127 INFO     ___FILE_ONLY___  
2026-05-07 14:15:31,128 INFO     ___FILE_ONLY___ will
2026-05-07 14:15:31,128 INFO     ___FILE_ONLY___  
2026-05-07 14:15:31,129 INFO     ___FILE_ONLY___ apply
2026-05-07 14:15:31,129 INFO     ___FILE_ONLY___  
2026-05-07 14:15:31,130 INFO     ___FILE_ONLY___ to
2026-05-07 14:15:31,131 INFO     ___FILE_ONLY___  
2026-05-07 14:15:31,131 INFO     ___FILE_ONLY___ the
2026-05-07 14:15:31,132 INFO     ___FILE_ONLY___  
2026-05-07 14:15:31,132 INFO     ___FILE_ONLY___ primary
2026-05-07 14:15:31,132 INFO     ___FILE_ONLY___  
2026-05-07 14:15:31,133 INFO     ___FILE_ONLY___ ingress
2026-05-07 14:15:31,133 INFO     ___FILE_ONLY___  
2026-05-07 14:15:31,134 INFO     ___FILE_ONLY___ container.
2026-05-07 14:15:31,134 INFO     ___FILE_ONLY___ 

2026-05-07 14:15:31,135 INFO     ___FILE_ONLY___ 

2026-05-07 14:15:31,135 INFO     ___FILE_ONLY___      --add-volume-mount=[volume=NAME,mount-path=MOUNT_PATH,...]

2026-05-07 14:15:31,136 INFO     ___FILE_ONLY___        
2026-05-07 14:15:31,136 INFO     ___FILE_ONLY___  
2026-05-07 14:15:31,137 INFO     ___FILE_ONLY___ Adds
2026-05-07 14:15:31,137 INFO     ___FILE_ONLY___  
2026-05-07 14:15:31,137 INFO     ___FILE_ONLY___ a
2026-05-07 14:15:31,138 INFO     ___FILE_ONLY___  
2026-05-07 14:15:31,138 INFO     ___FILE_ONLY___ mount
2026-05-07 14:15:31,139 INFO     ___FILE_ONLY___  
2026-05-07 14:15:31,139 INFO     ___FILE_ONLY___ to
2026-05-07 14:15:31,140 INFO     ___FILE_ONLY___  
2026-05-07 14:15:31,140 INFO     ___FILE_ONLY___ the
2026-05-07 14:15:31,141 INFO     ___FILE_ONLY___  
2026-05-07 14:15:31,141 INFO     ___FILE_ONLY___ current
2026-05-07 14:15:31,141 INFO     ___FILE_ONLY___  
2026-05-07 14:15:31,142 INFO     ___FILE_ONLY___ container.
2026-05-07 14:15:31,142 INFO     ___FILE_ONLY___  
2026-05-07 14:15:31,143 INFO     ___FILE_ONLY___ Must
2026-05-07 14:15:31,143 INFO     ___FILE_ONLY___  
2026-05-07 14:15:31,144 INFO     ___FILE_ONLY___ contain
2026-05-07 14:15:31,144 INFO     ___FILE_ONLY___  
2026-05-07 14:15:31,145 INFO     ___FILE_ONLY___ the
2026-05-07 14:15:31,145 INFO     ___FILE_ONLY___  
2026-05-07 14:15:31,146 INFO     ___FILE_ONLY___ keys
2026-05-07 14:15:31,146 INFO     ___FILE_ONLY___ 

2026-05-07 14:15:31,147 INFO     ___FILE_ONLY___         
2026-05-07 14:15:31,147 INFO     ___FILE_ONLY___ volume=NAME
2026-05-07 14:15:31,148 INFO     ___FILE_ONLY___  
2026-05-07 14:15:31,148 INFO     ___FILE_ONLY___ and
2026-05-07 14:15:31,149 INFO     ___FILE_ONLY___  
2026-05-07 14:15:31,149 INFO     ___FILE_ONLY___ mount-path=/PATH
2026-05-07 14:15:31,150 INFO     ___FILE_ONLY___  
2026-05-07 14:15:31,150 INFO     ___FILE_ONLY___ where
2026-05-07 14:15:31,151 INFO     ___FILE_ONLY___  
2026-05-07 14:15:31,151 INFO     ___FILE_ONLY___ NAME
2026-05-07 14:15:31,151 INFO     ___FILE_ONLY___  
2026-05-07 14:15:31,152 INFO     ___FILE_ONLY___ is
2026-05-07 14:15:31,152 INFO     ___FILE_ONLY___  
2026-05-07 14:15:31,153 INFO     ___FILE_ONLY___ the
2026-05-07 14:15:31,153 INFO     ___FILE_ONLY___  
2026-05-07 14:15:31,154 INFO     ___FILE_ONLY___ name
2026-05-07 14:15:31,154 INFO     ___FILE_ONLY___  
2026-05-07 14:15:31,155 INFO     ___FILE_ONLY___ of
2026-05-07 14:15:31,155 INFO     ___FILE_ONLY___  
2026-05-07 14:15:31,155 INFO     ___FILE_ONLY___ a
2026-05-07 14:15:31,156 INFO     ___FILE_ONLY___  
2026-05-07 14:15:31,156 INFO     ___FILE_ONLY___ volume
2026-05-07 14:15:31,157 INFO     ___FILE_ONLY___  
2026-05-07 14:15:31,157 INFO     ___FILE_ONLY___ on
2026-05-07 14:15:31,158 INFO     ___FILE_ONLY___ 

2026-05-07 14:15:31,158 INFO     ___FILE_ONLY___         
2026-05-07 14:15:31,158 INFO     ___FILE_ONLY___ this
2026-05-07 14:15:31,159 INFO     ___FILE_ONLY___  
2026-05-07 14:15:31,159 INFO     ___FILE_ONLY___ resource
2026-05-07 14:15:31,160 INFO     ___FILE_ONLY___  
2026-05-07 14:15:31,160 INFO     ___FILE_ONLY___ and
2026-05-07 14:15:31,161 INFO     ___FILE_ONLY___  
2026-05-07 14:15:31,161 INFO     ___FILE_ONLY___ PATH
2026-05-07 14:15:31,162 INFO     ___FILE_ONLY___  
2026-05-07 14:15:31,162 INFO     ___FILE_ONLY___ is
2026-05-07 14:15:31,163 INFO     ___FILE_ONLY___  
2026-05-07 14:15:31,163 INFO     ___FILE_ONLY___ the
2026-05-07 14:15:31,164 INFO     ___FILE_ONLY___  
2026-05-07 14:15:31,164 INFO     ___FILE_ONLY___ path
2026-05-07 14:15:31,165 INFO     ___FILE_ONLY___  
2026-05-07 14:15:31,165 INFO     ___FILE_ONLY___ within
2026-05-07 14:15:31,166 INFO     ___FILE_ONLY___  
2026-05-07 14:15:31,166 INFO     ___FILE_ONLY___ the
2026-05-07 14:15:31,167 INFO     ___FILE_ONLY___  
2026-05-07 14:15:31,167 INFO     ___FILE_ONLY___ container's
2026-05-07 14:15:31,167 INFO     ___FILE_ONLY___  
2026-05-07 14:15:31,168 INFO     ___FILE_ONLY___ filesystem
2026-05-07 14:15:31,168 INFO     ___FILE_ONLY___  
2026-05-07 14:15:31,169 INFO     ___FILE_ONLY___ to
2026-05-07 14:15:31,169 INFO     ___FILE_ONLY___ 

2026-05-07 14:15:31,170 INFO     ___FILE_ONLY___         
2026-05-07 14:15:31,170 INFO     ___FILE_ONLY___ mount
2026-05-07 14:15:31,171 INFO     ___FILE_ONLY___  
2026-05-07 14:15:31,171 INFO     ___FILE_ONLY___ this
2026-05-07 14:15:31,172 INFO     ___FILE_ONLY___  
2026-05-07 14:15:31,172 INFO     ___FILE_ONLY___ volume.
2026-05-07 14:15:31,172 INFO     ___FILE_ONLY___ 

2026-05-07 14:15:31,173 INFO     ___FILE_ONLY___ 

2026-05-07 14:15:31,173 INFO     ___FILE_ONLY___      --args=[ARG,...]

2026-05-07 14:15:31,174 INFO     ___FILE_ONLY___        
2026-05-07 14:15:31,174 INFO     ___FILE_ONLY___  
2026-05-07 14:15:31,175 INFO     ___FILE_ONLY___ Comma-separated
2026-05-07 14:15:31,175 INFO     ___FILE_ONLY___  
2026-05-07 14:15:31,176 INFO     ___FILE_ONLY___ arguments
2026-05-07 14:15:31,176 INFO     ___FILE_ONLY___  
2026-05-07 14:15:31,177 INFO     ___FILE_ONLY___ passed
2026-05-07 14:15:31,177 INFO     ___FILE_ONLY___  
2026-05-07 14:15:31,177 INFO     ___FILE_ONLY___ to
2026-05-07 14:15:31,178 INFO     ___FILE_ONLY___  
2026-05-07 14:15:31,178 INFO     ___FILE_ONLY___ the
2026-05-07 14:15:31,179 INFO     ___FILE_ONLY___  
2026-05-07 14:15:31,179 INFO     ___FILE_ONLY___ command
2026-05-07 14:15:31,180 INFO     ___FILE_ONLY___  
2026-05-07 14:15:31,180 INFO     ___FILE_ONLY___ run
2026-05-07 14:15:31,181 INFO     ___FILE_ONLY___  
2026-05-07 14:15:31,181 INFO     ___FILE_ONLY___ by
2026-05-07 14:15:31,182 INFO     ___FILE_ONLY___  
2026-05-07 14:15:31,182 INFO     ___FILE_ONLY___ the
2026-05-07 14:15:31,183 INFO     ___FILE_ONLY___  
2026-05-07 14:15:31,183 INFO     ___FILE_ONLY___ container
2026-05-07 14:15:31,184 INFO     ___FILE_ONLY___ 

2026-05-07 14:15:31,184 INFO     ___FILE_ONLY___         
2026-05-07 14:15:31,185 INFO     ___FILE_ONLY___ image.
2026-05-07 14:15:31,185 INFO     ___FILE_ONLY___  
2026-05-07 14:15:31,186 INFO     ___FILE_ONLY___ If
2026-05-07 14:15:31,186 INFO     ___FILE_ONLY___  
2026-05-07 14:15:31,186 INFO     ___FILE_ONLY___ not
2026-05-07 14:15:31,187 INFO     ___FILE_ONLY___  
2026-05-07 14:15:31,187 INFO     ___FILE_ONLY___ specified
2026-05-07 14:15:31,188 INFO     ___FILE_ONLY___  
2026-05-07 14:15:31,188 INFO     ___FILE_ONLY___ and
2026-05-07 14:15:31,189 INFO     ___FILE_ONLY___  
2026-05-07 14:15:31,189 INFO     ___FILE_ONLY___ no
2026-05-07 14:15:31,190 INFO     ___FILE_ONLY___  
2026-05-07 14:15:31,190 INFO     ___FILE_ONLY___ '--command'
2026-05-07 14:15:31,190 INFO     ___FILE_ONLY___  
2026-05-07 14:15:31,191 INFO     ___FILE_ONLY___ is
2026-05-07 14:15:31,191 INFO     ___FILE_ONLY___  
2026-05-07 14:15:31,192 INFO     ___FILE_ONLY___ provided,
2026-05-07 14:15:31,192 INFO     ___FILE_ONLY___  
2026-05-07 14:15:31,193 INFO     ___FILE_ONLY___ the
2026-05-07 14:15:31,193 INFO     ___FILE_ONLY___  
2026-05-07 14:15:31,194 INFO     ___FILE_ONLY___ container
2026-05-07 14:15:31,194 INFO     ___FILE_ONLY___ 

2026-05-07 14:15:31,195 INFO     ___FILE_ONLY___         
2026-05-07 14:15:31,195 INFO     ___FILE_ONLY___ image's
2026-05-07 14:15:31,195 INFO     ___FILE_ONLY___  
2026-05-07 14:15:31,196 INFO     ___FILE_ONLY___ default
2026-05-07 14:15:31,197 INFO     ___FILE_ONLY___  
2026-05-07 14:15:31,197 INFO     ___FILE_ONLY___ Cmd
2026-05-07 14:15:31,198 INFO     ___FILE_ONLY___  
2026-05-07 14:15:31,198 INFO     ___FILE_ONLY___ is
2026-05-07 14:15:31,199 INFO     ___FILE_ONLY___  
2026-05-07 14:15:31,199 INFO     ___FILE_ONLY___ used.
2026-05-07 14:15:31,200 INFO     ___FILE_ONLY___  
2026-05-07 14:15:31,200 INFO     ___FILE_ONLY___ Otherwise,
2026-05-07 14:15:31,201 INFO     ___FILE_ONLY___  
2026-05-07 14:15:31,201 INFO     ___FILE_ONLY___ if
2026-05-07 14:15:31,201 INFO     ___FILE_ONLY___  
2026-05-07 14:15:31,202 INFO     ___FILE_ONLY___ not
2026-05-07 14:15:31,202 INFO     ___FILE_ONLY___  
2026-05-07 14:15:31,203 INFO     ___FILE_ONLY___ specified,
2026-05-07 14:15:31,203 INFO     ___FILE_ONLY___  
2026-05-07 14:15:31,204 INFO     ___FILE_ONLY___ no
2026-05-07 14:15:31,204 INFO     ___FILE_ONLY___  
2026-05-07 14:15:31,205 INFO     ___FILE_ONLY___ arguments
2026-05-07 14:15:31,205 INFO     ___FILE_ONLY___ 

2026-05-07 14:15:31,206 INFO     ___FILE_ONLY___         
2026-05-07 14:15:31,206 INFO     ___FILE_ONLY___ are
2026-05-07 14:15:31,206 INFO     ___FILE_ONLY___  
2026-05-07 14:15:31,207 INFO     ___FILE_ONLY___ passed.
2026-05-07 14:15:31,207 INFO     ___FILE_ONLY___  
2026-05-07 14:15:31,208 INFO     ___FILE_ONLY___ To
2026-05-07 14:15:31,208 INFO     ___FILE_ONLY___  
2026-05-07 14:15:31,209 INFO     ___FILE_ONLY___ reset
2026-05-07 14:15:31,209 INFO     ___FILE_ONLY___  
2026-05-07 14:15:31,210 INFO     ___FILE_ONLY___ this
2026-05-07 14:15:31,210 INFO     ___FILE_ONLY___  
2026-05-07 14:15:31,211 INFO     ___FILE_ONLY___ field
2026-05-07 14:15:31,211 INFO     ___FILE_ONLY___  
2026-05-07 14:15:31,212 INFO     ___FILE_ONLY___ to
2026-05-07 14:15:31,213 INFO     ___FILE_ONLY___  
2026-05-07 14:15:31,214 INFO     ___FILE_ONLY___ its
2026-05-07 14:15:31,214 INFO     ___FILE_ONLY___  
2026-05-07 14:15:31,215 INFO     ___FILE_ONLY___ default,
2026-05-07 14:15:31,215 INFO     ___FILE_ONLY___  
2026-05-07 14:15:31,216 INFO     ___FILE_ONLY___ pass
2026-05-07 14:15:31,216 INFO     ___FILE_ONLY___  
2026-05-07 14:15:31,217 INFO     ___FILE_ONLY___ an
2026-05-07 14:15:31,218 INFO     ___FILE_ONLY___  
2026-05-07 14:15:31,218 INFO     ___FILE_ONLY___ empty
2026-05-07 14:15:31,219 INFO     ___FILE_ONLY___  
2026-05-07 14:15:31,219 INFO     ___FILE_ONLY___ string.
2026-05-07 14:15:31,220 INFO     ___FILE_ONLY___ 

2026-05-07 14:15:31,220 INFO     ___FILE_ONLY___ 

2026-05-07 14:15:31,221 INFO     ___FILE_ONLY___      --[no-]automatic-updates

2026-05-07 14:15:31,221 INFO     ___FILE_ONLY___        
2026-05-07 14:15:31,222 INFO     ___FILE_ONLY___  
2026-05-07 14:15:31,222 INFO     ___FILE_ONLY___ Indicates
2026-05-07 14:15:31,223 INFO     ___FILE_ONLY___  
2026-05-07 14:15:31,223 INFO     ___FILE_ONLY___ whether
2026-05-07 14:15:31,224 INFO     ___FILE_ONLY___  
2026-05-07 14:15:31,224 INFO     ___FILE_ONLY___ automatic
2026-05-07 14:15:31,225 INFO     ___FILE_ONLY___  
2026-05-07 14:15:31,225 INFO     ___FILE_ONLY___ base
2026-05-07 14:15:31,226 INFO     ___FILE_ONLY___  
2026-05-07 14:15:31,226 INFO     ___FILE_ONLY___ image
2026-05-07 14:15:31,227 INFO     ___FILE_ONLY___  
2026-05-07 14:15:31,227 INFO     ___FILE_ONLY___ updates
2026-05-07 14:15:31,228 INFO     ___FILE_ONLY___  
2026-05-07 14:15:31,228 INFO     ___FILE_ONLY___ should
2026-05-07 14:15:31,228 INFO     ___FILE_ONLY___  
2026-05-07 14:15:31,229 INFO     ___FILE_ONLY___ be
2026-05-07 14:15:31,229 INFO     ___FILE_ONLY___  
2026-05-07 14:15:31,230 INFO     ___FILE_ONLY___ enabled
2026-05-07 14:15:31,231 INFO     ___FILE_ONLY___  
2026-05-07 14:15:31,232 INFO     ___FILE_ONLY___ for
2026-05-07 14:15:31,232 INFO     ___FILE_ONLY___  
2026-05-07 14:15:31,233 INFO     ___FILE_ONLY___ an
2026-05-07 14:15:31,233 INFO     ___FILE_ONLY___ 

2026-05-07 14:15:31,234 INFO     ___FILE_ONLY___         
2026-05-07 14:15:31,234 INFO     ___FILE_ONLY___ image
2026-05-07 14:15:31,235 INFO     ___FILE_ONLY___  
2026-05-07 14:15:31,235 INFO     ___FILE_ONLY___ built
2026-05-07 14:15:31,236 INFO     ___FILE_ONLY___  
2026-05-07 14:15:31,236 INFO     ___FILE_ONLY___ from
2026-05-07 14:15:31,236 INFO     ___FILE_ONLY___  
2026-05-07 14:15:31,237 INFO     ___FILE_ONLY___ source.
2026-05-07 14:15:31,237 INFO     ___FILE_ONLY___  
2026-05-07 14:15:31,238 INFO     ___FILE_ONLY___ Use
2026-05-07 14:15:31,238 INFO     ___FILE_ONLY___  
2026-05-07 14:15:31,239 INFO     ___FILE_ONLY___ --automatic-updates
2026-05-07 14:15:31,239 INFO     ___FILE_ONLY___  
2026-05-07 14:15:31,240 INFO     ___FILE_ONLY___ to
2026-05-07 14:15:31,240 INFO     ___FILE_ONLY___  
2026-05-07 14:15:31,240 INFO     ___FILE_ONLY___ enable
2026-05-07 14:15:31,241 INFO     ___FILE_ONLY___  
2026-05-07 14:15:31,241 INFO     ___FILE_ONLY___ and
2026-05-07 14:15:31,242 INFO     ___FILE_ONLY___ 

2026-05-07 14:15:31,242 INFO     ___FILE_ONLY___         
2026-05-07 14:15:31,243 INFO     ___FILE_ONLY___ --no-automatic-updates
2026-05-07 14:15:31,243 INFO     ___FILE_ONLY___  
2026-05-07 14:15:31,243 INFO     ___FILE_ONLY___ to
2026-05-07 14:15:31,244 INFO     ___FILE_ONLY___  
2026-05-07 14:15:31,244 INFO     ___FILE_ONLY___ disable.
2026-05-07 14:15:31,245 INFO     ___FILE_ONLY___ 

2026-05-07 14:15:31,245 INFO     ___FILE_ONLY___ 

2026-05-07 14:15:31,246 INFO     ___FILE_ONLY___      --clear-volume-mounts

2026-05-07 14:15:31,247 INFO     ___FILE_ONLY___        
2026-05-07 14:15:31,247 INFO     ___FILE_ONLY___  
2026-05-07 14:15:31,248 INFO     ___FILE_ONLY___ Remove
2026-05-07 14:15:31,249 INFO     ___FILE_ONLY___  
2026-05-07 14:15:31,249 INFO     ___FILE_ONLY___ all
2026-05-07 14:15:31,250 INFO     ___FILE_ONLY___  
2026-05-07 14:15:31,250 INFO     ___FILE_ONLY___ existing
2026-05-07 14:15:31,251 INFO     ___FILE_ONLY___  
2026-05-07 14:15:31,251 INFO     ___FILE_ONLY___ mounts
2026-05-07 14:15:31,251 INFO     ___FILE_ONLY___  
2026-05-07 14:15:31,252 INFO     ___FILE_ONLY___ from
2026-05-07 14:15:31,252 INFO     ___FILE_ONLY___  
2026-05-07 14:15:31,253 INFO     ___FILE_ONLY___ the
2026-05-07 14:15:31,253 INFO     ___FILE_ONLY___  
2026-05-07 14:15:31,254 INFO     ___FILE_ONLY___ current
2026-05-07 14:15:31,254 INFO     ___FILE_ONLY___  
2026-05-07 14:15:31,255 INFO     ___FILE_ONLY___ container.
2026-05-07 14:15:31,255 INFO     ___FILE_ONLY___ 

2026-05-07 14:15:31,256 INFO     ___FILE_ONLY___ 

2026-05-07 14:15:31,256 INFO     ___FILE_ONLY___      --cpu=CPU

2026-05-07 14:15:31,257 INFO     ___FILE_ONLY___        
2026-05-07 14:15:31,257 INFO     ___FILE_ONLY___  
2026-05-07 14:15:31,258 INFO     ___FILE_ONLY___ Set
2026-05-07 14:15:31,258 INFO     ___FILE_ONLY___  
2026-05-07 14:15:31,259 INFO     ___FILE_ONLY___ a
2026-05-07 14:15:31,260 INFO     ___FILE_ONLY___  
2026-05-07 14:15:31,261 INFO     ___FILE_ONLY___ CPU
2026-05-07 14:15:31,261 INFO     ___FILE_ONLY___  
2026-05-07 14:15:31,262 INFO     ___FILE_ONLY___ limit
2026-05-07 14:15:31,262 INFO     ___FILE_ONLY___  
2026-05-07 14:15:31,263 INFO     ___FILE_ONLY___ in
2026-05-07 14:15:31,264 INFO     ___FILE_ONLY___  
2026-05-07 14:15:31,264 INFO     ___FILE_ONLY___ Kubernetes
2026-05-07 14:15:31,265 INFO     ___FILE_ONLY___  
2026-05-07 14:15:31,265 INFO     ___FILE_ONLY___ cpu
2026-05-07 14:15:31,266 INFO     ___FILE_ONLY___  
2026-05-07 14:15:31,266 INFO     ___FILE_ONLY___ units.
2026-05-07 14:15:31,267 INFO     ___FILE_ONLY___ 

2026-05-07 14:15:31,267 INFO     ___FILE_ONLY___ 

2026-05-07 14:15:31,268 INFO     ___FILE_ONLY___        
2026-05-07 14:15:31,268 INFO     ___FILE_ONLY___  
2026-05-07 14:15:31,269 INFO     ___FILE_ONLY___ Cloud
2026-05-07 14:15:31,269 INFO     ___FILE_ONLY___  
2026-05-07 14:15:31,270 INFO     ___FILE_ONLY___ Run
2026-05-07 14:15:31,270 INFO     ___FILE_ONLY___  
2026-05-07 14:15:31,271 INFO     ___FILE_ONLY___ supports
2026-05-07 14:15:31,271 INFO     ___FILE_ONLY___  
2026-05-07 14:15:31,272 INFO     ___FILE_ONLY___ values
2026-05-07 14:15:31,272 INFO     ___FILE_ONLY___  
2026-05-07 14:15:31,273 INFO     ___FILE_ONLY___ fractional
2026-05-07 14:15:31,273 INFO     ___FILE_ONLY___  
2026-05-07 14:15:31,274 INFO     ___FILE_ONLY___ values
2026-05-07 14:15:31,274 INFO     ___FILE_ONLY___  
2026-05-07 14:15:31,275 INFO     ___FILE_ONLY___ below
2026-05-07 14:15:31,275 INFO     ___FILE_ONLY___  
2026-05-07 14:15:31,276 INFO     ___FILE_ONLY___ 1,
2026-05-07 14:15:31,276 INFO     ___FILE_ONLY___  
2026-05-07 14:15:31,277 INFO     ___FILE_ONLY___ 1,
2026-05-07 14:15:31,277 INFO     ___FILE_ONLY___  
2026-05-07 14:15:31,278 INFO     ___FILE_ONLY___ 2,
2026-05-07 14:15:31,278 INFO     ___FILE_ONLY___  
2026-05-07 14:15:31,279 INFO     ___FILE_ONLY___ 4,
2026-05-07 14:15:31,279 INFO     ___FILE_ONLY___  
2026-05-07 14:15:31,280 INFO     ___FILE_ONLY___ and
2026-05-07 14:15:31,281 INFO     ___FILE_ONLY___  
2026-05-07 14:15:31,282 INFO     ___FILE_ONLY___ 8.
2026-05-07 14:15:31,283 INFO     ___FILE_ONLY___ 

2026-05-07 14:15:31,283 INFO     ___FILE_ONLY___         
2026-05-07 14:15:31,284 INFO     ___FILE_ONLY___ Some
2026-05-07 14:15:31,284 INFO     ___FILE_ONLY___  
2026-05-07 14:15:31,285 INFO     ___FILE_ONLY___ CPU
2026-05-07 14:15:31,286 INFO     ___FILE_ONLY___  
2026-05-07 14:15:31,286 INFO     ___FILE_ONLY___ values
2026-05-07 14:15:31,287 INFO     ___FILE_ONLY___  
2026-05-07 14:15:31,287 INFO     ___FILE_ONLY___ requires
2026-05-07 14:15:31,288 INFO     ___FILE_ONLY___  
2026-05-07 14:15:31,288 INFO     ___FILE_ONLY___ a
2026-05-07 14:15:31,290 INFO     ___FILE_ONLY___  
2026-05-07 14:15:31,291 INFO     ___FILE_ONLY___ minimum
2026-05-07 14:15:31,291 INFO     ___FILE_ONLY___  
2026-05-07 14:15:31,295 INFO     ___FILE_ONLY___ Memory
2026-05-07 14:15:31,296 INFO     ___FILE_ONLY___  
2026-05-07 14:15:31,298 INFO     ___FILE_ONLY___ --memory
2026-05-07 14:15:31,299 INFO     ___FILE_ONLY___  
2026-05-07 14:15:31,300 INFO     ___FILE_ONLY___ value.
2026-05-07 14:15:31,301 INFO     ___FILE_ONLY___ 

2026-05-07 14:15:31,302 INFO     ___FILE_ONLY___ 

2026-05-07 14:15:31,303 INFO     ___FILE_ONLY___      --depends-on=[CONTAINER,...]

2026-05-07 14:15:31,304 INFO     ___FILE_ONLY___        
2026-05-07 14:15:31,304 INFO     ___FILE_ONLY___  
2026-05-07 14:15:31,305 INFO     ___FILE_ONLY___ List
2026-05-07 14:15:31,305 INFO     ___FILE_ONLY___  
2026-05-07 14:15:31,306 INFO     ___FILE_ONLY___ of
2026-05-07 14:15:31,306 INFO     ___FILE_ONLY___  
2026-05-07 14:15:31,307 INFO     ___FILE_ONLY___ container
2026-05-07 14:15:31,307 INFO     ___FILE_ONLY___  
2026-05-07 14:15:31,308 INFO     ___FILE_ONLY___ dependencies
2026-05-07 14:15:31,308 INFO     ___FILE_ONLY___  
2026-05-07 14:15:31,309 INFO     ___FILE_ONLY___ to
2026-05-07 14:15:31,309 INFO     ___FILE_ONLY___  
2026-05-07 14:15:31,309 INFO     ___FILE_ONLY___ add
2026-05-07 14:15:31,310 INFO     ___FILE_ONLY___  
2026-05-07 14:15:31,310 INFO     ___FILE_ONLY___ to
2026-05-07 14:15:31,311 INFO     ___FILE_ONLY___  
2026-05-07 14:15:31,311 INFO     ___FILE_ONLY___ the
2026-05-07 14:15:31,312 INFO     ___FILE_ONLY___  
2026-05-07 14:15:31,312 INFO     ___FILE_ONLY___ current
2026-05-07 14:15:31,313 INFO     ___FILE_ONLY___  
2026-05-07 14:15:31,314 INFO     ___FILE_ONLY___ container.
2026-05-07 14:15:31,314 INFO     ___FILE_ONLY___ 

2026-05-07 14:15:31,315 INFO     ___FILE_ONLY___ 

2026-05-07 14:15:31,315 INFO     ___FILE_ONLY___      --gpu=GPU

2026-05-07 14:15:31,316 INFO     ___FILE_ONLY___        
2026-05-07 14:15:31,317 INFO     ___FILE_ONLY___  
2026-05-07 14:15:31,317 INFO     ___FILE_ONLY___ Cloud
2026-05-07 14:15:31,318 INFO     ___FILE_ONLY___  
2026-05-07 14:15:31,318 INFO     ___FILE_ONLY___ Run
2026-05-07 14:15:31,319 INFO     ___FILE_ONLY___  
2026-05-07 14:15:31,319 INFO     ___FILE_ONLY___ supports
2026-05-07 14:15:31,320 INFO     ___FILE_ONLY___  
2026-05-07 14:15:31,320 INFO     ___FILE_ONLY___ values
2026-05-07 14:15:31,320 INFO     ___FILE_ONLY___  
2026-05-07 14:15:31,321 INFO     ___FILE_ONLY___ 0
2026-05-07 14:15:31,321 INFO     ___FILE_ONLY___  
2026-05-07 14:15:31,322 INFO     ___FILE_ONLY___ or
2026-05-07 14:15:31,322 INFO     ___FILE_ONLY___  
2026-05-07 14:15:31,323 INFO     ___FILE_ONLY___ 1.
2026-05-07 14:15:31,323 INFO     ___FILE_ONLY___  
2026-05-07 14:15:31,324 INFO     ___FILE_ONLY___ 1
2026-05-07 14:15:31,324 INFO     ___FILE_ONLY___  
2026-05-07 14:15:31,325 INFO     ___FILE_ONLY___ gpu
2026-05-07 14:15:31,325 INFO     ___FILE_ONLY___  
2026-05-07 14:15:31,326 INFO     ___FILE_ONLY___ also
2026-05-07 14:15:31,326 INFO     ___FILE_ONLY___  
2026-05-07 14:15:31,327 INFO     ___FILE_ONLY___ requires
2026-05-07 14:15:31,327 INFO     ___FILE_ONLY___  
2026-05-07 14:15:31,328 INFO     ___FILE_ONLY___ a
2026-05-07 14:15:31,328 INFO     ___FILE_ONLY___  
2026-05-07 14:15:31,329 INFO     ___FILE_ONLY___ minimum
2026-05-07 14:15:31,329 INFO     ___FILE_ONLY___  
2026-05-07 14:15:31,331 INFO     ___FILE_ONLY___ 4
2026-05-07 14:15:31,331 INFO     ___FILE_ONLY___  
2026-05-07 14:15:31,332 INFO     ___FILE_ONLY___ --cpu
2026-05-07 14:15:31,332 INFO     ___FILE_ONLY___ 

2026-05-07 14:15:31,333 INFO     ___FILE_ONLY___         
2026-05-07 14:15:31,333 INFO     ___FILE_ONLY___ value
2026-05-07 14:15:31,334 INFO     ___FILE_ONLY___  
2026-05-07 14:15:31,335 INFO     ___FILE_ONLY___ and
2026-05-07 14:15:31,335 INFO     ___FILE_ONLY___  
2026-05-07 14:15:31,336 INFO     ___FILE_ONLY___ a
2026-05-07 14:15:31,336 INFO     ___FILE_ONLY___  
2026-05-07 14:15:31,337 INFO     ___FILE_ONLY___ minimum
2026-05-07 14:15:31,337 INFO     ___FILE_ONLY___  
2026-05-07 14:15:31,338 INFO     ___FILE_ONLY___ 16Gi
2026-05-07 14:15:31,338 INFO     ___FILE_ONLY___  
2026-05-07 14:15:31,339 INFO     ___FILE_ONLY___ --memory
2026-05-07 14:15:31,339 INFO     ___FILE_ONLY___  
2026-05-07 14:15:31,340 INFO     ___FILE_ONLY___ value.
2026-05-07 14:15:31,340 INFO     ___FILE_ONLY___ 

2026-05-07 14:15:31,341 INFO     ___FILE_ONLY___ 

2026-05-07 14:15:31,341 INFO     ___FILE_ONLY___      --liveness-probe=[KEY=VALUE,...]

2026-05-07 14:15:31,342 INFO     ___FILE_ONLY___        
2026-05-07 14:15:31,342 INFO     ___FILE_ONLY___  
2026-05-07 14:15:31,343 INFO     ___FILE_ONLY___ Comma
2026-05-07 14:15:31,343 INFO     ___FILE_ONLY___  
2026-05-07 14:15:31,344 INFO     ___FILE_ONLY___ separated
2026-05-07 14:15:31,344 INFO     ___FILE_ONLY___  
2026-05-07 14:15:31,345 INFO     ___FILE_ONLY___ settings
2026-05-07 14:15:31,345 INFO     ___FILE_ONLY___  
2026-05-07 14:15:31,346 INFO     ___FILE_ONLY___ for
2026-05-07 14:15:31,347 INFO     ___FILE_ONLY___  
2026-05-07 14:15:31,348 INFO     ___FILE_ONLY___ liveness
2026-05-07 14:15:31,348 INFO     ___FILE_ONLY___  
2026-05-07 14:15:31,349 INFO     ___FILE_ONLY___ probe
2026-05-07 14:15:31,349 INFO     ___FILE_ONLY___  
2026-05-07 14:15:31,350 INFO     ___FILE_ONLY___ in
2026-05-07 14:15:31,350 INFO     ___FILE_ONLY___  
2026-05-07 14:15:31,351 INFO     ___FILE_ONLY___ the
2026-05-07 14:15:31,351 INFO     ___FILE_ONLY___  
2026-05-07 14:15:31,352 INFO     ___FILE_ONLY___ form
2026-05-07 14:15:31,352 INFO     ___FILE_ONLY___  
2026-05-07 14:15:31,353 INFO     ___FILE_ONLY___ KEY=VALUE.
2026-05-07 14:15:31,353 INFO     ___FILE_ONLY___  
2026-05-07 14:15:31,354 INFO     ___FILE_ONLY___ Each
2026-05-07 14:15:31,354 INFO     ___FILE_ONLY___ 

2026-05-07 14:15:31,355 INFO     ___FILE_ONLY___         
2026-05-07 14:15:31,355 INFO     ___FILE_ONLY___ key
2026-05-07 14:15:31,356 INFO     ___FILE_ONLY___  
2026-05-07 14:15:31,356 INFO     ___FILE_ONLY___ stands
2026-05-07 14:15:31,357 INFO     ___FILE_ONLY___  
2026-05-07 14:15:31,357 INFO     ___FILE_ONLY___ for
2026-05-07 14:15:31,358 INFO     ___FILE_ONLY___  
2026-05-07 14:15:31,358 INFO     ___FILE_ONLY___ a
2026-05-07 14:15:31,359 INFO     ___FILE_ONLY___  
2026-05-07 14:15:31,359 INFO     ___FILE_ONLY___ field
2026-05-07 14:15:31,360 INFO     ___FILE_ONLY___  
2026-05-07 14:15:31,360 INFO     ___FILE_ONLY___ of
2026-05-07 14:15:31,361 INFO     ___FILE_ONLY___  
2026-05-07 14:15:31,361 INFO     ___FILE_ONLY___ the
2026-05-07 14:15:31,362 INFO     ___FILE_ONLY___  
2026-05-07 14:15:31,362 INFO     ___FILE_ONLY___ probe
2026-05-07 14:15:31,363 INFO     ___FILE_ONLY___  
2026-05-07 14:15:31,363 INFO     ___FILE_ONLY___ described
2026-05-07 14:15:31,364 INFO     ___FILE_ONLY___  
2026-05-07 14:15:31,365 INFO     ___FILE_ONLY___ in
2026-05-07 14:15:31,365 INFO     ___FILE_ONLY___ 

2026-05-07 14:15:31,366 INFO     ___FILE_ONLY___         
2026-05-07 14:15:31,366 INFO     ___FILE_ONLY___ https://cloud.google.com/run/docs/reference/rest/v1/Container#Probe.
2026-05-07 14:15:31,367 INFO     ___FILE_ONLY___ 

2026-05-07 14:15:31,367 INFO     ___FILE_ONLY___         
2026-05-07 14:15:31,368 INFO     ___FILE_ONLY___ Currently
2026-05-07 14:15:31,368 INFO     ___FILE_ONLY___  
2026-05-07 14:15:31,369 INFO     ___FILE_ONLY___ supported
2026-05-07 14:15:31,369 INFO     ___FILE_ONLY___  
2026-05-07 14:15:31,369 INFO     ___FILE_ONLY___ keys
2026-05-07 14:15:31,370 INFO     ___FILE_ONLY___  
2026-05-07 14:15:31,370 INFO     ___FILE_ONLY___ are:
2026-05-07 14:15:31,371 INFO     ___FILE_ONLY___  
2026-05-07 14:15:31,371 INFO     ___FILE_ONLY___ initialDelaySeconds,
2026-05-07 14:15:31,372 INFO     ___FILE_ONLY___  
2026-05-07 14:15:31,372 INFO     ___FILE_ONLY___ timeoutSeconds,
2026-05-07 14:15:31,373 INFO     ___FILE_ONLY___ 

2026-05-07 14:15:31,373 INFO     ___FILE_ONLY___         
2026-05-07 14:15:31,374 INFO     ___FILE_ONLY___ periodSeconds,
2026-05-07 14:15:31,374 INFO     ___FILE_ONLY___  
2026-05-07 14:15:31,375 INFO     ___FILE_ONLY___ failureThreshold,
2026-05-07 14:15:31,375 INFO     ___FILE_ONLY___  
2026-05-07 14:15:31,376 INFO     ___FILE_ONLY___ httpGet.port,
2026-05-07 14:15:31,376 INFO     ___FILE_ONLY___  
2026-05-07 14:15:31,377 INFO     ___FILE_ONLY___ httpGet.path,
2026-05-07 14:15:31,377 INFO     ___FILE_ONLY___  
2026-05-07 14:15:31,378 INFO     ___FILE_ONLY___ grpc.port,
2026-05-07 14:15:31,378 INFO     ___FILE_ONLY___ 

2026-05-07 14:15:31,379 INFO     ___FILE_ONLY___         
2026-05-07 14:15:31,379 INFO     ___FILE_ONLY___ grpc.service.
2026-05-07 14:15:31,380 INFO     ___FILE_ONLY___ 

2026-05-07 14:15:31,381 INFO     ___FILE_ONLY___ 

2026-05-07 14:15:31,381 INFO     ___FILE_ONLY___        
2026-05-07 14:15:31,382 INFO     ___FILE_ONLY___  
2026-05-07 14:15:31,382 INFO     ___FILE_ONLY___ For
2026-05-07 14:15:31,383 INFO     ___FILE_ONLY___  
2026-05-07 14:15:31,383 INFO     ___FILE_ONLY___ example,
2026-05-07 14:15:31,384 INFO     ___FILE_ONLY___  
2026-05-07 14:15:31,384 INFO     ___FILE_ONLY___ to
2026-05-07 14:15:31,385 INFO     ___FILE_ONLY___  
2026-05-07 14:15:31,385 INFO     ___FILE_ONLY___ set
2026-05-07 14:15:31,385 INFO     ___FILE_ONLY___  
2026-05-07 14:15:31,386 INFO     ___FILE_ONLY___ a
2026-05-07 14:15:31,386 INFO     ___FILE_ONLY___  
2026-05-07 14:15:31,387 INFO     ___FILE_ONLY___ probe
2026-05-07 14:15:31,387 INFO     ___FILE_ONLY___  
2026-05-07 14:15:31,388 INFO     ___FILE_ONLY___ with
2026-05-07 14:15:31,388 INFO     ___FILE_ONLY___  
2026-05-07 14:15:31,389 INFO     ___FILE_ONLY___ 10s
2026-05-07 14:15:31,389 INFO     ___FILE_ONLY___  
2026-05-07 14:15:31,390 INFO     ___FILE_ONLY___ timeout
2026-05-07 14:15:31,390 INFO     ___FILE_ONLY___  
2026-05-07 14:15:31,391 INFO     ___FILE_ONLY___ and
2026-05-07 14:15:31,391 INFO     ___FILE_ONLY___  
2026-05-07 14:15:31,392 INFO     ___FILE_ONLY___ HTTP
2026-05-07 14:15:31,392 INFO     ___FILE_ONLY___  
2026-05-07 14:15:31,392 INFO     ___FILE_ONLY___ probe
2026-05-07 14:15:31,393 INFO     ___FILE_ONLY___  
2026-05-07 14:15:31,393 INFO     ___FILE_ONLY___ requests
2026-05-07 14:15:31,394 INFO     ___FILE_ONLY___ 

2026-05-07 14:15:31,394 INFO     ___FILE_ONLY___         
2026-05-07 14:15:31,395 INFO     ___FILE_ONLY___ sent
2026-05-07 14:15:31,395 INFO     ___FILE_ONLY___  
2026-05-07 14:15:31,401 INFO     ___FILE_ONLY___ to
2026-05-07 14:15:31,403 INFO     ___FILE_ONLY___  
2026-05-07 14:15:31,404 INFO     ___FILE_ONLY___ 8080
2026-05-07 14:15:31,404 INFO     ___FILE_ONLY___  
2026-05-07 14:15:31,405 INFO     ___FILE_ONLY___ port
2026-05-07 14:15:31,405 INFO     ___FILE_ONLY___  
2026-05-07 14:15:31,406 INFO     ___FILE_ONLY___ of
2026-05-07 14:15:31,406 INFO     ___FILE_ONLY___  
2026-05-07 14:15:31,407 INFO     ___FILE_ONLY___ the
2026-05-07 14:15:31,408 INFO     ___FILE_ONLY___  
2026-05-07 14:15:31,408 INFO     ___FILE_ONLY___ container:
2026-05-07 14:15:31,409 INFO     ___FILE_ONLY___ 

2026-05-07 14:15:31,409 INFO     ___FILE_ONLY___ 

2026-05-07 14:15:31,410 INFO     ___FILE_ONLY___             $ --liveness-probe=timeoutSeconds=10,httpGet.port=8080

2026-05-07 14:15:31,410 INFO     ___FILE_ONLY___ 

2026-05-07 14:15:31,411 INFO     ___FILE_ONLY___        
2026-05-07 14:15:31,412 INFO     ___FILE_ONLY___  
2026-05-07 14:15:31,412 INFO     ___FILE_ONLY___ To
2026-05-07 14:15:31,413 INFO     ___FILE_ONLY___  
2026-05-07 14:15:31,415 INFO     ___FILE_ONLY___ remove
2026-05-07 14:15:31,416 INFO     ___FILE_ONLY___  
2026-05-07 14:15:31,417 INFO     ___FILE_ONLY___ existing
2026-05-07 14:15:31,417 INFO     ___FILE_ONLY___  
2026-05-07 14:15:31,418 INFO     ___FILE_ONLY___ probe:
2026-05-07 14:15:31,418 INFO     ___FILE_ONLY___ 

2026-05-07 14:15:31,419 INFO     ___FILE_ONLY___ 

2026-05-07 14:15:31,419 INFO     ___FILE_ONLY___             $ --liveness-probe=""

2026-05-07 14:15:31,420 INFO     ___FILE_ONLY___ 

2026-05-07 14:15:31,420 INFO     ___FILE_ONLY___      --memory=MEMORY

2026-05-07 14:15:31,421 INFO     ___FILE_ONLY___        
2026-05-07 14:15:31,421 INFO     ___FILE_ONLY___  
2026-05-07 14:15:31,422 INFO     ___FILE_ONLY___ Set
2026-05-07 14:15:31,422 INFO     ___FILE_ONLY___  
2026-05-07 14:15:31,423 INFO     ___FILE_ONLY___ a
2026-05-07 14:15:31,423 INFO     ___FILE_ONLY___  
2026-05-07 14:15:31,424 INFO     ___FILE_ONLY___ memory
2026-05-07 14:15:31,424 INFO     ___FILE_ONLY___  
2026-05-07 14:15:31,425 INFO     ___FILE_ONLY___ limit.
2026-05-07 14:15:31,425 INFO     ___FILE_ONLY___  
2026-05-07 14:15:31,426 INFO     ___FILE_ONLY___ Ex:
2026-05-07 14:15:31,426 INFO     ___FILE_ONLY___  
2026-05-07 14:15:31,427 INFO     ___FILE_ONLY___ 1024Mi,
2026-05-07 14:15:31,427 INFO     ___FILE_ONLY___  
2026-05-07 14:15:31,428 INFO     ___FILE_ONLY___ 4Gi.
2026-05-07 14:15:31,428 INFO     ___FILE_ONLY___ 

2026-05-07 14:15:31,429 INFO     ___FILE_ONLY___ 

2026-05-07 14:15:31,429 INFO     ___FILE_ONLY___      --port=PORT

2026-05-07 14:15:31,430 INFO     ___FILE_ONLY___        
2026-05-07 14:15:31,431 INFO     ___FILE_ONLY___  
2026-05-07 14:15:31,432 INFO     ___FILE_ONLY___ Container
2026-05-07 14:15:31,432 INFO     ___FILE_ONLY___  
2026-05-07 14:15:31,433 INFO     ___FILE_ONLY___ port
2026-05-07 14:15:31,433 INFO     ___FILE_ONLY___  
2026-05-07 14:15:31,434 INFO     ___FILE_ONLY___ to
2026-05-07 14:15:31,434 INFO     ___FILE_ONLY___  
2026-05-07 14:15:31,435 INFO     ___FILE_ONLY___ receive
2026-05-07 14:15:31,435 INFO     ___FILE_ONLY___  
2026-05-07 14:15:31,436 INFO     ___FILE_ONLY___ requests
2026-05-07 14:15:31,436 INFO     ___FILE_ONLY___  
2026-05-07 14:15:31,437 INFO     ___FILE_ONLY___ at.
2026-05-07 14:15:31,437 INFO     ___FILE_ONLY___  
2026-05-07 14:15:31,438 INFO     ___FILE_ONLY___ Also
2026-05-07 14:15:31,438 INFO     ___FILE_ONLY___  
2026-05-07 14:15:31,439 INFO     ___FILE_ONLY___ sets
2026-05-07 14:15:31,439 INFO     ___FILE_ONLY___  
2026-05-07 14:15:31,440 INFO     ___FILE_ONLY___ the
2026-05-07 14:15:31,440 INFO     ___FILE_ONLY___  
2026-05-07 14:15:31,441 INFO     ___FILE_ONLY___ $PORT
2026-05-07 14:15:31,441 INFO     ___FILE_ONLY___  
2026-05-07 14:15:31,442 INFO     ___FILE_ONLY___ environment
2026-05-07 14:15:31,442 INFO     ___FILE_ONLY___ 

2026-05-07 14:15:31,443 INFO     ___FILE_ONLY___         
2026-05-07 14:15:31,443 INFO     ___FILE_ONLY___ variable.
2026-05-07 14:15:31,444 INFO     ___FILE_ONLY___  
2026-05-07 14:15:31,444 INFO     ___FILE_ONLY___ Must
2026-05-07 14:15:31,444 INFO     ___FILE_ONLY___  
2026-05-07 14:15:31,445 INFO     ___FILE_ONLY___ be
2026-05-07 14:15:31,445 INFO     ___FILE_ONLY___  
2026-05-07 14:15:31,446 INFO     ___FILE_ONLY___ a
2026-05-07 14:15:31,446 INFO     ___FILE_ONLY___  
2026-05-07 14:15:31,448 INFO     ___FILE_ONLY___ number
2026-05-07 14:15:31,448 INFO     ___FILE_ONLY___  
2026-05-07 14:15:31,449 INFO     ___FILE_ONLY___ between
2026-05-07 14:15:31,449 INFO     ___FILE_ONLY___  
2026-05-07 14:15:31,450 INFO     ___FILE_ONLY___ 1
2026-05-07 14:15:31,450 INFO     ___FILE_ONLY___  
2026-05-07 14:15:31,451 INFO     ___FILE_ONLY___ and
2026-05-07 14:15:31,451 INFO     ___FILE_ONLY___  
2026-05-07 14:15:31,452 INFO     ___FILE_ONLY___ 65535,
2026-05-07 14:15:31,452 INFO     ___FILE_ONLY___  
2026-05-07 14:15:31,453 INFO     ___FILE_ONLY___ inclusive.
2026-05-07 14:15:31,453 INFO     ___FILE_ONLY___  
2026-05-07 14:15:31,454 INFO     ___FILE_ONLY___ To
2026-05-07 14:15:31,454 INFO     ___FILE_ONLY___  
2026-05-07 14:15:31,455 INFO     ___FILE_ONLY___ unset
2026-05-07 14:15:31,455 INFO     ___FILE_ONLY___ 

2026-05-07 14:15:31,456 INFO     ___FILE_ONLY___         
2026-05-07 14:15:31,456 INFO     ___FILE_ONLY___ this
2026-05-07 14:15:31,457 INFO     ___FILE_ONLY___  
2026-05-07 14:15:31,457 INFO     ___FILE_ONLY___ field,
2026-05-07 14:15:31,458 INFO     ___FILE_ONLY___  
2026-05-07 14:15:31,458 INFO     ___FILE_ONLY___ pass
2026-05-07 14:15:31,458 INFO     ___FILE_ONLY___  
2026-05-07 14:15:31,459 INFO     ___FILE_ONLY___ the
2026-05-07 14:15:31,459 INFO     ___FILE_ONLY___  
2026-05-07 14:15:31,460 INFO     ___FILE_ONLY___ special
2026-05-07 14:15:31,460 INFO     ___FILE_ONLY___  
2026-05-07 14:15:31,461 INFO     ___FILE_ONLY___ value
2026-05-07 14:15:31,461 INFO     ___FILE_ONLY___  
2026-05-07 14:15:31,462 INFO     ___FILE_ONLY___ "default".
2026-05-07 14:15:31,462 INFO     ___FILE_ONLY___  
2026-05-07 14:15:31,463 INFO     ___FILE_ONLY___ If
2026-05-07 14:15:31,463 INFO     ___FILE_ONLY___  
2026-05-07 14:15:31,464 INFO     ___FILE_ONLY___ updating
2026-05-07 14:15:31,464 INFO     ___FILE_ONLY___  
2026-05-07 14:15:31,465 INFO     ___FILE_ONLY___ an
2026-05-07 14:15:31,465 INFO     ___FILE_ONLY___  
2026-05-07 14:15:31,466 INFO     ___FILE_ONLY___ existing
2026-05-07 14:15:31,466 INFO     ___FILE_ONLY___ 

2026-05-07 14:15:31,467 INFO     ___FILE_ONLY___         
2026-05-07 14:15:31,467 INFO     ___FILE_ONLY___ service
2026-05-07 14:15:31,468 INFO     ___FILE_ONLY___  
2026-05-07 14:15:31,468 INFO     ___FILE_ONLY___ with
2026-05-07 14:15:31,469 INFO     ___FILE_ONLY___  
2026-05-07 14:15:31,469 INFO     ___FILE_ONLY___ a
2026-05-07 14:15:31,470 INFO     ___FILE_ONLY___  
2026-05-07 14:15:31,470 INFO     ___FILE_ONLY___ TCP
2026-05-07 14:15:31,471 INFO     ___FILE_ONLY___  
2026-05-07 14:15:31,471 INFO     ___FILE_ONLY___ startup
2026-05-07 14:15:31,471 INFO     ___FILE_ONLY___  
2026-05-07 14:15:31,472 INFO     ___FILE_ONLY___ probe
2026-05-07 14:15:31,472 INFO     ___FILE_ONLY___  
2026-05-07 14:15:31,473 INFO     ___FILE_ONLY___ pointing
2026-05-07 14:15:31,473 INFO     ___FILE_ONLY___  
2026-05-07 14:15:31,474 INFO     ___FILE_ONLY___ to
2026-05-07 14:15:31,474 INFO     ___FILE_ONLY___  
2026-05-07 14:15:31,475 INFO     ___FILE_ONLY___ the
2026-05-07 14:15:31,475 INFO     ___FILE_ONLY___  
2026-05-07 14:15:31,476 INFO     ___FILE_ONLY___ previous
2026-05-07 14:15:31,476 INFO     ___FILE_ONLY___  
2026-05-07 14:15:31,476 INFO     ___FILE_ONLY___ container
2026-05-07 14:15:31,477 INFO     ___FILE_ONLY___ 

2026-05-07 14:15:31,477 INFO     ___FILE_ONLY___         
2026-05-07 14:15:31,478 INFO     ___FILE_ONLY___ port,
2026-05-07 14:15:31,478 INFO     ___FILE_ONLY___  
2026-05-07 14:15:31,479 INFO     ___FILE_ONLY___ this
2026-05-07 14:15:31,479 INFO     ___FILE_ONLY___  
2026-05-07 14:15:31,480 INFO     ___FILE_ONLY___ will
2026-05-07 14:15:31,480 INFO     ___FILE_ONLY___  
2026-05-07 14:15:31,481 INFO     ___FILE_ONLY___ also
2026-05-07 14:15:31,481 INFO     ___FILE_ONLY___  
2026-05-07 14:15:31,482 INFO     ___FILE_ONLY___ update
2026-05-07 14:15:31,482 INFO     ___FILE_ONLY___  
2026-05-07 14:15:31,483 INFO     ___FILE_ONLY___ the
2026-05-07 14:15:31,483 INFO     ___FILE_ONLY___  
2026-05-07 14:15:31,484 INFO     ___FILE_ONLY___ probe
2026-05-07 14:15:31,485 INFO     ___FILE_ONLY___  
2026-05-07 14:15:31,487 INFO     ___FILE_ONLY___ port.
2026-05-07 14:15:31,488 INFO     ___FILE_ONLY___ 

2026-05-07 14:15:31,488 INFO     ___FILE_ONLY___ 

2026-05-07 14:15:31,489 INFO     ___FILE_ONLY___      --remove-volume-mount=[MOUNT_PATH,...]

2026-05-07 14:15:31,489 INFO     ___FILE_ONLY___        
2026-05-07 14:15:31,490 INFO     ___FILE_ONLY___  
2026-05-07 14:15:31,490 INFO     ___FILE_ONLY___ Removes
2026-05-07 14:15:31,491 INFO     ___FILE_ONLY___  
2026-05-07 14:15:31,491 INFO     ___FILE_ONLY___ the
2026-05-07 14:15:31,492 INFO     ___FILE_ONLY___  
2026-05-07 14:15:31,492 INFO     ___FILE_ONLY___ volume
2026-05-07 14:15:31,492 INFO     ___FILE_ONLY___  
2026-05-07 14:15:31,493 INFO     ___FILE_ONLY___ mounted
2026-05-07 14:15:31,493 INFO     ___FILE_ONLY___  
2026-05-07 14:15:31,494 INFO     ___FILE_ONLY___ at
2026-05-07 14:15:31,494 INFO     ___FILE_ONLY___  
2026-05-07 14:15:31,495 INFO     ___FILE_ONLY___ the
2026-05-07 14:15:31,495 INFO     ___FILE_ONLY___  
2026-05-07 14:15:31,496 INFO     ___FILE_ONLY___ specified
2026-05-07 14:15:31,496 INFO     ___FILE_ONLY___  
2026-05-07 14:15:31,497 INFO     ___FILE_ONLY___ path
2026-05-07 14:15:31,497 INFO     ___FILE_ONLY___  
2026-05-07 14:15:31,498 INFO     ___FILE_ONLY___ from
2026-05-07 14:15:31,498 INFO     ___FILE_ONLY___  
2026-05-07 14:15:31,499 INFO     ___FILE_ONLY___ the
2026-05-07 14:15:31,499 INFO     ___FILE_ONLY___  
2026-05-07 14:15:31,500 INFO     ___FILE_ONLY___ current
2026-05-07 14:15:31,500 INFO     ___FILE_ONLY___ 

2026-05-07 14:15:31,501 INFO     ___FILE_ONLY___         
2026-05-07 14:15:31,501 INFO     ___FILE_ONLY___ container.
2026-05-07 14:15:31,502 INFO     ___FILE_ONLY___ 

2026-05-07 14:15:31,502 INFO     ___FILE_ONLY___ 

2026-05-07 14:15:31,503 INFO     ___FILE_ONLY___      --startup-probe=[KEY=VALUE,...]

2026-05-07 14:15:31,503 INFO     ___FILE_ONLY___        
2026-05-07 14:15:31,504 INFO     ___FILE_ONLY___  
2026-05-07 14:15:31,504 INFO     ___FILE_ONLY___ Comma
2026-05-07 14:15:31,504 INFO     ___FILE_ONLY___  
2026-05-07 14:15:31,505 INFO     ___FILE_ONLY___ separated
2026-05-07 14:15:31,505 INFO     ___FILE_ONLY___  
2026-05-07 14:15:31,506 INFO     ___FILE_ONLY___ settings
2026-05-07 14:15:31,506 INFO     ___FILE_ONLY___  
2026-05-07 14:15:31,507 INFO     ___FILE_ONLY___ for
2026-05-07 14:15:31,507 INFO     ___FILE_ONLY___  
2026-05-07 14:15:31,508 INFO     ___FILE_ONLY___ startup
2026-05-07 14:15:31,508 INFO     ___FILE_ONLY___  
2026-05-07 14:15:31,508 INFO     ___FILE_ONLY___ probe
2026-05-07 14:15:31,509 INFO     ___FILE_ONLY___  
2026-05-07 14:15:31,509 INFO     ___FILE_ONLY___ in
2026-05-07 14:15:31,510 INFO     ___FILE_ONLY___  
2026-05-07 14:15:31,510 INFO     ___FILE_ONLY___ the
2026-05-07 14:15:31,511 INFO     ___FILE_ONLY___  
2026-05-07 14:15:31,511 INFO     ___FILE_ONLY___ form
2026-05-07 14:15:31,512 INFO     ___FILE_ONLY___  
2026-05-07 14:15:31,512 INFO     ___FILE_ONLY___ KEY=VALUE.
2026-05-07 14:15:31,513 INFO     ___FILE_ONLY___  
2026-05-07 14:15:31,514 INFO     ___FILE_ONLY___ Each
2026-05-07 14:15:31,514 INFO     ___FILE_ONLY___ 

2026-05-07 14:15:31,514 INFO     ___FILE_ONLY___         
2026-05-07 14:15:31,515 INFO     ___FILE_ONLY___ key
2026-05-07 14:15:31,515 INFO     ___FILE_ONLY___  
2026-05-07 14:15:31,516 INFO     ___FILE_ONLY___ stands
2026-05-07 14:15:31,516 INFO     ___FILE_ONLY___  
2026-05-07 14:15:31,517 INFO     ___FILE_ONLY___ for
2026-05-07 14:15:31,517 INFO     ___FILE_ONLY___  
2026-05-07 14:15:31,518 INFO     ___FILE_ONLY___ a
2026-05-07 14:15:31,518 INFO     ___FILE_ONLY___  
2026-05-07 14:15:31,519 INFO     ___FILE_ONLY___ field
2026-05-07 14:15:31,519 INFO     ___FILE_ONLY___  
2026-05-07 14:15:31,519 INFO     ___FILE_ONLY___ of
2026-05-07 14:15:31,520 INFO     ___FILE_ONLY___  
2026-05-07 14:15:31,520 INFO     ___FILE_ONLY___ the
2026-05-07 14:15:31,521 INFO     ___FILE_ONLY___  
2026-05-07 14:15:31,521 INFO     ___FILE_ONLY___ probe
2026-05-07 14:15:31,522 INFO     ___FILE_ONLY___  
2026-05-07 14:15:31,522 INFO     ___FILE_ONLY___ described
2026-05-07 14:15:31,523 INFO     ___FILE_ONLY___  
2026-05-07 14:15:31,523 INFO     ___FILE_ONLY___ in
2026-05-07 14:15:31,523 INFO     ___FILE_ONLY___ 

2026-05-07 14:15:31,524 INFO     ___FILE_ONLY___         
2026-05-07 14:15:31,524 INFO     ___FILE_ONLY___ https://cloud.google.com/run/docs/reference/rest/v1/Container#Probe.
2026-05-07 14:15:31,525 INFO     ___FILE_ONLY___ 

2026-05-07 14:15:31,525 INFO     ___FILE_ONLY___         
2026-05-07 14:15:31,526 INFO     ___FILE_ONLY___ Currently
2026-05-07 14:15:31,526 INFO     ___FILE_ONLY___  
2026-05-07 14:15:31,527 INFO     ___FILE_ONLY___ supported
2026-05-07 14:15:31,527 INFO     ___FILE_ONLY___  
2026-05-07 14:15:31,527 INFO     ___FILE_ONLY___ keys
2026-05-07 14:15:31,528 INFO     ___FILE_ONLY___  
2026-05-07 14:15:31,528 INFO     ___FILE_ONLY___ are:
2026-05-07 14:15:31,529 INFO     ___FILE_ONLY___  
2026-05-07 14:15:31,529 INFO     ___FILE_ONLY___ initialDelaySeconds,
2026-05-07 14:15:31,530 INFO     ___FILE_ONLY___  
2026-05-07 14:15:31,530 INFO     ___FILE_ONLY___ timeoutSeconds,
2026-05-07 14:15:31,531 INFO     ___FILE_ONLY___ 

2026-05-07 14:15:31,531 INFO     ___FILE_ONLY___         
2026-05-07 14:15:31,532 INFO     ___FILE_ONLY___ periodSeconds,
2026-05-07 14:15:31,532 INFO     ___FILE_ONLY___  
2026-05-07 14:15:31,533 INFO     ___FILE_ONLY___ failureThreshold,
2026-05-07 14:15:31,533 INFO     ___FILE_ONLY___  
2026-05-07 14:15:31,534 INFO     ___FILE_ONLY___ httpGet.port,
2026-05-07 14:15:31,534 INFO     ___FILE_ONLY___  
2026-05-07 14:15:31,535 INFO     ___FILE_ONLY___ httpGet.path,
2026-05-07 14:15:31,535 INFO     ___FILE_ONLY___  
2026-05-07 14:15:31,536 INFO     ___FILE_ONLY___ grpc.port,
2026-05-07 14:15:31,536 INFO     ___FILE_ONLY___ 

2026-05-07 14:15:31,536 INFO     ___FILE_ONLY___         
2026-05-07 14:15:31,537 INFO     ___FILE_ONLY___ grpc.service,
2026-05-07 14:15:31,537 INFO     ___FILE_ONLY___  
2026-05-07 14:15:31,538 INFO     ___FILE_ONLY___ tcpSocket.port.
2026-05-07 14:15:31,538 INFO     ___FILE_ONLY___ 

2026-05-07 14:15:31,539 INFO     ___FILE_ONLY___ 

2026-05-07 14:15:31,539 INFO     ___FILE_ONLY___        
2026-05-07 14:15:31,540 INFO     ___FILE_ONLY___  
2026-05-07 14:15:31,540 INFO     ___FILE_ONLY___ For
2026-05-07 14:15:31,541 INFO     ___FILE_ONLY___  
2026-05-07 14:15:31,541 INFO     ___FILE_ONLY___ example,
2026-05-07 14:15:31,541 INFO     ___FILE_ONLY___  
2026-05-07 14:15:31,542 INFO     ___FILE_ONLY___ to
2026-05-07 14:15:31,542 INFO     ___FILE_ONLY___  
2026-05-07 14:15:31,543 INFO     ___FILE_ONLY___ set
2026-05-07 14:15:31,543 INFO     ___FILE_ONLY___  
2026-05-07 14:15:31,544 INFO     ___FILE_ONLY___ a
2026-05-07 14:15:31,544 INFO     ___FILE_ONLY___  
2026-05-07 14:15:31,545 INFO     ___FILE_ONLY___ probe
2026-05-07 14:15:31,545 INFO     ___FILE_ONLY___  
2026-05-07 14:15:31,546 INFO     ___FILE_ONLY___ with
2026-05-07 14:15:31,546 INFO     ___FILE_ONLY___  
2026-05-07 14:15:31,547 INFO     ___FILE_ONLY___ 10s
2026-05-07 14:15:31,547 INFO     ___FILE_ONLY___  
2026-05-07 14:15:31,548 INFO     ___FILE_ONLY___ timeout
2026-05-07 14:15:31,548 INFO     ___FILE_ONLY___  
2026-05-07 14:15:31,549 INFO     ___FILE_ONLY___ and
2026-05-07 14:15:31,549 INFO     ___FILE_ONLY___  
2026-05-07 14:15:31,550 INFO     ___FILE_ONLY___ HTTP
2026-05-07 14:15:31,550 INFO     ___FILE_ONLY___  
2026-05-07 14:15:31,550 INFO     ___FILE_ONLY___ probe
2026-05-07 14:15:31,551 INFO     ___FILE_ONLY___  
2026-05-07 14:15:31,551 INFO     ___FILE_ONLY___ requests
2026-05-07 14:15:31,552 INFO     ___FILE_ONLY___ 

2026-05-07 14:15:31,552 INFO     ___FILE_ONLY___         
2026-05-07 14:15:31,553 INFO     ___FILE_ONLY___ sent
2026-05-07 14:15:31,553 INFO     ___FILE_ONLY___  
2026-05-07 14:15:31,554 INFO     ___FILE_ONLY___ to
2026-05-07 14:15:31,554 INFO     ___FILE_ONLY___  
2026-05-07 14:15:31,555 INFO     ___FILE_ONLY___ 8080
2026-05-07 14:15:31,555 INFO     ___FILE_ONLY___  
2026-05-07 14:15:31,555 INFO     ___FILE_ONLY___ port
2026-05-07 14:15:31,556 INFO     ___FILE_ONLY___  
2026-05-07 14:15:31,556 INFO     ___FILE_ONLY___ of
2026-05-07 14:15:31,557 INFO     ___FILE_ONLY___  
2026-05-07 14:15:31,557 INFO     ___FILE_ONLY___ the
2026-05-07 14:15:31,558 INFO     ___FILE_ONLY___  
2026-05-07 14:15:31,558 INFO     ___FILE_ONLY___ container:
2026-05-07 14:15:31,559 INFO     ___FILE_ONLY___ 

2026-05-07 14:15:31,559 INFO     ___FILE_ONLY___ 

2026-05-07 14:15:31,560 INFO     ___FILE_ONLY___             $ --startup-probe=timeoutSeconds=10,httpGet.port=8080

2026-05-07 14:15:31,560 INFO     ___FILE_ONLY___ 

2026-05-07 14:15:31,560 INFO     ___FILE_ONLY___        
2026-05-07 14:15:31,561 INFO     ___FILE_ONLY___  
2026-05-07 14:15:31,561 INFO     ___FILE_ONLY___ To
2026-05-07 14:15:31,562 INFO     ___FILE_ONLY___  
2026-05-07 14:15:31,562 INFO     ___FILE_ONLY___ remove
2026-05-07 14:15:31,563 INFO     ___FILE_ONLY___  
2026-05-07 14:15:31,563 INFO     ___FILE_ONLY___ existing
2026-05-07 14:15:31,564 INFO     ___FILE_ONLY___  
2026-05-07 14:15:31,565 INFO     ___FILE_ONLY___ probe:
2026-05-07 14:15:31,565 INFO     ___FILE_ONLY___ 

2026-05-07 14:15:31,565 INFO     ___FILE_ONLY___ 

2026-05-07 14:15:31,566 INFO     ___FILE_ONLY___             $ --startup-probe=""

2026-05-07 14:15:31,566 INFO     ___FILE_ONLY___ 

2026-05-07 14:15:31,567 INFO     ___FILE_ONLY___      --[no-]use-http2

2026-05-07 14:15:31,567 INFO     ___FILE_ONLY___        
2026-05-07 14:15:31,568 INFO     ___FILE_ONLY___  
2026-05-07 14:15:31,568 INFO     ___FILE_ONLY___ Whether
2026-05-07 14:15:31,569 INFO     ___FILE_ONLY___  
2026-05-07 14:15:31,569 INFO     ___FILE_ONLY___ to
2026-05-07 14:15:31,570 INFO     ___FILE_ONLY___  
2026-05-07 14:15:31,570 INFO     ___FILE_ONLY___ use
2026-05-07 14:15:31,571 INFO     ___FILE_ONLY___  
2026-05-07 14:15:31,571 INFO     ___FILE_ONLY___ HTTP/2
2026-05-07 14:15:31,571 INFO     ___FILE_ONLY___  
2026-05-07 14:15:31,572 INFO     ___FILE_ONLY___ for
2026-05-07 14:15:31,572 INFO     ___FILE_ONLY___  
2026-05-07 14:15:31,573 INFO     ___FILE_ONLY___ connections
2026-05-07 14:15:31,573 INFO     ___FILE_ONLY___  
2026-05-07 14:15:31,574 INFO     ___FILE_ONLY___ to
2026-05-07 14:15:31,574 INFO     ___FILE_ONLY___  
2026-05-07 14:15:31,575 INFO     ___FILE_ONLY___ the
2026-05-07 14:15:31,575 INFO     ___FILE_ONLY___  
2026-05-07 14:15:31,575 INFO     ___FILE_ONLY___ service.
2026-05-07 14:15:31,576 INFO     ___FILE_ONLY___  
2026-05-07 14:15:31,576 INFO     ___FILE_ONLY___ Use
2026-05-07 14:15:31,577 INFO     ___FILE_ONLY___  
2026-05-07 14:15:31,577 INFO     ___FILE_ONLY___ --use-http2
2026-05-07 14:15:31,578 INFO     ___FILE_ONLY___ 

2026-05-07 14:15:31,578 INFO     ___FILE_ONLY___         
2026-05-07 14:15:31,579 INFO     ___FILE_ONLY___ to
2026-05-07 14:15:31,579 INFO     ___FILE_ONLY___  
2026-05-07 14:15:31,579 INFO     ___FILE_ONLY___ enable
2026-05-07 14:15:31,580 INFO     ___FILE_ONLY___  
2026-05-07 14:15:31,581 INFO     ___FILE_ONLY___ and
2026-05-07 14:15:31,581 INFO     ___FILE_ONLY___  
2026-05-07 14:15:31,582 INFO     ___FILE_ONLY___ --no-use-http2
2026-05-07 14:15:31,582 INFO     ___FILE_ONLY___  
2026-05-07 14:15:31,583 INFO     ___FILE_ONLY___ to
2026-05-07 14:15:31,583 INFO     ___FILE_ONLY___  
2026-05-07 14:15:31,584 INFO     ___FILE_ONLY___ disable.
2026-05-07 14:15:31,584 INFO     ___FILE_ONLY___ 

2026-05-07 14:15:31,585 INFO     ___FILE_ONLY___ 

2026-05-07 14:15:31,585 INFO     ___FILE_ONLY___     
2026-05-07 14:15:31,586 INFO     ___FILE_ONLY___  
2026-05-07 14:15:31,586 INFO     ___FILE_ONLY___ At
2026-05-07 14:15:31,586 INFO     ___FILE_ONLY___  
2026-05-07 14:15:31,587 INFO     ___FILE_ONLY___ most
2026-05-07 14:15:31,587 INFO     ___FILE_ONLY___  
2026-05-07 14:15:31,588 INFO     ___FILE_ONLY___ one
2026-05-07 14:15:31,588 INFO     ___FILE_ONLY___  
2026-05-07 14:15:31,589 INFO     ___FILE_ONLY___ of
2026-05-07 14:15:31,589 INFO     ___FILE_ONLY___  
2026-05-07 14:15:31,590 INFO     ___FILE_ONLY___ these
2026-05-07 14:15:31,590 INFO     ___FILE_ONLY___  
2026-05-07 14:15:31,591 INFO     ___FILE_ONLY___ can
2026-05-07 14:15:31,591 INFO     ___FILE_ONLY___  
2026-05-07 14:15:31,592 INFO     ___FILE_ONLY___ be
2026-05-07 14:15:31,592 INFO     ___FILE_ONLY___  
2026-05-07 14:15:31,592 INFO     ___FILE_ONLY___ specified:
2026-05-07 14:15:31,593 INFO     ___FILE_ONLY___ 

2026-05-07 14:15:31,593 INFO     ___FILE_ONLY___ 

2026-05-07 14:15:31,594 INFO     ___FILE_ONLY___        --base-image=BASE_IMAGE

2026-05-07 14:15:31,594 INFO     ___FILE_ONLY___          
2026-05-07 14:15:31,595 INFO     ___FILE_ONLY___  
2026-05-07 14:15:31,595 INFO     ___FILE_ONLY___ Specifies
2026-05-07 14:15:31,596 INFO     ___FILE_ONLY___  
2026-05-07 14:15:31,596 INFO     ___FILE_ONLY___ the
2026-05-07 14:15:31,597 INFO     ___FILE_ONLY___  
2026-05-07 14:15:31,597 INFO     ___FILE_ONLY___ base
2026-05-07 14:15:31,598 INFO     ___FILE_ONLY___  
2026-05-07 14:15:31,598 INFO     ___FILE_ONLY___ image
2026-05-07 14:15:31,599 INFO     ___FILE_ONLY___  
2026-05-07 14:15:31,599 INFO     ___FILE_ONLY___ to
2026-05-07 14:15:31,600 INFO     ___FILE_ONLY___  
2026-05-07 14:15:31,600 INFO     ___FILE_ONLY___ be
2026-05-07 14:15:31,601 INFO     ___FILE_ONLY___  
2026-05-07 14:15:31,601 INFO     ___FILE_ONLY___ used
2026-05-07 14:15:31,601 INFO     ___FILE_ONLY___  
2026-05-07 14:15:31,602 INFO     ___FILE_ONLY___ for
2026-05-07 14:15:31,602 INFO     ___FILE_ONLY___  
2026-05-07 14:15:31,603 INFO     ___FILE_ONLY___ automatic
2026-05-07 14:15:31,603 INFO     ___FILE_ONLY___  
2026-05-07 14:15:31,604 INFO     ___FILE_ONLY___ base
2026-05-07 14:15:31,604 INFO     ___FILE_ONLY___  
2026-05-07 14:15:31,605 INFO     ___FILE_ONLY___ image
2026-05-07 14:15:31,605 INFO     ___FILE_ONLY___  
2026-05-07 14:15:31,605 INFO     ___FILE_ONLY___ updates.
2026-05-07 14:15:31,606 INFO     ___FILE_ONLY___ 

2026-05-07 14:15:31,606 INFO     ___FILE_ONLY___           
2026-05-07 14:15:31,607 INFO     ___FILE_ONLY___ When
2026-05-07 14:15:31,607 INFO     ___FILE_ONLY___  
2026-05-07 14:15:31,608 INFO     ___FILE_ONLY___ deploying
2026-05-07 14:15:31,608 INFO     ___FILE_ONLY___  
2026-05-07 14:15:31,609 INFO     ___FILE_ONLY___ from
2026-05-07 14:15:31,609 INFO     ___FILE_ONLY___  
2026-05-07 14:15:31,609 INFO     ___FILE_ONLY___ source
2026-05-07 14:15:31,610 INFO     ___FILE_ONLY___  
2026-05-07 14:15:31,610 INFO     ___FILE_ONLY___ using
2026-05-07 14:15:31,611 INFO     ___FILE_ONLY___  
2026-05-07 14:15:31,611 INFO     ___FILE_ONLY___ the
2026-05-07 14:15:31,612 INFO     ___FILE_ONLY___  
2026-05-07 14:15:31,612 INFO     ___FILE_ONLY___ Google
2026-05-07 14:15:31,613 INFO     ___FILE_ONLY___  
2026-05-07 14:15:31,614 INFO     ___FILE_ONLY___ Cloud
2026-05-07 14:15:31,615 INFO     ___FILE_ONLY___  
2026-05-07 14:15:31,615 INFO     ___FILE_ONLY___ buildpacks,
2026-05-07 14:15:31,616 INFO     ___FILE_ONLY___  
2026-05-07 14:15:31,617 INFO     ___FILE_ONLY___ this
2026-05-07 14:15:31,617 INFO     ___FILE_ONLY___ 

2026-05-07 14:15:31,618 INFO     ___FILE_ONLY___           
2026-05-07 14:15:31,619 INFO     ___FILE_ONLY___ flag
2026-05-07 14:15:31,619 INFO     ___FILE_ONLY___  
2026-05-07 14:15:31,620 INFO     ___FILE_ONLY___ will
2026-05-07 14:15:31,620 INFO     ___FILE_ONLY___  
2026-05-07 14:15:31,621 INFO     ___FILE_ONLY___ also
2026-05-07 14:15:31,621 INFO     ___FILE_ONLY___  
2026-05-07 14:15:31,622 INFO     ___FILE_ONLY___ override
2026-05-07 14:15:31,622 INFO     ___FILE_ONLY___  
2026-05-07 14:15:31,623 INFO     ___FILE_ONLY___ the
2026-05-07 14:15:31,624 INFO     ___FILE_ONLY___  
2026-05-07 14:15:31,624 INFO     ___FILE_ONLY___ base
2026-05-07 14:15:31,625 INFO     ___FILE_ONLY___  
2026-05-07 14:15:31,625 INFO     ___FILE_ONLY___ image
2026-05-07 14:15:31,626 INFO     ___FILE_ONLY___  
2026-05-07 14:15:31,626 INFO     ___FILE_ONLY___ used
2026-05-07 14:15:31,627 INFO     ___FILE_ONLY___  
2026-05-07 14:15:31,627 INFO     ___FILE_ONLY___ for
2026-05-07 14:15:31,628 INFO     ___FILE_ONLY___  
2026-05-07 14:15:31,628 INFO     ___FILE_ONLY___ the
2026-05-07 14:15:31,629 INFO     ___FILE_ONLY___  
2026-05-07 14:15:31,629 INFO     ___FILE_ONLY___ application
2026-05-07 14:15:31,630 INFO     ___FILE_ONLY___ 

2026-05-07 14:15:31,631 INFO     ___FILE_ONLY___           
2026-05-07 14:15:31,631 INFO     ___FILE_ONLY___ image.
2026-05-07 14:15:31,632 INFO     ___FILE_ONLY___  
2026-05-07 14:15:31,633 INFO     ___FILE_ONLY___ See
2026-05-07 14:15:31,633 INFO     ___FILE_ONLY___ 

2026-05-07 14:15:31,634 INFO     ___FILE_ONLY___           
2026-05-07 14:15:31,634 INFO     ___FILE_ONLY___ https://cloud.google.com/run/docs/configuring/services/automatic-base-image-updates
2026-05-07 14:15:31,635 INFO     ___FILE_ONLY___ 

2026-05-07 14:15:31,635 INFO     ___FILE_ONLY___           
2026-05-07 14:15:31,636 INFO     ___FILE_ONLY___ for
2026-05-07 14:15:31,636 INFO     ___FILE_ONLY___  
2026-05-07 14:15:31,637 INFO     ___FILE_ONLY___ more
2026-05-07 14:15:31,637 INFO     ___FILE_ONLY___  
2026-05-07 14:15:31,638 INFO     ___FILE_ONLY___ details.
2026-05-07 14:15:31,638 INFO     ___FILE_ONLY___ 

2026-05-07 14:15:31,639 INFO     ___FILE_ONLY___ 

2026-05-07 14:15:31,639 INFO     ___FILE_ONLY___        --clear-base-image

2026-05-07 14:15:31,640 INFO     ___FILE_ONLY___          
2026-05-07 14:15:31,640 INFO     ___FILE_ONLY___  
2026-05-07 14:15:31,641 INFO     ___FILE_ONLY___ Opts
2026-05-07 14:15:31,641 INFO     ___FILE_ONLY___  
2026-05-07 14:15:31,642 INFO     ___FILE_ONLY___ out
2026-05-07 14:15:31,642 INFO     ___FILE_ONLY___  
2026-05-07 14:15:31,643 INFO     ___FILE_ONLY___ of
2026-05-07 14:15:31,643 INFO     ___FILE_ONLY___  
2026-05-07 14:15:31,643 INFO     ___FILE_ONLY___ automatic
2026-05-07 14:15:31,644 INFO     ___FILE_ONLY___  
2026-05-07 14:15:31,644 INFO     ___FILE_ONLY___ base
2026-05-07 14:15:31,645 INFO     ___FILE_ONLY___  
2026-05-07 14:15:31,646 INFO     ___FILE_ONLY___ image
2026-05-07 14:15:31,647 INFO     ___FILE_ONLY___  
2026-05-07 14:15:31,648 INFO     ___FILE_ONLY___ updates.
2026-05-07 14:15:31,649 INFO     ___FILE_ONLY___ 

2026-05-07 14:15:31,649 INFO     ___FILE_ONLY___ 

2026-05-07 14:15:31,650 INFO     ___FILE_ONLY___     
2026-05-07 14:15:31,650 INFO     ___FILE_ONLY___  
2026-05-07 14:15:31,651 INFO     ___FILE_ONLY___ At
2026-05-07 14:15:31,651 INFO     ___FILE_ONLY___  
2026-05-07 14:15:31,652 INFO     ___FILE_ONLY___ most
2026-05-07 14:15:31,652 INFO     ___FILE_ONLY___  
2026-05-07 14:15:31,653 INFO     ___FILE_ONLY___ one
2026-05-07 14:15:31,653 INFO     ___FILE_ONLY___  
2026-05-07 14:15:31,653 INFO     ___FILE_ONLY___ of
2026-05-07 14:15:31,654 INFO     ___FILE_ONLY___  
2026-05-07 14:15:31,654 INFO     ___FILE_ONLY___ these
2026-05-07 14:15:31,655 INFO     ___FILE_ONLY___  
2026-05-07 14:15:31,655 INFO     ___FILE_ONLY___ can
2026-05-07 14:15:31,656 INFO     ___FILE_ONLY___  
2026-05-07 14:15:31,656 INFO     ___FILE_ONLY___ be
2026-05-07 14:15:31,657 INFO     ___FILE_ONLY___  
2026-05-07 14:15:31,657 INFO     ___FILE_ONLY___ specified:
2026-05-07 14:15:31,658 INFO     ___FILE_ONLY___ 

2026-05-07 14:15:31,658 INFO     ___FILE_ONLY___ 

2026-05-07 14:15:31,659 INFO     ___FILE_ONLY___        --build-env-vars-file=FILE_PATH

2026-05-07 14:15:31,659 INFO     ___FILE_ONLY___          
2026-05-07 14:15:31,660 INFO     ___FILE_ONLY___  
2026-05-07 14:15:31,660 INFO     ___FILE_ONLY___ Path
2026-05-07 14:15:31,661 INFO     ___FILE_ONLY___  
2026-05-07 14:15:31,661 INFO     ___FILE_ONLY___ to
2026-05-07 14:15:31,662 INFO     ___FILE_ONLY___  
2026-05-07 14:15:31,662 INFO     ___FILE_ONLY___ a
2026-05-07 14:15:31,663 INFO     ___FILE_ONLY___  
2026-05-07 14:15:31,664 INFO     ___FILE_ONLY___ local
2026-05-07 14:15:31,664 INFO     ___FILE_ONLY___  
2026-05-07 14:15:31,665 INFO     ___FILE_ONLY___ YAML
2026-05-07 14:15:31,666 INFO     ___FILE_ONLY___  
2026-05-07 14:15:31,666 INFO     ___FILE_ONLY___ file
2026-05-07 14:15:31,667 INFO     ___FILE_ONLY___  
2026-05-07 14:15:31,667 INFO     ___FILE_ONLY___ with
2026-05-07 14:15:31,668 INFO     ___FILE_ONLY___  
2026-05-07 14:15:31,668 INFO     ___FILE_ONLY___ definitions
2026-05-07 14:15:31,669 INFO     ___FILE_ONLY___  
2026-05-07 14:15:31,669 INFO     ___FILE_ONLY___ for
2026-05-07 14:15:31,670 INFO     ___FILE_ONLY___  
2026-05-07 14:15:31,670 INFO     ___FILE_ONLY___ all
2026-05-07 14:15:31,671 INFO     ___FILE_ONLY___  
2026-05-07 14:15:31,671 INFO     ___FILE_ONLY___ build
2026-05-07 14:15:31,672 INFO     ___FILE_ONLY___  
2026-05-07 14:15:31,672 INFO     ___FILE_ONLY___ environment
2026-05-07 14:15:31,673 INFO     ___FILE_ONLY___ 

2026-05-07 14:15:31,673 INFO     ___FILE_ONLY___           
2026-05-07 14:15:31,674 INFO     ___FILE_ONLY___ variables.
2026-05-07 14:15:31,674 INFO     ___FILE_ONLY___  
2026-05-07 14:15:31,675 INFO     ___FILE_ONLY___ All
2026-05-07 14:15:31,675 INFO     ___FILE_ONLY___  
2026-05-07 14:15:31,676 INFO     ___FILE_ONLY___ existing
2026-05-07 14:15:31,676 INFO     ___FILE_ONLY___  
2026-05-07 14:15:31,677 INFO     ___FILE_ONLY___ build
2026-05-07 14:15:31,677 INFO     ___FILE_ONLY___  
2026-05-07 14:15:31,678 INFO     ___FILE_ONLY___ environment
2026-05-07 14:15:31,678 INFO     ___FILE_ONLY___  
2026-05-07 14:15:31,679 INFO     ___FILE_ONLY___ variables
2026-05-07 14:15:31,680 INFO     ___FILE_ONLY___  
2026-05-07 14:15:31,681 INFO     ___FILE_ONLY___ will
2026-05-07 14:15:31,681 INFO     ___FILE_ONLY___  
2026-05-07 14:15:31,682 INFO     ___FILE_ONLY___ be
2026-05-07 14:15:31,682 INFO     ___FILE_ONLY___  
2026-05-07 14:15:31,683 INFO     ___FILE_ONLY___ removed
2026-05-07 14:15:31,683 INFO     ___FILE_ONLY___ 

2026-05-07 14:15:31,684 INFO     ___FILE_ONLY___           
2026-05-07 14:15:31,684 INFO     ___FILE_ONLY___ before
2026-05-07 14:15:31,685 INFO     ___FILE_ONLY___  
2026-05-07 14:15:31,685 INFO     ___FILE_ONLY___ the
2026-05-07 14:15:31,686 INFO     ___FILE_ONLY___  
2026-05-07 14:15:31,686 INFO     ___FILE_ONLY___ new
2026-05-07 14:15:31,687 INFO     ___FILE_ONLY___  
2026-05-07 14:15:31,687 INFO     ___FILE_ONLY___ build
2026-05-07 14:15:31,688 INFO     ___FILE_ONLY___  
2026-05-07 14:15:31,688 INFO     ___FILE_ONLY___ environment
2026-05-07 14:15:31,689 INFO     ___FILE_ONLY___  
2026-05-07 14:15:31,689 INFO     ___FILE_ONLY___ variables
2026-05-07 14:15:31,690 INFO     ___FILE_ONLY___  
2026-05-07 14:15:31,691 INFO     ___FILE_ONLY___ are
2026-05-07 14:15:31,691 INFO     ___FILE_ONLY___  
2026-05-07 14:15:31,692 INFO     ___FILE_ONLY___ added.
2026-05-07 14:15:31,692 INFO     ___FILE_ONLY___  
2026-05-07 14:15:31,693 INFO     ___FILE_ONLY___ Example
2026-05-07 14:15:31,693 INFO     ___FILE_ONLY___  
2026-05-07 14:15:31,694 INFO     ___FILE_ONLY___ YAML
2026-05-07 14:15:31,694 INFO     ___FILE_ONLY___ 

2026-05-07 14:15:31,695 INFO     ___FILE_ONLY___           
2026-05-07 14:15:31,695 INFO     ___FILE_ONLY___ content:
2026-05-07 14:15:31,696 INFO     ___FILE_ONLY___ 

2026-05-07 14:15:31,696 INFO     ___FILE_ONLY___ 

2026-05-07 14:15:31,697 INFO     ___FILE_ONLY___               KEY_1: "value1"

2026-05-07 14:15:31,698 INFO     ___FILE_ONLY___               KEY_2: "value 2"

2026-05-07 14:15:31,699 INFO     ___FILE_ONLY___ 

2026-05-07 14:15:31,699 INFO     ___FILE_ONLY___        --clear-build-env-vars

2026-05-07 14:15:31,700 INFO     ___FILE_ONLY___          
2026-05-07 14:15:31,700 INFO     ___FILE_ONLY___  
2026-05-07 14:15:31,701 INFO     ___FILE_ONLY___ Remove
2026-05-07 14:15:31,701 INFO     ___FILE_ONLY___  
2026-05-07 14:15:31,702 INFO     ___FILE_ONLY___ all
2026-05-07 14:15:31,702 INFO     ___FILE_ONLY___  
2026-05-07 14:15:31,703 INFO     ___FILE_ONLY___ build
2026-05-07 14:15:31,703 INFO     ___FILE_ONLY___  
2026-05-07 14:15:31,704 INFO     ___FILE_ONLY___ environment
2026-05-07 14:15:31,704 INFO     ___FILE_ONLY___  
2026-05-07 14:15:31,705 INFO     ___FILE_ONLY___ variables.
2026-05-07 14:15:31,705 INFO     ___FILE_ONLY___ 

2026-05-07 14:15:31,706 INFO     ___FILE_ONLY___ 

2026-05-07 14:15:31,706 INFO     ___FILE_ONLY___        --set-build-env-vars=[KEY=VALUE,...]

2026-05-07 14:15:31,707 INFO     ___FILE_ONLY___          
2026-05-07 14:15:31,707 INFO     ___FILE_ONLY___  
2026-05-07 14:15:31,708 INFO     ___FILE_ONLY___ List
2026-05-07 14:15:31,708 INFO     ___FILE_ONLY___  
2026-05-07 14:15:31,709 INFO     ___FILE_ONLY___ of
2026-05-07 14:15:31,710 INFO     ___FILE_ONLY___  
2026-05-07 14:15:31,710 INFO     ___FILE_ONLY___ key-value
2026-05-07 14:15:31,711 INFO     ___FILE_ONLY___  
2026-05-07 14:15:31,711 INFO     ___FILE_ONLY___ pairs
2026-05-07 14:15:31,712 INFO     ___FILE_ONLY___  
2026-05-07 14:15:31,712 INFO     ___FILE_ONLY___ to
2026-05-07 14:15:31,713 INFO     ___FILE_ONLY___  
2026-05-07 14:15:31,714 INFO     ___FILE_ONLY___ set
2026-05-07 14:15:31,714 INFO     ___FILE_ONLY___  
2026-05-07 14:15:31,715 INFO     ___FILE_ONLY___ as
2026-05-07 14:15:31,715 INFO     ___FILE_ONLY___  
2026-05-07 14:15:31,716 INFO     ___FILE_ONLY___ build
2026-05-07 14:15:31,716 INFO     ___FILE_ONLY___  
2026-05-07 14:15:31,717 INFO     ___FILE_ONLY___ environment
2026-05-07 14:15:31,717 INFO     ___FILE_ONLY___  
2026-05-07 14:15:31,718 INFO     ___FILE_ONLY___ variables.
2026-05-07 14:15:31,718 INFO     ___FILE_ONLY___  
2026-05-07 14:15:31,719 INFO     ___FILE_ONLY___ All
2026-05-07 14:15:31,719 INFO     ___FILE_ONLY___ 

2026-05-07 14:15:31,720 INFO     ___FILE_ONLY___           
2026-05-07 14:15:31,720 INFO     ___FILE_ONLY___ existing
2026-05-07 14:15:31,721 INFO     ___FILE_ONLY___  
2026-05-07 14:15:31,721 INFO     ___FILE_ONLY___ build
2026-05-07 14:15:31,722 INFO     ___FILE_ONLY___  
2026-05-07 14:15:31,722 INFO     ___FILE_ONLY___ environment
2026-05-07 14:15:31,723 INFO     ___FILE_ONLY___  
2026-05-07 14:15:31,723 INFO     ___FILE_ONLY___ variables
2026-05-07 14:15:31,724 INFO     ___FILE_ONLY___  
2026-05-07 14:15:31,724 INFO     ___FILE_ONLY___ will
2026-05-07 14:15:31,725 INFO     ___FILE_ONLY___  
2026-05-07 14:15:31,725 INFO     ___FILE_ONLY___ be
2026-05-07 14:15:31,726 INFO     ___FILE_ONLY___  
2026-05-07 14:15:31,726 INFO     ___FILE_ONLY___ removed
2026-05-07 14:15:31,727 INFO     ___FILE_ONLY___  
2026-05-07 14:15:31,727 INFO     ___FILE_ONLY___ first.
2026-05-07 14:15:31,728 INFO     ___FILE_ONLY___ 

2026-05-07 14:15:31,728 INFO     ___FILE_ONLY___ 

2026-05-07 14:15:31,729 INFO     ___FILE_ONLY___       
2026-05-07 14:15:31,729 INFO     ___FILE_ONLY___  
2026-05-07 14:15:31,730 INFO     ___FILE_ONLY___ Or
2026-05-07 14:15:31,731 INFO     ___FILE_ONLY___  
2026-05-07 14:15:31,731 INFO     ___FILE_ONLY___ at
2026-05-07 14:15:31,732 INFO     ___FILE_ONLY___  
2026-05-07 14:15:31,732 INFO     ___FILE_ONLY___ least
2026-05-07 14:15:31,733 INFO     ___FILE_ONLY___  
2026-05-07 14:15:31,733 INFO     ___FILE_ONLY___ one
2026-05-07 14:15:31,734 INFO     ___FILE_ONLY___  
2026-05-07 14:15:31,734 INFO     ___FILE_ONLY___ of
2026-05-07 14:15:31,735 INFO     ___FILE_ONLY___  
2026-05-07 14:15:31,735 INFO     ___FILE_ONLY___ these
2026-05-07 14:15:31,736 INFO     ___FILE_ONLY___  
2026-05-07 14:15:31,736 INFO     ___FILE_ONLY___ can
2026-05-07 14:15:31,737 INFO     ___FILE_ONLY___  
2026-05-07 14:15:31,737 INFO     ___FILE_ONLY___ be
2026-05-07 14:15:31,738 INFO     ___FILE_ONLY___  
2026-05-07 14:15:31,738 INFO     ___FILE_ONLY___ specified:
2026-05-07 14:15:31,739 INFO     ___FILE_ONLY___ 

2026-05-07 14:15:31,739 INFO     ___FILE_ONLY___ 

2026-05-07 14:15:31,740 INFO     ___FILE_ONLY___         
2026-05-07 14:15:31,740 INFO     ___FILE_ONLY___  
2026-05-07 14:15:31,741 INFO     ___FILE_ONLY___ Only
2026-05-07 14:15:31,741 INFO     ___FILE_ONLY___  
2026-05-07 14:15:31,741 INFO     ___FILE_ONLY___ --update-build-env-vars
2026-05-07 14:15:31,742 INFO     ___FILE_ONLY___  
2026-05-07 14:15:31,742 INFO     ___FILE_ONLY___ and
2026-05-07 14:15:31,743 INFO     ___FILE_ONLY___  
2026-05-07 14:15:31,743 INFO     ___FILE_ONLY___ --remove-build-env-vars
2026-05-07 14:15:31,744 INFO     ___FILE_ONLY___  
2026-05-07 14:15:31,744 INFO     ___FILE_ONLY___ can
2026-05-07 14:15:31,745 INFO     ___FILE_ONLY___  
2026-05-07 14:15:31,745 INFO     ___FILE_ONLY___ be
2026-05-07 14:15:31,746 INFO     ___FILE_ONLY___  
2026-05-07 14:15:31,746 INFO     ___FILE_ONLY___ used
2026-05-07 14:15:31,747 INFO     ___FILE_ONLY___ 

2026-05-07 14:15:31,748 INFO     ___FILE_ONLY___          
2026-05-07 14:15:31,748 INFO     ___FILE_ONLY___ together.
2026-05-07 14:15:31,749 INFO     ___FILE_ONLY___  
2026-05-07 14:15:31,749 INFO     ___FILE_ONLY___ If
2026-05-07 14:15:31,750 INFO     ___FILE_ONLY___  
2026-05-07 14:15:31,750 INFO     ___FILE_ONLY___ both
2026-05-07 14:15:31,751 INFO     ___FILE_ONLY___  
2026-05-07 14:15:31,751 INFO     ___FILE_ONLY___ are
2026-05-07 14:15:31,751 INFO     ___FILE_ONLY___  
2026-05-07 14:15:31,752 INFO     ___FILE_ONLY___ specified,
2026-05-07 14:15:31,752 INFO     ___FILE_ONLY___  
2026-05-07 14:15:31,753 INFO     ___FILE_ONLY___ --remove-build-env-vars
2026-05-07 14:15:31,753 INFO     ___FILE_ONLY___  
2026-05-07 14:15:31,754 INFO     ___FILE_ONLY___ will
2026-05-07 14:15:31,754 INFO     ___FILE_ONLY___  
2026-05-07 14:15:31,755 INFO     ___FILE_ONLY___ be
2026-05-07 14:15:31,755 INFO     ___FILE_ONLY___ 

2026-05-07 14:15:31,756 INFO     ___FILE_ONLY___          
2026-05-07 14:15:31,756 INFO     ___FILE_ONLY___ applied
2026-05-07 14:15:31,757 INFO     ___FILE_ONLY___  
2026-05-07 14:15:31,757 INFO     ___FILE_ONLY___ first.
2026-05-07 14:15:31,757 INFO     ___FILE_ONLY___ 

2026-05-07 14:15:31,758 INFO     ___FILE_ONLY___ 

2026-05-07 14:15:31,758 INFO     ___FILE_ONLY___          --remove-build-env-vars=[KEY,...]

2026-05-07 14:15:31,759 INFO     ___FILE_ONLY___            
2026-05-07 14:15:31,759 INFO     ___FILE_ONLY___  
2026-05-07 14:15:31,760 INFO     ___FILE_ONLY___ List
2026-05-07 14:15:31,760 INFO     ___FILE_ONLY___  
2026-05-07 14:15:31,761 INFO     ___FILE_ONLY___ of
2026-05-07 14:15:31,761 INFO     ___FILE_ONLY___  
2026-05-07 14:15:31,762 INFO     ___FILE_ONLY___ build
2026-05-07 14:15:31,762 INFO     ___FILE_ONLY___  
2026-05-07 14:15:31,763 INFO     ___FILE_ONLY___ environment
2026-05-07 14:15:31,764 INFO     ___FILE_ONLY___  
2026-05-07 14:15:31,765 INFO     ___FILE_ONLY___ variables
2026-05-07 14:15:31,765 INFO     ___FILE_ONLY___  
2026-05-07 14:15:31,766 INFO     ___FILE_ONLY___ to
2026-05-07 14:15:31,766 INFO     ___FILE_ONLY___  
2026-05-07 14:15:31,767 INFO     ___FILE_ONLY___ be
2026-05-07 14:15:31,767 INFO     ___FILE_ONLY___  
2026-05-07 14:15:31,768 INFO     ___FILE_ONLY___ removed.
2026-05-07 14:15:31,768 INFO     ___FILE_ONLY___ 

2026-05-07 14:15:31,768 INFO     ___FILE_ONLY___ 

2026-05-07 14:15:31,769 INFO     ___FILE_ONLY___          --update-build-env-vars=[KEY=VALUE,...]

2026-05-07 14:15:31,769 INFO     ___FILE_ONLY___            
2026-05-07 14:15:31,770 INFO     ___FILE_ONLY___  
2026-05-07 14:15:31,770 INFO     ___FILE_ONLY___ List
2026-05-07 14:15:31,771 INFO     ___FILE_ONLY___  
2026-05-07 14:15:31,771 INFO     ___FILE_ONLY___ of
2026-05-07 14:15:31,772 INFO     ___FILE_ONLY___  
2026-05-07 14:15:31,772 INFO     ___FILE_ONLY___ key-value
2026-05-07 14:15:31,773 INFO     ___FILE_ONLY___  
2026-05-07 14:15:31,773 INFO     ___FILE_ONLY___ pairs
2026-05-07 14:15:31,774 INFO     ___FILE_ONLY___  
2026-05-07 14:15:31,774 INFO     ___FILE_ONLY___ to
2026-05-07 14:15:31,775 INFO     ___FILE_ONLY___  
2026-05-07 14:15:31,775 INFO     ___FILE_ONLY___ set
2026-05-07 14:15:31,776 INFO     ___FILE_ONLY___  
2026-05-07 14:15:31,776 INFO     ___FILE_ONLY___ as
2026-05-07 14:15:31,777 INFO     ___FILE_ONLY___  
2026-05-07 14:15:31,777 INFO     ___FILE_ONLY___ build
2026-05-07 14:15:31,778 INFO     ___FILE_ONLY___  
2026-05-07 14:15:31,778 INFO     ___FILE_ONLY___ environment
2026-05-07 14:15:31,779 INFO     ___FILE_ONLY___  
2026-05-07 14:15:31,779 INFO     ___FILE_ONLY___ variables.
2026-05-07 14:15:31,781 DEBUG    root            [Errno 32] Broken pipe
Traceback (most recent call last):
  File "/Users/n-jwjang/google-cloud-sdk/lib/googlecloudsdk/calliope/cli.py", line 927, in Execute
    args = self.__parser.parse_args(_ApplyFlagsFile(argv))
  File "/Users/n-jwjang/google-cloud-sdk/lib/googlecloudsdk/calliope/parser_extensions.py", line 772, in parse_args
    namespace, unknown_args, _ = self._ParseKnownArgs(args, namespace)
                                 ~~~~~~~~~~~~~~~~~~~~^^^^^^^^^^^^^^^^^
  File "/Users/n-jwjang/google-cloud-sdk/lib/googlecloudsdk/calliope/parser_extensions.py", line 563, in _ParseKnownArgs
    namespace, unknown_args = parser.parse_known_args(args, namespace)
                              ~~~~~~~~~~~~~~~~~~~~~~~^^^^^^^^^^^^^^^^^
  File "/Users/n-jwjang/google-cloud-sdk/lib/googlecloudsdk/calliope/parser_extensions.py", line 735, in parse_known_args
    namespace, unknown_args, error_context = self._ParseKnownArgs(
                                             ~~~~~~~~~~~~~~~~~~~~^
        args, namespace, wrapper=False)
        ^^^^^^^^^^^^^^^^^^^^^^^^^^^^^^^
  File "/Users/n-jwjang/google-cloud-sdk/lib/googlecloudsdk/calliope/parser_extensions.py", line 563, in _ParseKnownArgs
    namespace, unknown_args = parser.parse_known_args(args, namespace)
                              ~~~~~~~~~~~~~~~~~~~~~~~^^^^^^^^^^^^^^^^^
  File "/Users/n-jwjang/google-cloud-sdk/lib/third_party/argparse/__init__.py", line 1735, in parse_known_args
    namespace, args = self._parse_known_args(args, namespace)
                      ~~~~~~~~~~~~~~~~~~~~~~^^^^^^^^^^^^^^^^^
  File "/Users/n-jwjang/google-cloud-sdk/lib/third_party/argparse/__init__.py", line 1923, in _parse_known_args
    positionals_end_index = consume_positionals(start_index)
  File "/Users/n-jwjang/google-cloud-sdk/lib/third_party/argparse/__init__.py", line 1900, in consume_positionals
    take_action(action, args)
    ~~~~~~~~~~~^^^^^^^^^^^^^^
  File "/Users/n-jwjang/google-cloud-sdk/lib/third_party/argparse/__init__.py", line 1809, in take_action
    action(self, namespace, argument_values, option_string)
    ~~~~~~^^^^^^^^^^^^^^^^^^^^^^^^^^^^^^^^^^^^^^^^^^^^^^^^^
  File "/Users/n-jwjang/google-cloud-sdk/lib/googlecloudsdk/calliope/parser_extensions.py", line 1323, in __call__
    super(CommandGroupAction, self).__call__(
    ~~~~~~~~~~~~~~~~~~~~~~~~~~~~~~~~~~~~~~~~^
        parser, namespace, values, option_string=option_string)
        ^^^^^^^^^^^^^^^^^^^^^^^^^^^^^^^^^^^^^^^^^^^^^^^^^^^^^^^
  File "/Users/n-jwjang/google-cloud-sdk/lib/third_party/argparse/__init__.py", line 1111, in __call__
    namespace, arg_strings = parser.parse_known_args(arg_strings, namespace)
                             ~~~~~~~~~~~~~~~~~~~~~~~^^^^^^^^^^^^^^^^^^^^^^^^
  File "/Users/n-jwjang/google-cloud-sdk/lib/googlecloudsdk/calliope/parser_extensions.py", line 735, in parse_known_args
    namespace, unknown_args, error_context = self._ParseKnownArgs(
                                             ~~~~~~~~~~~~~~~~~~~~^
        args, namespace, wrapper=False)
        ^^^^^^^^^^^^^^^^^^^^^^^^^^^^^^^
  File "/Users/n-jwjang/google-cloud-sdk/lib/googlecloudsdk/calliope/parser_extensions.py", line 563, in _ParseKnownArgs
    namespace, unknown_args = parser.parse_known_args(args, namespace)
                              ~~~~~~~~~~~~~~~~~~~~~~~^^^^^^^^^^^^^^^^^
  File "/Users/n-jwjang/google-cloud-sdk/lib/third_party/argparse/__init__.py", line 1735, in parse_known_args
    namespace, args = self._parse_known_args(args, namespace)
                      ~~~~~~~~~~~~~~~~~~~~~~^^^^^^^^^^^^^^^^^
  File "/Users/n-jwjang/google-cloud-sdk/lib/third_party/argparse/__init__.py", line 1923, in _parse_known_args
    positionals_end_index = consume_positionals(start_index)
  File "/Users/n-jwjang/google-cloud-sdk/lib/third_party/argparse/__init__.py", line 1900, in consume_positionals
    take_action(action, args)
    ~~~~~~~~~~~^^^^^^^^^^^^^^
  File "/Users/n-jwjang/google-cloud-sdk/lib/third_party/argparse/__init__.py", line 1809, in take_action
    action(self, namespace, argument_values, option_string)
    ~~~~~~^^^^^^^^^^^^^^^^^^^^^^^^^^^^^^^^^^^^^^^^^^^^^^^^^
  File "/Users/n-jwjang/google-cloud-sdk/lib/googlecloudsdk/calliope/parser_extensions.py", line 1323, in __call__
    super(CommandGroupAction, self).__call__(
    ~~~~~~~~~~~~~~~~~~~~~~~~~~~~~~~~~~~~~~~~^
        parser, namespace, values, option_string=option_string)
        ^^^^^^^^^^^^^^^^^^^^^^^^^^^^^^^^^^^^^^^^^^^^^^^^^^^^^^^
  File "/Users/n-jwjang/google-cloud-sdk/lib/third_party/argparse/__init__.py", line 1111, in __call__
    namespace, arg_strings = parser.parse_known_args(arg_strings, namespace)
                             ~~~~~~~~~~~~~~~~~~~~~~~^^^^^^^^^^^^^^^^^^^^^^^^
  File "/Users/n-jwjang/google-cloud-sdk/lib/googlecloudsdk/command_lib/run/container_parser.py", line 220, in ParseKnownArgs
    return self._parse_known_args(args=remaining, namespace=namespace)
           ~~~~~~~~~~~~~~~~~~~~~~^^^^^^^^^^^^^^^^^^^^^^^^^^^^^^^^^^^^^
  File "/Users/n-jwjang/google-cloud-sdk/lib/googlecloudsdk/calliope/parser_extensions.py", line 735, in parse_known_args
    namespace, unknown_args, error_context = self._ParseKnownArgs(
                                             ~~~~~~~~~~~~~~~~~~~~^
        args, namespace, wrapper=False)
        ^^^^^^^^^^^^^^^^^^^^^^^^^^^^^^^
  File "/Users/n-jwjang/google-cloud-sdk/lib/googlecloudsdk/calliope/parser_extensions.py", line 563, in _ParseKnownArgs
    namespace, unknown_args = parser.parse_known_args(args, namespace)
                              ~~~~~~~~~~~~~~~~~~~~~~~^^^^^^^^^^^^^^^^^
  File "/Users/n-jwjang/google-cloud-sdk/lib/third_party/argparse/__init__.py", line 1735, in parse_known_args
    namespace, args = self._parse_known_args(args, namespace)
                      ~~~~~~~~~~~~~~~~~~~~~~^^^^^^^^^^^^^^^^^
  File "/Users/n-jwjang/google-cloud-sdk/lib/third_party/argparse/__init__.py", line 1941, in _parse_known_args
    start_index = consume_optional(start_index)
  File "/Users/n-jwjang/google-cloud-sdk/lib/third_party/argparse/__init__.py", line 1881, in consume_optional
    take_action(action, args, option_string)
    ~~~~~~~~~~~^^^^^^^^^^^^^^^^^^^^^^^^^^^^^
  File "/Users/n-jwjang/google-cloud-sdk/lib/third_party/argparse/__init__.py", line 1809, in take_action
    action(self, namespace, argument_values, option_string)
    ~~~~~~^^^^^^^^^^^^^^^^^^^^^^^^^^^^^^^^^^^^^^^^^^^^^^^^^
  File "/Users/n-jwjang/google-cloud-sdk/lib/googlecloudsdk/calliope/actions.py", line 515, in __call__
    render_document.RenderDocument(
    ~~~~~~~~~~~~~~~~~~~~~~~~~~~~~~^
        style,
        ^^^^^^
    ...<5 lines>...
        command_node=command_node,
        ^^^^^^^^^^^^^^^^^^^^^^^^^^
    )
    ^
  File "/Users/n-jwjang/google-cloud-sdk/lib/googlecloudsdk/core/document_renderers/render_document.py", line 962, in RenderDocument
    command_metadata=command_metadata).Run()
                                       ~~~^^
  File "/Users/n-jwjang/google-cloud-sdk/lib/googlecloudsdk/core/document_renderers/render_document.py", line 932, in Run
    i = detect_and_convert(i)
  File "/Users/n-jwjang/google-cloud-sdk/lib/googlecloudsdk/core/document_renderers/render_document.py", line 420, in _ConvertBlankLine
    self._Fill()
    ~~~~~~~~~~^^
  File "/Users/n-jwjang/google-cloud-sdk/lib/googlecloudsdk/core/document_renderers/render_document.py", line 372, in _Fill
    self._renderer.Fill(self._Attributes())
    ~~~~~~~~~~~~~~~~~~~^^^^^^^^^^^^^^^^^^^^
  File "/Users/n-jwjang/google-cloud-sdk/lib/googlecloudsdk/core/document_renderers/text_renderer.py", line 144, in Fill
    self._out.write(word)
    ~~~~~~~~~~~~~~~^^^^^^
  File "/Users/n-jwjang/google-cloud-sdk/lib/googlecloudsdk/core/log.py", line 234, in write
    self._Write(plain_text, styled_text)
    ~~~~~~~~~~~^^^^^^^^^^^^^^^^^^^^^^^^^
  File "/Users/n-jwjang/google-cloud-sdk/lib/googlecloudsdk/core/log.py", line 227, in _Write
    self.__stream_wrapper.stream.write(stream_msg)
    ~~~~~~~~~~~~~~~~~~~~~~~~~~~~~~~~~~^^^^^^^^^^^^
BrokenPipeError: [Errno 32] Broken pipe
2026-05-07 14:15:31,803 DEBUG    root            Metrics reporting process started...
