2026-05-07 14:15:49,615 DEBUG    root            Loaded Command Group: ['gcloud', 'run']
2026-05-07 14:15:50,137 DEBUG    root            Loaded Command Group: ['gcloud', 'run', 'deploy']
2026-05-07 14:15:50,147 DEBUG    root            Running [gcloud.run.deploy] with arguments: [--help: "None"]
2026-05-07 14:15:50,148 DEBUG    root            On GCE from memory cache: False
2026-05-07 14:15:50,158 DEBUG    root            Loaded Command Group: ['gcloud', 'help']
2026-05-07 14:15:50,161 DEBUG    root            Loaded Command Group: ['gcloud', 'run', 'services']
2026-05-07 14:15:50,171 DEBUG    root            Loaded Command Group: ['gcloud', 'run', 'services', 'update_traffic']
2026-05-07 14:15:50,174 DEBUG    root            Loaded Command Group: ['gcloud', 'topic']
2026-05-07 14:15:50,176 DEBUG    root            Loaded Command Group: ['gcloud', 'topic', 'gcloudignore']
2026-05-07 14:15:50,178 INFO     ___FILE_ONLY___ 
2026-05-07 14:15:50,179 INFO     ___FILE_ONLY___ NAME

2026-05-07 14:15:50,180 INFO     ___FILE_ONLY___    
2026-05-07 14:15:50,180 INFO     ___FILE_ONLY___  gcloud
2026-05-07 14:15:50,181 INFO     ___FILE_ONLY___  run
2026-05-07 14:15:50,181 INFO     ___FILE_ONLY___  deploy
2026-05-07 14:15:50,182 INFO     ___FILE_ONLY___  -
2026-05-07 14:15:50,182 INFO     ___FILE_ONLY___  create
2026-05-07 14:15:50,183 INFO     ___FILE_ONLY___  or
2026-05-07 14:15:50,183 INFO     ___FILE_ONLY___  update
2026-05-07 14:15:50,184 INFO     ___FILE_ONLY___  a
2026-05-07 14:15:50,184 INFO     ___FILE_ONLY___  Cloud
2026-05-07 14:15:50,184 INFO     ___FILE_ONLY___  Run
2026-05-07 14:15:50,185 INFO     ___FILE_ONLY___  service
2026-05-07 14:15:50,185 INFO     ___FILE_ONLY___ 


2026-05-07 14:15:50,186 INFO     ___FILE_ONLY___ 
2026-05-07 14:15:50,186 INFO     ___FILE_ONLY___ SYNOPSIS

2026-05-07 14:15:50,188 INFO     ___FILE_ONLY___    
2026-05-07 14:15:50,189 INFO     ___FILE_ONLY___  gcloud
2026-05-07 14:15:50,189 INFO     ___FILE_ONLY___  run
2026-05-07 14:15:50,189 INFO     ___FILE_ONLY___  deploy
2026-05-07 14:15:50,190 INFO     ___FILE_ONLY___  [[SERVICE] --namespace=NAMESPACE]
2026-05-07 14:15:50,190 INFO     ___FILE_ONLY___ 
       
2026-05-07 14:15:50,191 INFO     ___FILE_ONLY___  [--[no-]allow-unauthenticated]
2026-05-07 14:15:50,191 INFO     ___FILE_ONLY___  [--async]
2026-05-07 14:15:50,192 INFO     ___FILE_ONLY___  [--breakglass=JUSTIFICATION]
2026-05-07 14:15:50,192 INFO     ___FILE_ONLY___ 
       
2026-05-07 14:15:50,192 INFO     ___FILE_ONLY___  [--clear-vpc-connector]
2026-05-07 14:15:50,193 INFO     ___FILE_ONLY___  [--concurrency=CONCURRENCY]
2026-05-07 14:15:50,193 INFO     ___FILE_ONLY___ 
       
2026-05-07 14:15:50,194 INFO     ___FILE_ONLY___  [--container=CONTAINER]
2026-05-07 14:15:50,194 INFO     ___FILE_ONLY___  [--[no-]cpu-boost]
2026-05-07 14:15:50,195 INFO     ___FILE_ONLY___  [--[no-]cpu-throttling]
2026-05-07 14:15:50,195 INFO     ___FILE_ONLY___ 
       
2026-05-07 14:15:50,196 INFO     ___FILE_ONLY___  [--[no-]default-url]
2026-05-07 14:15:50,197 INFO     ___FILE_ONLY___  [--[no-]deploy-health-check]
2026-05-07 14:15:50,197 INFO     ___FILE_ONLY___ 
       
2026-05-07 14:15:50,198 INFO     ___FILE_ONLY___  [--description=DESCRIPTION]
2026-05-07 14:15:50,198 INFO     ___FILE_ONLY___ 
       
2026-05-07 14:15:50,199 INFO     ___FILE_ONLY___  [--execution-environment=EXECUTION_ENVIRONMENT]
2026-05-07 14:15:50,199 INFO     ___FILE_ONLY___  [--gpu-type=GPU_TYPE]
2026-05-07 14:15:50,200 INFO     ___FILE_ONLY___ 
       
2026-05-07 14:15:50,200 INFO     ___FILE_ONLY___  [--[no-]gpu-zonal-redundancy]
2026-05-07 14:15:50,201 INFO     ___FILE_ONLY___  [--[no-]iap]
2026-05-07 14:15:50,201 INFO     ___FILE_ONLY___ 
       
2026-05-07 14:15:50,201 INFO     ___FILE_ONLY___  [--ingress=INGRESS; default="all"]
2026-05-07 14:15:50,202 INFO     ___FILE_ONLY___  [--[no-]invoker-iam-check]
2026-05-07 14:15:50,202 INFO     ___FILE_ONLY___ 
       
2026-05-07 14:15:50,203 INFO     ___FILE_ONLY___  [--max=MAX]
2026-05-07 14:15:50,203 INFO     ___FILE_ONLY___  [--max-instances=MAX_INSTANCES]
2026-05-07 14:15:50,204 INFO     ___FILE_ONLY___  [--min=MIN]
2026-05-07 14:15:50,204 INFO     ___FILE_ONLY___ 
       
2026-05-07 14:15:50,205 INFO     ___FILE_ONLY___  [--min-instances=MIN_INSTANCES]
2026-05-07 14:15:50,205 INFO     ___FILE_ONLY___  [--region=REGION]
2026-05-07 14:15:50,206 INFO     ___FILE_ONLY___  [--regions=REGIONS]
2026-05-07 14:15:50,206 INFO     ___FILE_ONLY___ 
       
2026-05-07 14:15:50,207 INFO     ___FILE_ONLY___  [--remove-containers=[CONTAINER,...]]
2026-05-07 14:15:50,207 INFO     ___FILE_ONLY___ 
       
2026-05-07 14:15:50,207 INFO     ___FILE_ONLY___  [--revision-suffix=REVISION_SUFFIX]
2026-05-07 14:15:50,208 INFO     ___FILE_ONLY___  [--scaling=SCALING]
2026-05-07 14:15:50,208 INFO     ___FILE_ONLY___ 
       
2026-05-07 14:15:50,209 INFO     ___FILE_ONLY___  [--service-account=SERVICE_ACCOUNT]
2026-05-07 14:15:50,209 INFO     ___FILE_ONLY___  [--[no-]session-affinity]
2026-05-07 14:15:50,210 INFO     ___FILE_ONLY___ 
       
2026-05-07 14:15:50,210 INFO     ___FILE_ONLY___  [--tag=TAG]
2026-05-07 14:15:50,211 INFO     ___FILE_ONLY___  [--timeout=TIMEOUT]
2026-05-07 14:15:50,211 INFO     ___FILE_ONLY___  [--no-traffic]
2026-05-07 14:15:50,212 INFO     ___FILE_ONLY___ 
       
2026-05-07 14:15:50,212 INFO     ___FILE_ONLY___  [--vpc-connector=VPC_CONNECTOR]
2026-05-07 14:15:50,213 INFO     ___FILE_ONLY___  [--vpc-egress=VPC_EGRESS]
2026-05-07 14:15:50,213 INFO     ___FILE_ONLY___ 
       
2026-05-07 14:15:50,214 INFO     ___FILE_ONLY___  [--add-cloudsql-instances=[CLOUDSQL-INSTANCES,...]
2026-05-07 14:15:50,214 INFO     ___FILE_ONLY___ 
         
2026-05-07 14:15:50,215 INFO     ___FILE_ONLY___  | --clear-cloudsql-instances
2026-05-07 14:15:50,215 INFO     ___FILE_ONLY___ 
         
2026-05-07 14:15:50,216 INFO     ___FILE_ONLY___  | --remove-cloudsql-instances=[CLOUDSQL-INSTANCES,...]
2026-05-07 14:15:50,216 INFO     ___FILE_ONLY___ 
         
2026-05-07 14:15:50,217 INFO     ___FILE_ONLY___  | --set-cloudsql-instances=[CLOUDSQL-INSTANCES,...]]
2026-05-07 14:15:50,217 INFO     ___FILE_ONLY___ 
       
2026-05-07 14:15:50,218 INFO     ___FILE_ONLY___  [--add-custom-audiences=[CUSTOM-AUDIENCES,...]
2026-05-07 14:15:50,218 INFO     ___FILE_ONLY___ 
         
2026-05-07 14:15:50,219 INFO     ___FILE_ONLY___  | --clear-custom-audiences
2026-05-07 14:15:50,219 INFO     ___FILE_ONLY___ 
         
2026-05-07 14:15:50,220 INFO     ___FILE_ONLY___  | --remove-custom-audiences=[CUSTOM-AUDIENCES,...]
2026-05-07 14:15:50,220 INFO     ___FILE_ONLY___ 
         
2026-05-07 14:15:50,221 INFO     ___FILE_ONLY___  | --set-custom-audiences=[CUSTOM-AUDIENCES,...]]
2026-05-07 14:15:50,221 INFO     ___FILE_ONLY___ 
       
2026-05-07 14:15:50,221 INFO     ___FILE_ONLY___  [--add-volume=[KEY=VALUE,...]
2026-05-07 14:15:50,222 INFO     ___FILE_ONLY___ 
         
2026-05-07 14:15:50,222 INFO     ___FILE_ONLY___  --clear-volumes --remove-volume=[VOLUME,...]]
2026-05-07 14:15:50,223 INFO     ___FILE_ONLY___ 
       
2026-05-07 14:15:50,224 INFO     ___FILE_ONLY___  [--add-volume-mount=[volume=NAME,mount-path=MOUNT_PATH,...]
2026-05-07 14:15:50,225 INFO     ___FILE_ONLY___ 
         
2026-05-07 14:15:50,225 INFO     ___FILE_ONLY___  --args=[ARG,...]
2026-05-07 14:15:50,226 INFO     ___FILE_ONLY___  --[no-]automatic-updates
2026-05-07 14:15:50,227 INFO     ___FILE_ONLY___  --clear-volume-mounts
2026-05-07 14:15:50,228 INFO     ___FILE_ONLY___ 
         
2026-05-07 14:15:50,228 INFO     ___FILE_ONLY___  --cpu=CPU
2026-05-07 14:15:50,229 INFO     ___FILE_ONLY___  --depends-on=[CONTAINER,...]
2026-05-07 14:15:50,230 INFO     ___FILE_ONLY___  --gpu=GPU
2026-05-07 14:15:50,231 INFO     ___FILE_ONLY___ 
         
2026-05-07 14:15:50,232 INFO     ___FILE_ONLY___  --liveness-probe=[KEY=VALUE,...]
2026-05-07 14:15:50,232 INFO     ___FILE_ONLY___  --memory=MEMORY
2026-05-07 14:15:50,234 INFO     ___FILE_ONLY___  --port=PORT
2026-05-07 14:15:50,234 INFO     ___FILE_ONLY___ 
         
2026-05-07 14:15:50,235 INFO     ___FILE_ONLY___  --remove-volume-mount=[MOUNT_PATH,...]
2026-05-07 14:15:50,236 INFO     ___FILE_ONLY___ 
         
2026-05-07 14:15:50,236 INFO     ___FILE_ONLY___  --startup-probe=[KEY=VALUE,...]
2026-05-07 14:15:50,237 INFO     ___FILE_ONLY___ 
         
2026-05-07 14:15:50,237 INFO     ___FILE_ONLY___  --[no-]use-http2 --base-image=BASE_IMAGE
2026-05-07 14:15:50,238 INFO     ___FILE_ONLY___ 
         
2026-05-07 14:15:50,238 INFO     ___FILE_ONLY___  | --clear-base-image --build-env-vars-file=FILE_PATH
2026-05-07 14:15:50,239 INFO     ___FILE_ONLY___ 
         
2026-05-07 14:15:50,240 INFO     ___FILE_ONLY___  | --clear-build-env-vars
2026-05-07 14:15:50,240 INFO     ___FILE_ONLY___  | --set-build-env-vars=[KEY=VALUE,...]
2026-05-07 14:15:50,241 INFO     ___FILE_ONLY___ 
         
2026-05-07 14:15:50,241 INFO     ___FILE_ONLY___  | --remove-build-env-vars=[KEY,...]
2026-05-07 14:15:50,242 INFO     ___FILE_ONLY___ 
         
2026-05-07 14:15:50,243 INFO     ___FILE_ONLY___  --update-build-env-vars=[KEY=VALUE,...]
2026-05-07 14:15:50,243 INFO     ___FILE_ONLY___ 
         
2026-05-07 14:15:50,244 INFO     ___FILE_ONLY___  --build-service-account=BUILD_SERVICE_ACCOUNT
2026-05-07 14:15:50,245 INFO     ___FILE_ONLY___ 
         
2026-05-07 14:15:50,245 INFO     ___FILE_ONLY___  | --clear-build-service-account --build-worker-pool=BUILD_WORKER_POOL
2026-05-07 14:15:50,246 INFO     ___FILE_ONLY___ 
         
2026-05-07 14:15:50,247 INFO     ___FILE_ONLY___  | --clear-build-worker-pool --clear-env-vars
2026-05-07 14:15:50,247 INFO     ___FILE_ONLY___ 
         
2026-05-07 14:15:50,248 INFO     ___FILE_ONLY___  | --env-vars-file=FILE_PATH
2026-05-07 14:15:50,248 INFO     ___FILE_ONLY___  | --set-env-vars=[KEY=VALUE,...]
2026-05-07 14:15:50,249 INFO     ___FILE_ONLY___ 
         
2026-05-07 14:15:50,249 INFO     ___FILE_ONLY___  | --remove-env-vars=[KEY,...]
2026-05-07 14:15:50,250 INFO     ___FILE_ONLY___ 
         
2026-05-07 14:15:50,251 INFO     ___FILE_ONLY___  --update-env-vars=[KEY=VALUE,...] --clear-secrets
2026-05-07 14:15:50,251 INFO     ___FILE_ONLY___ 
         
2026-05-07 14:15:50,252 INFO     ___FILE_ONLY___  | --set-secrets=[KEY=VALUE,...]
2026-05-07 14:15:50,253 INFO     ___FILE_ONLY___  | --remove-secrets=[KEY,...]
2026-05-07 14:15:50,254 INFO     ___FILE_ONLY___ 
         
2026-05-07 14:15:50,255 INFO     ___FILE_ONLY___  --update-secrets=[KEY=VALUE,...] --command=[COMMAND,...]
2026-05-07 14:15:50,255 INFO     ___FILE_ONLY___ 
         
2026-05-07 14:15:50,256 INFO     ___FILE_ONLY___  | --function=FUNCTION --image=IMAGE --source=SOURCE]
2026-05-07 14:15:50,256 INFO     ___FILE_ONLY___ 
       
2026-05-07 14:15:50,257 INFO     ___FILE_ONLY___  [--binary-authorization=POLICY | --clear-binary-authorization]
2026-05-07 14:15:50,257 INFO     ___FILE_ONLY___ 
       
2026-05-07 14:15:50,258 INFO     ___FILE_ONLY___  [--clear-encryption-key-shutdown-hours
2026-05-07 14:15:50,258 INFO     ___FILE_ONLY___ 
         
2026-05-07 14:15:50,259 INFO     ___FILE_ONLY___  | --encryption-key-shutdown-hours=ENCRYPTION_KEY_SHUTDOWN_HOURS]
2026-05-07 14:15:50,259 INFO     ___FILE_ONLY___ 
       
2026-05-07 14:15:50,259 INFO     ___FILE_ONLY___  [--clear-key | --key=KEY]
2026-05-07 14:15:50,260 INFO     ___FILE_ONLY___ 
       
2026-05-07 14:15:50,260 INFO     ___FILE_ONLY___  [--clear-labels
2026-05-07 14:15:50,261 INFO     ___FILE_ONLY___  | --remove-labels=[KEY,...] --labels=[KEY=VALUE,...]
2026-05-07 14:15:50,261 INFO     ___FILE_ONLY___ 
         
2026-05-07 14:15:50,262 INFO     ___FILE_ONLY___  | --update-labels=[KEY=VALUE,...]]
2026-05-07 14:15:50,263 INFO     ___FILE_ONLY___ 
       
2026-05-07 14:15:50,263 INFO     ___FILE_ONLY___  [--clear-network
2026-05-07 14:15:50,264 INFO     ___FILE_ONLY___ 
         
2026-05-07 14:15:50,264 INFO     ___FILE_ONLY___  | --network=NETWORK --subnet=SUBNET --clear-network-tags
2026-05-07 14:15:50,265 INFO     ___FILE_ONLY___ 
         
2026-05-07 14:15:50,265 INFO     ___FILE_ONLY___  | --network-tags=[TAG,...]]
2026-05-07 14:15:50,266 INFO     ___FILE_ONLY___ 
       
2026-05-07 14:15:50,266 INFO     ___FILE_ONLY___  [--clear-post-key-revocation-action-type
2026-05-07 14:15:50,267 INFO     ___FILE_ONLY___ 
         
2026-05-07 14:15:50,268 INFO     ___FILE_ONLY___  | --post-key-revocation-action-type=POST_KEY_REVOCATION_ACTION_TYPE]
2026-05-07 14:15:50,268 INFO     ___FILE_ONLY___ 
       
2026-05-07 14:15:50,269 INFO     ___FILE_ONLY___  [GCLOUD_WIDE_FLAG ...]
2026-05-07 14:15:50,269 INFO     ___FILE_ONLY___ 


2026-05-07 14:15:50,270 INFO     ___FILE_ONLY___ 
2026-05-07 14:15:50,270 INFO     ___FILE_ONLY___ DESCRIPTION

2026-05-07 14:15:50,271 INFO     ___FILE_ONLY___    
2026-05-07 14:15:50,271 INFO     ___FILE_ONLY___  
2026-05-07 14:15:50,272 INFO     ___FILE_ONLY___ Creates
2026-05-07 14:15:50,272 INFO     ___FILE_ONLY___  
2026-05-07 14:15:50,273 INFO     ___FILE_ONLY___ or
2026-05-07 14:15:50,274 INFO     ___FILE_ONLY___  
2026-05-07 14:15:50,274 INFO     ___FILE_ONLY___ updates
2026-05-07 14:15:50,275 INFO     ___FILE_ONLY___  
2026-05-07 14:15:50,276 INFO     ___FILE_ONLY___ a
2026-05-07 14:15:50,277 INFO     ___FILE_ONLY___  
2026-05-07 14:15:50,277 INFO     ___FILE_ONLY___ Cloud
2026-05-07 14:15:50,278 INFO     ___FILE_ONLY___  
2026-05-07 14:15:50,278 INFO     ___FILE_ONLY___ Run
2026-05-07 14:15:50,279 INFO     ___FILE_ONLY___  
2026-05-07 14:15:50,280 INFO     ___FILE_ONLY___ service.
2026-05-07 14:15:50,281 INFO     ___FILE_ONLY___ 

2026-05-07 14:15:50,281 INFO     ___FILE_ONLY___ 

2026-05-07 14:15:50,282 INFO     ___FILE_ONLY___ 
2026-05-07 14:15:50,283 INFO     ___FILE_ONLY___ EXAMPLES

2026-05-07 14:15:50,283 INFO     ___FILE_ONLY___    
2026-05-07 14:15:50,284 INFO     ___FILE_ONLY___  
2026-05-07 14:15:50,284 INFO     ___FILE_ONLY___ To
2026-05-07 14:15:50,285 INFO     ___FILE_ONLY___  
2026-05-07 14:15:50,286 INFO     ___FILE_ONLY___ deploy
2026-05-07 14:15:50,286 INFO     ___FILE_ONLY___  
2026-05-07 14:15:50,287 INFO     ___FILE_ONLY___ a
2026-05-07 14:15:50,288 INFO     ___FILE_ONLY___  
2026-05-07 14:15:50,288 INFO     ___FILE_ONLY___ container
2026-05-07 14:15:50,289 INFO     ___FILE_ONLY___  
2026-05-07 14:15:50,289 INFO     ___FILE_ONLY___ to
2026-05-07 14:15:50,290 INFO     ___FILE_ONLY___  
2026-05-07 14:15:50,290 INFO     ___FILE_ONLY___ the
2026-05-07 14:15:50,291 INFO     ___FILE_ONLY___  
2026-05-07 14:15:50,291 INFO     ___FILE_ONLY___ service
2026-05-07 14:15:50,292 INFO     ___FILE_ONLY___  
2026-05-07 14:15:50,292 INFO     ___FILE_ONLY___ my-backend
2026-05-07 14:15:50,293 INFO     ___FILE_ONLY___  
2026-05-07 14:15:50,293 INFO     ___FILE_ONLY___ on
2026-05-07 14:15:50,294 INFO     ___FILE_ONLY___  
2026-05-07 14:15:50,294 INFO     ___FILE_ONLY___ Cloud
2026-05-07 14:15:50,295 INFO     ___FILE_ONLY___  
2026-05-07 14:15:50,295 INFO     ___FILE_ONLY___ Run:
2026-05-07 14:15:50,296 INFO     ___FILE_ONLY___ 

2026-05-07 14:15:50,297 INFO     ___FILE_ONLY___ 

2026-05-07 14:15:50,297 INFO     ___FILE_ONLY___         $ gcloud run deploy my-backend \

2026-05-07 14:15:50,298 INFO     ___FILE_ONLY___           --image=us-docker.pkg.dev/project/image

2026-05-07 14:15:50,298 INFO     ___FILE_ONLY___ 

2026-05-07 14:15:50,299 INFO     ___FILE_ONLY___    
2026-05-07 14:15:50,299 INFO     ___FILE_ONLY___  
2026-05-07 14:15:50,300 INFO     ___FILE_ONLY___ You
2026-05-07 14:15:50,300 INFO     ___FILE_ONLY___  
2026-05-07 14:15:50,301 INFO     ___FILE_ONLY___ may
2026-05-07 14:15:50,301 INFO     ___FILE_ONLY___  
2026-05-07 14:15:50,302 INFO     ___FILE_ONLY___ also
2026-05-07 14:15:50,302 INFO     ___FILE_ONLY___  
2026-05-07 14:15:50,303 INFO     ___FILE_ONLY___ omit
2026-05-07 14:15:50,303 INFO     ___FILE_ONLY___  
2026-05-07 14:15:50,304 INFO     ___FILE_ONLY___ the
2026-05-07 14:15:50,305 INFO     ___FILE_ONLY___  
2026-05-07 14:15:50,305 INFO     ___FILE_ONLY___ service
2026-05-07 14:15:50,306 INFO     ___FILE_ONLY___  
2026-05-07 14:15:50,306 INFO     ___FILE_ONLY___ name.
2026-05-07 14:15:50,307 INFO     ___FILE_ONLY___  
2026-05-07 14:15:50,308 INFO     ___FILE_ONLY___ Then
2026-05-07 14:15:50,308 INFO     ___FILE_ONLY___  
2026-05-07 14:15:50,309 INFO     ___FILE_ONLY___ a
2026-05-07 14:15:50,309 INFO     ___FILE_ONLY___  
2026-05-07 14:15:50,310 INFO     ___FILE_ONLY___ prompt
2026-05-07 14:15:50,310 INFO     ___FILE_ONLY___  
2026-05-07 14:15:50,311 INFO     ___FILE_ONLY___ will
2026-05-07 14:15:50,311 INFO     ___FILE_ONLY___  
2026-05-07 14:15:50,312 INFO     ___FILE_ONLY___ be
2026-05-07 14:15:50,312 INFO     ___FILE_ONLY___  
2026-05-07 14:15:50,313 INFO     ___FILE_ONLY___ displayed
2026-05-07 14:15:50,314 INFO     ___FILE_ONLY___  
2026-05-07 14:15:50,314 INFO     ___FILE_ONLY___ with
2026-05-07 14:15:50,315 INFO     ___FILE_ONLY___  
2026-05-07 14:15:50,316 INFO     ___FILE_ONLY___ a
2026-05-07 14:15:50,316 INFO     ___FILE_ONLY___ 

2026-05-07 14:15:50,317 INFO     ___FILE_ONLY___     
2026-05-07 14:15:50,317 INFO     ___FILE_ONLY___ suggested
2026-05-07 14:15:50,318 INFO     ___FILE_ONLY___  
2026-05-07 14:15:50,318 INFO     ___FILE_ONLY___ default
2026-05-07 14:15:50,319 INFO     ___FILE_ONLY___  
2026-05-07 14:15:50,319 INFO     ___FILE_ONLY___ value:
2026-05-07 14:15:50,320 INFO     ___FILE_ONLY___ 

2026-05-07 14:15:50,320 INFO     ___FILE_ONLY___ 

2026-05-07 14:15:50,321 INFO     ___FILE_ONLY___         $ gcloud run deploy --image=us-docker.pkg.dev/project/image

2026-05-07 14:15:50,321 INFO     ___FILE_ONLY___ 

2026-05-07 14:15:50,322 INFO     ___FILE_ONLY___    
2026-05-07 14:15:50,322 INFO     ___FILE_ONLY___  
2026-05-07 14:15:50,323 INFO     ___FILE_ONLY___ To
2026-05-07 14:15:50,323 INFO     ___FILE_ONLY___  
2026-05-07 14:15:50,324 INFO     ___FILE_ONLY___ deploy
2026-05-07 14:15:50,324 INFO     ___FILE_ONLY___  
2026-05-07 14:15:50,325 INFO     ___FILE_ONLY___ to
2026-05-07 14:15:50,325 INFO     ___FILE_ONLY___  
2026-05-07 14:15:50,326 INFO     ___FILE_ONLY___ Cloud
2026-05-07 14:15:50,326 INFO     ___FILE_ONLY___  
2026-05-07 14:15:50,327 INFO     ___FILE_ONLY___ Run
2026-05-07 14:15:50,327 INFO     ___FILE_ONLY___  
2026-05-07 14:15:50,328 INFO     ___FILE_ONLY___ on
2026-05-07 14:15:50,328 INFO     ___FILE_ONLY___  
2026-05-07 14:15:50,329 INFO     ___FILE_ONLY___ Kubernetes
2026-05-07 14:15:50,330 INFO     ___FILE_ONLY___  
2026-05-07 14:15:50,331 INFO     ___FILE_ONLY___ Engine,
2026-05-07 14:15:50,331 INFO     ___FILE_ONLY___  
2026-05-07 14:15:50,332 INFO     ___FILE_ONLY___ you
2026-05-07 14:15:50,332 INFO     ___FILE_ONLY___  
2026-05-07 14:15:50,333 INFO     ___FILE_ONLY___ need
2026-05-07 14:15:50,333 INFO     ___FILE_ONLY___  
2026-05-07 14:15:50,334 INFO     ___FILE_ONLY___ to
2026-05-07 14:15:50,334 INFO     ___FILE_ONLY___  
2026-05-07 14:15:50,335 INFO     ___FILE_ONLY___ specify
2026-05-07 14:15:50,335 INFO     ___FILE_ONLY___  
2026-05-07 14:15:50,336 INFO     ___FILE_ONLY___ a
2026-05-07 14:15:50,336 INFO     ___FILE_ONLY___  
2026-05-07 14:15:50,337 INFO     ___FILE_ONLY___ cluster:
2026-05-07 14:15:50,337 INFO     ___FILE_ONLY___ 

2026-05-07 14:15:50,338 INFO     ___FILE_ONLY___ 

2026-05-07 14:15:50,338 INFO     ___FILE_ONLY___         $ gcloud run deploy --image=us-docker.pkg.dev/project/image \

2026-05-07 14:15:50,339 INFO     ___FILE_ONLY___           --cluster=my-cluster

2026-05-07 14:15:50,339 INFO     ___FILE_ONLY___ 

2026-05-07 14:15:50,340 INFO     ___FILE_ONLY___ 
2026-05-07 14:15:50,340 INFO     ___FILE_ONLY___ POSITIONAL ARGUMENTS

2026-05-07 14:15:50,341 INFO     ___FILE_ONLY___     
2026-05-07 14:15:50,341 INFO     ___FILE_ONLY___  
2026-05-07 14:15:50,342 INFO     ___FILE_ONLY___ Service
2026-05-07 14:15:50,342 INFO     ___FILE_ONLY___  
2026-05-07 14:15:50,343 INFO     ___FILE_ONLY___ resource
2026-05-07 14:15:50,343 INFO     ___FILE_ONLY___  
2026-05-07 14:15:50,344 INFO     ___FILE_ONLY___ -
2026-05-07 14:15:50,344 INFO     ___FILE_ONLY___  
2026-05-07 14:15:50,345 INFO     ___FILE_ONLY___ Service
2026-05-07 14:15:50,345 INFO     ___FILE_ONLY___  
2026-05-07 14:15:50,346 INFO     ___FILE_ONLY___ to
2026-05-07 14:15:50,347 INFO     ___FILE_ONLY___  
2026-05-07 14:15:50,348 INFO     ___FILE_ONLY___ deploy
2026-05-07 14:15:50,348 INFO     ___FILE_ONLY___  
2026-05-07 14:15:50,349 INFO     ___FILE_ONLY___ to.
2026-05-07 14:15:50,349 INFO     ___FILE_ONLY___  
2026-05-07 14:15:50,350 INFO     ___FILE_ONLY___ The
2026-05-07 14:15:50,350 INFO     ___FILE_ONLY___  
2026-05-07 14:15:50,351 INFO     ___FILE_ONLY___ arguments
2026-05-07 14:15:50,351 INFO     ___FILE_ONLY___  
2026-05-07 14:15:50,352 INFO     ___FILE_ONLY___ in
2026-05-07 14:15:50,352 INFO     ___FILE_ONLY___  
2026-05-07 14:15:50,353 INFO     ___FILE_ONLY___ this
2026-05-07 14:15:50,353 INFO     ___FILE_ONLY___  
2026-05-07 14:15:50,354 INFO     ___FILE_ONLY___ group
2026-05-07 14:15:50,354 INFO     ___FILE_ONLY___  
2026-05-07 14:15:50,355 INFO     ___FILE_ONLY___ can
2026-05-07 14:15:50,355 INFO     ___FILE_ONLY___ 

2026-05-07 14:15:50,356 INFO     ___FILE_ONLY___      
2026-05-07 14:15:50,356 INFO     ___FILE_ONLY___ be
2026-05-07 14:15:50,357 INFO     ___FILE_ONLY___  
2026-05-07 14:15:50,357 INFO     ___FILE_ONLY___ used
2026-05-07 14:15:50,358 INFO     ___FILE_ONLY___  
2026-05-07 14:15:50,358 INFO     ___FILE_ONLY___ to
2026-05-07 14:15:50,359 INFO     ___FILE_ONLY___  
2026-05-07 14:15:50,359 INFO     ___FILE_ONLY___ specify
2026-05-07 14:15:50,360 INFO     ___FILE_ONLY___  
2026-05-07 14:15:50,360 INFO     ___FILE_ONLY___ the
2026-05-07 14:15:50,361 INFO     ___FILE_ONLY___  
2026-05-07 14:15:50,361 INFO     ___FILE_ONLY___ attributes
2026-05-07 14:15:50,362 INFO     ___FILE_ONLY___  
2026-05-07 14:15:50,362 INFO     ___FILE_ONLY___ of
2026-05-07 14:15:50,363 INFO     ___FILE_ONLY___  
2026-05-07 14:15:50,364 INFO     ___FILE_ONLY___ this
2026-05-07 14:15:50,364 INFO     ___FILE_ONLY___  
2026-05-07 14:15:50,365 INFO     ___FILE_ONLY___ resource.
2026-05-07 14:15:50,365 INFO     ___FILE_ONLY___ 

2026-05-07 14:15:50,366 INFO     ___FILE_ONLY___ 

2026-05-07 14:15:50,366 INFO     ___FILE_ONLY___      [SERVICE]

2026-05-07 14:15:50,367 INFO     ___FILE_ONLY___        
2026-05-07 14:15:50,367 INFO     ___FILE_ONLY___  
2026-05-07 14:15:50,368 INFO     ___FILE_ONLY___ ID
2026-05-07 14:15:50,368 INFO     ___FILE_ONLY___  
2026-05-07 14:15:50,369 INFO     ___FILE_ONLY___ of
2026-05-07 14:15:50,369 INFO     ___FILE_ONLY___  
2026-05-07 14:15:50,370 INFO     ___FILE_ONLY___ the
2026-05-07 14:15:50,370 INFO     ___FILE_ONLY___  
2026-05-07 14:15:50,371 INFO     ___FILE_ONLY___ service
2026-05-07 14:15:50,371 INFO     ___FILE_ONLY___  
2026-05-07 14:15:50,372 INFO     ___FILE_ONLY___ or
2026-05-07 14:15:50,372 INFO     ___FILE_ONLY___  
2026-05-07 14:15:50,373 INFO     ___FILE_ONLY___ fully
2026-05-07 14:15:50,373 INFO     ___FILE_ONLY___  
2026-05-07 14:15:50,374 INFO     ___FILE_ONLY___ qualified
2026-05-07 14:15:50,374 INFO     ___FILE_ONLY___  
2026-05-07 14:15:50,375 INFO     ___FILE_ONLY___ identifier
2026-05-07 14:15:50,375 INFO     ___FILE_ONLY___  
2026-05-07 14:15:50,376 INFO     ___FILE_ONLY___ for
2026-05-07 14:15:50,376 INFO     ___FILE_ONLY___  
2026-05-07 14:15:50,377 INFO     ___FILE_ONLY___ the
2026-05-07 14:15:50,377 INFO     ___FILE_ONLY___  
2026-05-07 14:15:50,377 INFO     ___FILE_ONLY___ service.
2026-05-07 14:15:50,378 INFO     ___FILE_ONLY___ 

2026-05-07 14:15:50,378 INFO     ___FILE_ONLY___ 

2026-05-07 14:15:50,379 INFO     ___FILE_ONLY___        
2026-05-07 14:15:50,380 INFO     ___FILE_ONLY___  
2026-05-07 14:15:50,381 INFO     ___FILE_ONLY___ To
2026-05-07 14:15:50,381 INFO     ___FILE_ONLY___  
2026-05-07 14:15:50,382 INFO     ___FILE_ONLY___ set
2026-05-07 14:15:50,382 INFO     ___FILE_ONLY___  
2026-05-07 14:15:50,383 INFO     ___FILE_ONLY___ the
2026-05-07 14:15:50,383 INFO     ___FILE_ONLY___  
2026-05-07 14:15:50,383 INFO     ___FILE_ONLY___ service
2026-05-07 14:15:50,384 INFO     ___FILE_ONLY___  
2026-05-07 14:15:50,384 INFO     ___FILE_ONLY___ attribute:
2026-05-07 14:15:50,385 INFO     ___FILE_ONLY___ 

2026-05-07 14:15:50,385 INFO     ___FILE_ONLY___         ◆
2026-05-07 14:15:50,386 INFO     ___FILE_ONLY___  
2026-05-07 14:15:50,386 INFO     ___FILE_ONLY___ provide
2026-05-07 14:15:50,387 INFO     ___FILE_ONLY___  
2026-05-07 14:15:50,387 INFO     ___FILE_ONLY___ the
2026-05-07 14:15:50,388 INFO     ___FILE_ONLY___  
2026-05-07 14:15:50,388 INFO     ___FILE_ONLY___ argument
2026-05-07 14:15:50,389 INFO     ___FILE_ONLY___  
2026-05-07 14:15:50,389 INFO     ___FILE_ONLY___ SERVICE
2026-05-07 14:15:50,390 INFO     ___FILE_ONLY___  
2026-05-07 14:15:50,390 INFO     ___FILE_ONLY___ on
2026-05-07 14:15:50,391 INFO     ___FILE_ONLY___  
2026-05-07 14:15:50,391 INFO     ___FILE_ONLY___ the
2026-05-07 14:15:50,392 INFO     ___FILE_ONLY___  
2026-05-07 14:15:50,392 INFO     ___FILE_ONLY___ command
2026-05-07 14:15:50,393 INFO     ___FILE_ONLY___  
2026-05-07 14:15:50,393 INFO     ___FILE_ONLY___ line;
2026-05-07 14:15:50,393 INFO     ___FILE_ONLY___ 

2026-05-07 14:15:50,394 INFO     ___FILE_ONLY___         ◆
2026-05-07 14:15:50,394 INFO     ___FILE_ONLY___  
2026-05-07 14:15:50,395 INFO     ___FILE_ONLY___ specify
2026-05-07 14:15:50,395 INFO     ___FILE_ONLY___  
2026-05-07 14:15:50,396 INFO     ___FILE_ONLY___ the
2026-05-07 14:15:50,397 INFO     ___FILE_ONLY___  
2026-05-07 14:15:50,397 INFO     ___FILE_ONLY___ service
2026-05-07 14:15:50,398 INFO     ___FILE_ONLY___  
2026-05-07 14:15:50,398 INFO     ___FILE_ONLY___ name
2026-05-07 14:15:50,399 INFO     ___FILE_ONLY___  
2026-05-07 14:15:50,399 INFO     ___FILE_ONLY___ from
2026-05-07 14:15:50,400 INFO     ___FILE_ONLY___  
2026-05-07 14:15:50,400 INFO     ___FILE_ONLY___ an
2026-05-07 14:15:50,401 INFO     ___FILE_ONLY___  
2026-05-07 14:15:50,401 INFO     ___FILE_ONLY___ interactive
2026-05-07 14:15:50,402 INFO     ___FILE_ONLY___  
2026-05-07 14:15:50,402 INFO     ___FILE_ONLY___ prompt.
2026-05-07 14:15:50,403 INFO     ___FILE_ONLY___ 

2026-05-07 14:15:50,403 INFO     ___FILE_ONLY___ 

2026-05-07 14:15:50,404 INFO     ___FILE_ONLY___      --namespace=NAMESPACE

2026-05-07 14:15:50,404 INFO     ___FILE_ONLY___        
2026-05-07 14:15:50,405 INFO     ___FILE_ONLY___  
2026-05-07 14:15:50,405 INFO     ___FILE_ONLY___ Specific
2026-05-07 14:15:50,406 INFO     ___FILE_ONLY___  
2026-05-07 14:15:50,406 INFO     ___FILE_ONLY___ to
2026-05-07 14:15:50,407 INFO     ___FILE_ONLY___  
2026-05-07 14:15:50,407 INFO     ___FILE_ONLY___ Cloud
2026-05-07 14:15:50,408 INFO     ___FILE_ONLY___  
2026-05-07 14:15:50,408 INFO     ___FILE_ONLY___ Run
2026-05-07 14:15:50,409 INFO     ___FILE_ONLY___  
2026-05-07 14:15:50,409 INFO     ___FILE_ONLY___ for
2026-05-07 14:15:50,409 INFO     ___FILE_ONLY___  
2026-05-07 14:15:50,410 INFO     ___FILE_ONLY___ Anthos:
2026-05-07 14:15:50,410 INFO     ___FILE_ONLY___  
2026-05-07 14:15:50,411 INFO     ___FILE_ONLY___ Kubernetes
2026-05-07 14:15:50,411 INFO     ___FILE_ONLY___  
2026-05-07 14:15:50,412 INFO     ___FILE_ONLY___ namespace
2026-05-07 14:15:50,413 INFO     ___FILE_ONLY___  
2026-05-07 14:15:50,413 INFO     ___FILE_ONLY___ for
2026-05-07 14:15:50,414 INFO     ___FILE_ONLY___  
2026-05-07 14:15:50,415 INFO     ___FILE_ONLY___ the
2026-05-07 14:15:50,415 INFO     ___FILE_ONLY___  
2026-05-07 14:15:50,416 INFO     ___FILE_ONLY___ service.
2026-05-07 14:15:50,416 INFO     ___FILE_ONLY___ 

2026-05-07 14:15:50,417 INFO     ___FILE_ONLY___ 

2026-05-07 14:15:50,417 INFO     ___FILE_ONLY___        
2026-05-07 14:15:50,418 INFO     ___FILE_ONLY___  
2026-05-07 14:15:50,418 INFO     ___FILE_ONLY___ To
2026-05-07 14:15:50,419 INFO     ___FILE_ONLY___  
2026-05-07 14:15:50,419 INFO     ___FILE_ONLY___ set
2026-05-07 14:15:50,419 INFO     ___FILE_ONLY___  
2026-05-07 14:15:50,420 INFO     ___FILE_ONLY___ the
2026-05-07 14:15:50,420 INFO     ___FILE_ONLY___  
2026-05-07 14:15:50,421 INFO     ___FILE_ONLY___ namespace
2026-05-07 14:15:50,421 INFO     ___FILE_ONLY___  
2026-05-07 14:15:50,422 INFO     ___FILE_ONLY___ attribute:
2026-05-07 14:15:50,422 INFO     ___FILE_ONLY___ 

2026-05-07 14:15:50,423 INFO     ___FILE_ONLY___         ◆
2026-05-07 14:15:50,423 INFO     ___FILE_ONLY___  
2026-05-07 14:15:50,424 INFO     ___FILE_ONLY___ provide
2026-05-07 14:15:50,424 INFO     ___FILE_ONLY___  
2026-05-07 14:15:50,425 INFO     ___FILE_ONLY___ the
2026-05-07 14:15:50,425 INFO     ___FILE_ONLY___  
2026-05-07 14:15:50,425 INFO     ___FILE_ONLY___ argument
2026-05-07 14:15:50,426 INFO     ___FILE_ONLY___  
2026-05-07 14:15:50,426 INFO     ___FILE_ONLY___ SERVICE
2026-05-07 14:15:50,427 INFO     ___FILE_ONLY___  
2026-05-07 14:15:50,427 INFO     ___FILE_ONLY___ on
2026-05-07 14:15:50,428 INFO     ___FILE_ONLY___  
2026-05-07 14:15:50,428 INFO     ___FILE_ONLY___ the
2026-05-07 14:15:50,429 INFO     ___FILE_ONLY___  
2026-05-07 14:15:50,429 INFO     ___FILE_ONLY___ command
2026-05-07 14:15:50,430 INFO     ___FILE_ONLY___  
2026-05-07 14:15:50,431 INFO     ___FILE_ONLY___ line
2026-05-07 14:15:50,431 INFO     ___FILE_ONLY___  
2026-05-07 14:15:50,432 INFO     ___FILE_ONLY___ with
2026-05-07 14:15:50,432 INFO     ___FILE_ONLY___  
2026-05-07 14:15:50,432 INFO     ___FILE_ONLY___ a
2026-05-07 14:15:50,433 INFO     ___FILE_ONLY___  
2026-05-07 14:15:50,433 INFO     ___FILE_ONLY___ fully
2026-05-07 14:15:50,434 INFO     ___FILE_ONLY___ 

2026-05-07 14:15:50,434 INFO     ___FILE_ONLY___           
2026-05-07 14:15:50,435 INFO     ___FILE_ONLY___ specified
2026-05-07 14:15:50,435 INFO     ___FILE_ONLY___  
2026-05-07 14:15:50,438 INFO     ___FILE_ONLY___ name;
2026-05-07 14:15:50,439 INFO     ___FILE_ONLY___ 

2026-05-07 14:15:50,439 INFO     ___FILE_ONLY___         ◆
2026-05-07 14:15:50,440 INFO     ___FILE_ONLY___  
2026-05-07 14:15:50,441 INFO     ___FILE_ONLY___ specify
2026-05-07 14:15:50,441 INFO     ___FILE_ONLY___  
2026-05-07 14:15:50,442 INFO     ___FILE_ONLY___ the
2026-05-07 14:15:50,442 INFO     ___FILE_ONLY___  
2026-05-07 14:15:50,442 INFO     ___FILE_ONLY___ service
2026-05-07 14:15:50,443 INFO     ___FILE_ONLY___  
2026-05-07 14:15:50,443 INFO     ___FILE_ONLY___ name
2026-05-07 14:15:50,444 INFO     ___FILE_ONLY___  
2026-05-07 14:15:50,444 INFO     ___FILE_ONLY___ from
2026-05-07 14:15:50,445 INFO     ___FILE_ONLY___  
2026-05-07 14:15:50,445 INFO     ___FILE_ONLY___ an
2026-05-07 14:15:50,446 INFO     ___FILE_ONLY___  
2026-05-07 14:15:50,447 INFO     ___FILE_ONLY___ interactive
2026-05-07 14:15:50,448 INFO     ___FILE_ONLY___  
2026-05-07 14:15:50,448 INFO     ___FILE_ONLY___ prompt
2026-05-07 14:15:50,449 INFO     ___FILE_ONLY___  
2026-05-07 14:15:50,449 INFO     ___FILE_ONLY___ with
2026-05-07 14:15:50,449 INFO     ___FILE_ONLY___  
2026-05-07 14:15:50,450 INFO     ___FILE_ONLY___ a
2026-05-07 14:15:50,450 INFO     ___FILE_ONLY___  
2026-05-07 14:15:50,451 INFO     ___FILE_ONLY___ fully
2026-05-07 14:15:50,451 INFO     ___FILE_ONLY___ 

2026-05-07 14:15:50,452 INFO     ___FILE_ONLY___           
2026-05-07 14:15:50,452 INFO     ___FILE_ONLY___ specified
2026-05-07 14:15:50,453 INFO     ___FILE_ONLY___  
2026-05-07 14:15:50,453 INFO     ___FILE_ONLY___ name;
2026-05-07 14:15:50,454 INFO     ___FILE_ONLY___ 

2026-05-07 14:15:50,454 INFO     ___FILE_ONLY___         ◆
2026-05-07 14:15:50,455 INFO     ___FILE_ONLY___  
2026-05-07 14:15:50,455 INFO     ___FILE_ONLY___ provide
2026-05-07 14:15:50,455 INFO     ___FILE_ONLY___  
2026-05-07 14:15:50,456 INFO     ___FILE_ONLY___ the
2026-05-07 14:15:50,456 INFO     ___FILE_ONLY___  
2026-05-07 14:15:50,457 INFO     ___FILE_ONLY___ argument
2026-05-07 14:15:50,457 INFO     ___FILE_ONLY___  
2026-05-07 14:15:50,458 INFO     ___FILE_ONLY___ --namespace
2026-05-07 14:15:50,458 INFO     ___FILE_ONLY___  
2026-05-07 14:15:50,459 INFO     ___FILE_ONLY___ on
2026-05-07 14:15:50,459 INFO     ___FILE_ONLY___  
2026-05-07 14:15:50,460 INFO     ___FILE_ONLY___ the
2026-05-07 14:15:50,460 INFO     ___FILE_ONLY___  
2026-05-07 14:15:50,460 INFO     ___FILE_ONLY___ command
2026-05-07 14:15:50,461 INFO     ___FILE_ONLY___  
2026-05-07 14:15:50,461 INFO     ___FILE_ONLY___ line;
2026-05-07 14:15:50,462 INFO     ___FILE_ONLY___ 

2026-05-07 14:15:50,462 INFO     ___FILE_ONLY___         ◆
2026-05-07 14:15:50,463 INFO     ___FILE_ONLY___  
2026-05-07 14:15:50,464 INFO     ___FILE_ONLY___ set
2026-05-07 14:15:50,464 INFO     ___FILE_ONLY___  
2026-05-07 14:15:50,465 INFO     ___FILE_ONLY___ the
2026-05-07 14:15:50,465 INFO     ___FILE_ONLY___  
2026-05-07 14:15:50,466 INFO     ___FILE_ONLY___ property
2026-05-07 14:15:50,466 INFO     ___FILE_ONLY___  
2026-05-07 14:15:50,466 INFO     ___FILE_ONLY___ run/namespace;
2026-05-07 14:15:50,467 INFO     ___FILE_ONLY___ 

2026-05-07 14:15:50,467 INFO     ___FILE_ONLY___         ◆
2026-05-07 14:15:50,468 INFO     ___FILE_ONLY___  
2026-05-07 14:15:50,468 INFO     ___FILE_ONLY___ For
2026-05-07 14:15:50,469 INFO     ___FILE_ONLY___  
2026-05-07 14:15:50,469 INFO     ___FILE_ONLY___ Cloud
2026-05-07 14:15:50,470 INFO     ___FILE_ONLY___  
2026-05-07 14:15:50,470 INFO     ___FILE_ONLY___ Run
2026-05-07 14:15:50,471 INFO     ___FILE_ONLY___  
2026-05-07 14:15:50,471 INFO     ___FILE_ONLY___ on
2026-05-07 14:15:50,471 INFO     ___FILE_ONLY___  
2026-05-07 14:15:50,472 INFO     ___FILE_ONLY___ Kubernetes
2026-05-07 14:15:50,472 INFO     ___FILE_ONLY___  
2026-05-07 14:15:50,473 INFO     ___FILE_ONLY___ Engine,
2026-05-07 14:15:50,473 INFO     ___FILE_ONLY___  
2026-05-07 14:15:50,474 INFO     ___FILE_ONLY___ defaults
2026-05-07 14:15:50,474 INFO     ___FILE_ONLY___  
2026-05-07 14:15:50,475 INFO     ___FILE_ONLY___ to
2026-05-07 14:15:50,475 INFO     ___FILE_ONLY___  
2026-05-07 14:15:50,476 INFO     ___FILE_ONLY___ "default".
2026-05-07 14:15:50,476 INFO     ___FILE_ONLY___ 

2026-05-07 14:15:50,476 INFO     ___FILE_ONLY___           
2026-05-07 14:15:50,477 INFO     ___FILE_ONLY___ Otherwise,
2026-05-07 14:15:50,477 INFO     ___FILE_ONLY___  
2026-05-07 14:15:50,478 INFO     ___FILE_ONLY___ defaults
2026-05-07 14:15:50,478 INFO     ___FILE_ONLY___  
2026-05-07 14:15:50,479 INFO     ___FILE_ONLY___ to
2026-05-07 14:15:50,479 INFO     ___FILE_ONLY___  
2026-05-07 14:15:50,480 INFO     ___FILE_ONLY___ project
2026-05-07 14:15:50,480 INFO     ___FILE_ONLY___  
2026-05-07 14:15:50,481 INFO     ___FILE_ONLY___ ID.;
2026-05-07 14:15:50,481 INFO     ___FILE_ONLY___ 

2026-05-07 14:15:50,482 INFO     ___FILE_ONLY___         ◆
2026-05-07 14:15:50,482 INFO     ___FILE_ONLY___  
2026-05-07 14:15:50,483 INFO     ___FILE_ONLY___ provide
2026-05-07 14:15:50,483 INFO     ___FILE_ONLY___  
2026-05-07 14:15:50,484 INFO     ___FILE_ONLY___ the
2026-05-07 14:15:50,484 INFO     ___FILE_ONLY___  
2026-05-07 14:15:50,485 INFO     ___FILE_ONLY___ argument
2026-05-07 14:15:50,485 INFO     ___FILE_ONLY___  
2026-05-07 14:15:50,485 INFO     ___FILE_ONLY___ project
2026-05-07 14:15:50,486 INFO     ___FILE_ONLY___  
2026-05-07 14:15:50,486 INFO     ___FILE_ONLY___ on
2026-05-07 14:15:50,487 INFO     ___FILE_ONLY___  
2026-05-07 14:15:50,487 INFO     ___FILE_ONLY___ the
2026-05-07 14:15:50,488 INFO     ___FILE_ONLY___  
2026-05-07 14:15:50,488 INFO     ___FILE_ONLY___ command
2026-05-07 14:15:50,489 INFO     ___FILE_ONLY___  
2026-05-07 14:15:50,489 INFO     ___FILE_ONLY___ line;
2026-05-07 14:15:50,490 INFO     ___FILE_ONLY___ 

2026-05-07 14:15:50,490 INFO     ___FILE_ONLY___         ◆
2026-05-07 14:15:50,490 INFO     ___FILE_ONLY___  
2026-05-07 14:15:50,491 INFO     ___FILE_ONLY___ set
2026-05-07 14:15:50,491 INFO     ___FILE_ONLY___  
2026-05-07 14:15:50,492 INFO     ___FILE_ONLY___ the
2026-05-07 14:15:50,492 INFO     ___FILE_ONLY___  
2026-05-07 14:15:50,493 INFO     ___FILE_ONLY___ property
2026-05-07 14:15:50,493 INFO     ___FILE_ONLY___  
2026-05-07 14:15:50,494 INFO     ___FILE_ONLY___ core/project.
2026-05-07 14:15:50,494 INFO     ___FILE_ONLY___ 

2026-05-07 14:15:50,494 INFO     ___FILE_ONLY___ 

2026-05-07 14:15:50,495 INFO     ___FILE_ONLY___ 
2026-05-07 14:15:50,495 INFO     ___FILE_ONLY___ FLAGS

2026-05-07 14:15:50,496 INFO     ___FILE_ONLY___      --[no-]allow-unauthenticated

2026-05-07 14:15:50,497 INFO     ___FILE_ONLY___        
2026-05-07 14:15:50,497 INFO     ___FILE_ONLY___  
2026-05-07 14:15:50,498 INFO     ___FILE_ONLY___ Whether
2026-05-07 14:15:50,498 INFO     ___FILE_ONLY___  
2026-05-07 14:15:50,499 INFO     ___FILE_ONLY___ to
2026-05-07 14:15:50,499 INFO     ___FILE_ONLY___  
2026-05-07 14:15:50,500 INFO     ___FILE_ONLY___ enable
2026-05-07 14:15:50,500 INFO     ___FILE_ONLY___  
2026-05-07 14:15:50,500 INFO     ___FILE_ONLY___ allowing
2026-05-07 14:15:50,501 INFO     ___FILE_ONLY___  
2026-05-07 14:15:50,501 INFO     ___FILE_ONLY___ unauthenticated
2026-05-07 14:15:50,502 INFO     ___FILE_ONLY___  
2026-05-07 14:15:50,502 INFO     ___FILE_ONLY___ access
2026-05-07 14:15:50,503 INFO     ___FILE_ONLY___  
2026-05-07 14:15:50,503 INFO     ___FILE_ONLY___ to
2026-05-07 14:15:50,504 INFO     ___FILE_ONLY___  
2026-05-07 14:15:50,504 INFO     ___FILE_ONLY___ the
2026-05-07 14:15:50,504 INFO     ___FILE_ONLY___  
2026-05-07 14:15:50,505 INFO     ___FILE_ONLY___ service.
2026-05-07 14:15:50,505 INFO     ___FILE_ONLY___  
2026-05-07 14:15:50,506 INFO     ___FILE_ONLY___ This
2026-05-07 14:15:50,506 INFO     ___FILE_ONLY___ 

2026-05-07 14:15:50,507 INFO     ___FILE_ONLY___         
2026-05-07 14:15:50,507 INFO     ___FILE_ONLY___ may
2026-05-07 14:15:50,508 INFO     ___FILE_ONLY___  
2026-05-07 14:15:50,508 INFO     ___FILE_ONLY___ take
2026-05-07 14:15:50,509 INFO     ___FILE_ONLY___  
2026-05-07 14:15:50,509 INFO     ___FILE_ONLY___ a
2026-05-07 14:15:50,509 INFO     ___FILE_ONLY___  
2026-05-07 14:15:50,510 INFO     ___FILE_ONLY___ few
2026-05-07 14:15:50,510 INFO     ___FILE_ONLY___  
2026-05-07 14:15:50,511 INFO     ___FILE_ONLY___ moments
2026-05-07 14:15:50,511 INFO     ___FILE_ONLY___  
2026-05-07 14:15:50,512 INFO     ___FILE_ONLY___ to
2026-05-07 14:15:50,512 INFO     ___FILE_ONLY___  
2026-05-07 14:15:50,513 INFO     ___FILE_ONLY___ take
2026-05-07 14:15:50,514 INFO     ___FILE_ONLY___  
2026-05-07 14:15:50,515 INFO     ___FILE_ONLY___ effect.
2026-05-07 14:15:50,515 INFO     ___FILE_ONLY___  
2026-05-07 14:15:50,516 INFO     ___FILE_ONLY___ Use
2026-05-07 14:15:50,516 INFO     ___FILE_ONLY___  
2026-05-07 14:15:50,517 INFO     ___FILE_ONLY___ --allow-unauthenticated
2026-05-07 14:15:50,517 INFO     ___FILE_ONLY___  
2026-05-07 14:15:50,518 INFO     ___FILE_ONLY___ to
2026-05-07 14:15:50,518 INFO     ___FILE_ONLY___ 

2026-05-07 14:15:50,518 INFO     ___FILE_ONLY___         
2026-05-07 14:15:50,519 INFO     ___FILE_ONLY___ enable
2026-05-07 14:15:50,519 INFO     ___FILE_ONLY___  
2026-05-07 14:15:50,520 INFO     ___FILE_ONLY___ and
2026-05-07 14:15:50,520 INFO     ___FILE_ONLY___  
2026-05-07 14:15:50,520 INFO     ___FILE_ONLY___ --no-allow-unauthenticated
2026-05-07 14:15:50,521 INFO     ___FILE_ONLY___  
2026-05-07 14:15:50,521 INFO     ___FILE_ONLY___ to
2026-05-07 14:15:50,522 INFO     ___FILE_ONLY___  
2026-05-07 14:15:50,522 INFO     ___FILE_ONLY___ disable.
2026-05-07 14:15:50,523 INFO     ___FILE_ONLY___ 

2026-05-07 14:15:50,523 INFO     ___FILE_ONLY___ 

2026-05-07 14:15:50,523 INFO     ___FILE_ONLY___      --async

2026-05-07 14:15:50,524 INFO     ___FILE_ONLY___        
2026-05-07 14:15:50,524 INFO     ___FILE_ONLY___  
2026-05-07 14:15:50,525 INFO     ___FILE_ONLY___ Return
2026-05-07 14:15:50,525 INFO     ___FILE_ONLY___  
2026-05-07 14:15:50,526 INFO     ___FILE_ONLY___ immediately,
2026-05-07 14:15:50,526 INFO     ___FILE_ONLY___  
2026-05-07 14:15:50,527 INFO     ___FILE_ONLY___ without
2026-05-07 14:15:50,527 INFO     ___FILE_ONLY___  
2026-05-07 14:15:50,527 INFO     ___FILE_ONLY___ waiting
2026-05-07 14:15:50,528 INFO     ___FILE_ONLY___  
2026-05-07 14:15:50,528 INFO     ___FILE_ONLY___ for
2026-05-07 14:15:50,529 INFO     ___FILE_ONLY___  
2026-05-07 14:15:50,530 INFO     ___FILE_ONLY___ the
2026-05-07 14:15:50,530 INFO     ___FILE_ONLY___  
2026-05-07 14:15:50,531 INFO     ___FILE_ONLY___ operation
2026-05-07 14:15:50,531 INFO     ___FILE_ONLY___  
2026-05-07 14:15:50,532 INFO     ___FILE_ONLY___ in
2026-05-07 14:15:50,532 INFO     ___FILE_ONLY___  
2026-05-07 14:15:50,532 INFO     ___FILE_ONLY___ progress
2026-05-07 14:15:50,533 INFO     ___FILE_ONLY___  
2026-05-07 14:15:50,533 INFO     ___FILE_ONLY___ to
2026-05-07 14:15:50,534 INFO     ___FILE_ONLY___ 

2026-05-07 14:15:50,534 INFO     ___FILE_ONLY___         
2026-05-07 14:15:50,535 INFO     ___FILE_ONLY___ complete.
2026-05-07 14:15:50,535 INFO     ___FILE_ONLY___ 

2026-05-07 14:15:50,536 INFO     ___FILE_ONLY___ 

2026-05-07 14:15:50,536 INFO     ___FILE_ONLY___      --breakglass=JUSTIFICATION

2026-05-07 14:15:50,537 INFO     ___FILE_ONLY___        
2026-05-07 14:15:50,537 INFO     ___FILE_ONLY___  
2026-05-07 14:15:50,538 INFO     ___FILE_ONLY___ Justification
2026-05-07 14:15:50,538 INFO     ___FILE_ONLY___  
2026-05-07 14:15:50,538 INFO     ___FILE_ONLY___ to
2026-05-07 14:15:50,539 INFO     ___FILE_ONLY___  
2026-05-07 14:15:50,539 INFO     ___FILE_ONLY___ bypass
2026-05-07 14:15:50,540 INFO     ___FILE_ONLY___  
2026-05-07 14:15:50,540 INFO     ___FILE_ONLY___ Binary
2026-05-07 14:15:50,541 INFO     ___FILE_ONLY___  
2026-05-07 14:15:50,541 INFO     ___FILE_ONLY___ Authorization
2026-05-07 14:15:50,542 INFO     ___FILE_ONLY___  
2026-05-07 14:15:50,542 INFO     ___FILE_ONLY___ policy
2026-05-07 14:15:50,543 INFO     ___FILE_ONLY___  
2026-05-07 14:15:50,543 INFO     ___FILE_ONLY___ constraints
2026-05-07 14:15:50,543 INFO     ___FILE_ONLY___  
2026-05-07 14:15:50,544 INFO     ___FILE_ONLY___ and
2026-05-07 14:15:50,544 INFO     ___FILE_ONLY___ 

2026-05-07 14:15:50,545 INFO     ___FILE_ONLY___         
2026-05-07 14:15:50,545 INFO     ___FILE_ONLY___ allow
2026-05-07 14:15:50,546 INFO     ___FILE_ONLY___  
2026-05-07 14:15:50,547 INFO     ___FILE_ONLY___ the
2026-05-07 14:15:50,547 INFO     ___FILE_ONLY___  
2026-05-07 14:15:50,548 INFO     ___FILE_ONLY___ operation.
2026-05-07 14:15:50,548 INFO     ___FILE_ONLY___  
2026-05-07 14:15:50,548 INFO     ___FILE_ONLY___ See
2026-05-07 14:15:50,549 INFO     ___FILE_ONLY___ 

2026-05-07 14:15:50,549 INFO     ___FILE_ONLY___         
2026-05-07 14:15:50,550 INFO     ___FILE_ONLY___ https://cloud.google.com/binary-authorization/docs/using-breakglass
2026-05-07 14:15:50,550 INFO     ___FILE_ONLY___  
2026-05-07 14:15:50,551 INFO     ___FILE_ONLY___ for
2026-05-07 14:15:50,551 INFO     ___FILE_ONLY___ 

2026-05-07 14:15:50,552 INFO     ___FILE_ONLY___         
2026-05-07 14:15:50,552 INFO     ___FILE_ONLY___ more
2026-05-07 14:15:50,553 INFO     ___FILE_ONLY___  
2026-05-07 14:15:50,553 INFO     ___FILE_ONLY___ information.
2026-05-07 14:15:50,553 INFO     ___FILE_ONLY___  
2026-05-07 14:15:50,554 INFO     ___FILE_ONLY___ Next
2026-05-07 14:15:50,554 INFO     ___FILE_ONLY___  
2026-05-07 14:15:50,555 INFO     ___FILE_ONLY___ update
2026-05-07 14:15:50,555 INFO     ___FILE_ONLY___  
2026-05-07 14:15:50,556 INFO     ___FILE_ONLY___ or
2026-05-07 14:15:50,556 INFO     ___FILE_ONLY___  
2026-05-07 14:15:50,557 INFO     ___FILE_ONLY___ deploy
2026-05-07 14:15:50,557 INFO     ___FILE_ONLY___  
2026-05-07 14:15:50,557 INFO     ___FILE_ONLY___ command
2026-05-07 14:15:50,558 INFO     ___FILE_ONLY___  
2026-05-07 14:15:50,558 INFO     ___FILE_ONLY___ will
2026-05-07 14:15:50,559 INFO     ___FILE_ONLY___  
2026-05-07 14:15:50,559 INFO     ___FILE_ONLY___ automatically
2026-05-07 14:15:50,560 INFO     ___FILE_ONLY___ 

2026-05-07 14:15:50,560 INFO     ___FILE_ONLY___         
2026-05-07 14:15:50,560 INFO     ___FILE_ONLY___ clear
2026-05-07 14:15:50,561 INFO     ___FILE_ONLY___  
2026-05-07 14:15:50,561 INFO     ___FILE_ONLY___ existing
2026-05-07 14:15:50,562 INFO     ___FILE_ONLY___  
2026-05-07 14:15:50,562 INFO     ___FILE_ONLY___ breakglass
2026-05-07 14:15:50,563 INFO     ___FILE_ONLY___  
2026-05-07 14:15:50,564 INFO     ___FILE_ONLY___ justification.
2026-05-07 14:15:50,564 INFO     ___FILE_ONLY___ 

2026-05-07 14:15:50,565 INFO     ___FILE_ONLY___ 

2026-05-07 14:15:50,565 INFO     ___FILE_ONLY___      --clear-vpc-connector

2026-05-07 14:15:50,566 INFO     ___FILE_ONLY___        
2026-05-07 14:15:50,566 INFO     ___FILE_ONLY___  
2026-05-07 14:15:50,566 INFO     ___FILE_ONLY___ Remove
2026-05-07 14:15:50,567 INFO     ___FILE_ONLY___  
2026-05-07 14:15:50,567 INFO     ___FILE_ONLY___ the
2026-05-07 14:15:50,568 INFO     ___FILE_ONLY___  
2026-05-07 14:15:50,568 INFO     ___FILE_ONLY___ VPC
2026-05-07 14:15:50,569 INFO     ___FILE_ONLY___  
2026-05-07 14:15:50,569 INFO     ___FILE_ONLY___ connector
2026-05-07 14:15:50,569 INFO     ___FILE_ONLY___  
2026-05-07 14:15:50,570 INFO     ___FILE_ONLY___ for
2026-05-07 14:15:50,570 INFO     ___FILE_ONLY___  
2026-05-07 14:15:50,571 INFO     ___FILE_ONLY___ this
2026-05-07 14:15:50,571 INFO     ___FILE_ONLY___  
2026-05-07 14:15:50,572 INFO     ___FILE_ONLY___ resource.
2026-05-07 14:15:50,572 INFO     ___FILE_ONLY___ 

2026-05-07 14:15:50,573 INFO     ___FILE_ONLY___ 

2026-05-07 14:15:50,573 INFO     ___FILE_ONLY___      --concurrency=CONCURRENCY

2026-05-07 14:15:50,574 INFO     ___FILE_ONLY___        
2026-05-07 14:15:50,574 INFO     ___FILE_ONLY___  
2026-05-07 14:15:50,575 INFO     ___FILE_ONLY___ Set
2026-05-07 14:15:50,575 INFO     ___FILE_ONLY___  
2026-05-07 14:15:50,575 INFO     ___FILE_ONLY___ the
2026-05-07 14:15:50,576 INFO     ___FILE_ONLY___  
2026-05-07 14:15:50,576 INFO     ___FILE_ONLY___ maximum
2026-05-07 14:15:50,577 INFO     ___FILE_ONLY___  
2026-05-07 14:15:50,577 INFO     ___FILE_ONLY___ number
2026-05-07 14:15:50,578 INFO     ___FILE_ONLY___  
2026-05-07 14:15:50,578 INFO     ___FILE_ONLY___ of
2026-05-07 14:15:50,579 INFO     ___FILE_ONLY___  
2026-05-07 14:15:50,579 INFO     ___FILE_ONLY___ concurrent
2026-05-07 14:15:50,580 INFO     ___FILE_ONLY___  
2026-05-07 14:15:50,580 INFO     ___FILE_ONLY___ requests
2026-05-07 14:15:50,581 INFO     ___FILE_ONLY___  
2026-05-07 14:15:50,581 INFO     ___FILE_ONLY___ allowed
2026-05-07 14:15:50,582 INFO     ___FILE_ONLY___  
2026-05-07 14:15:50,582 INFO     ___FILE_ONLY___ per
2026-05-07 14:15:50,583 INFO     ___FILE_ONLY___  
2026-05-07 14:15:50,583 INFO     ___FILE_ONLY___ container
2026-05-07 14:15:50,583 INFO     ___FILE_ONLY___ 

2026-05-07 14:15:50,584 INFO     ___FILE_ONLY___         
2026-05-07 14:15:50,584 INFO     ___FILE_ONLY___ instance.
2026-05-07 14:15:50,585 INFO     ___FILE_ONLY___  
2026-05-07 14:15:50,585 INFO     ___FILE_ONLY___ Leave
2026-05-07 14:15:50,586 INFO     ___FILE_ONLY___  
2026-05-07 14:15:50,586 INFO     ___FILE_ONLY___ concurrency
2026-05-07 14:15:50,587 INFO     ___FILE_ONLY___  
2026-05-07 14:15:50,587 INFO     ___FILE_ONLY___ unspecified
2026-05-07 14:15:50,587 INFO     ___FILE_ONLY___  
2026-05-07 14:15:50,588 INFO     ___FILE_ONLY___ or
2026-05-07 14:15:50,588 INFO     ___FILE_ONLY___  
2026-05-07 14:15:50,589 INFO     ___FILE_ONLY___ provide
2026-05-07 14:15:50,589 INFO     ___FILE_ONLY___  
2026-05-07 14:15:50,590 INFO     ___FILE_ONLY___ the
2026-05-07 14:15:50,590 INFO     ___FILE_ONLY___  
2026-05-07 14:15:50,590 INFO     ___FILE_ONLY___ special
2026-05-07 14:15:50,591 INFO     ___FILE_ONLY___  
2026-05-07 14:15:50,591 INFO     ___FILE_ONLY___ value
2026-05-07 14:15:50,592 INFO     ___FILE_ONLY___ 

2026-05-07 14:15:50,592 INFO     ___FILE_ONLY___         
2026-05-07 14:15:50,593 INFO     ___FILE_ONLY___ 'default'
2026-05-07 14:15:50,593 INFO     ___FILE_ONLY___  
2026-05-07 14:15:50,594 INFO     ___FILE_ONLY___ to
2026-05-07 14:15:50,594 INFO     ___FILE_ONLY___  
2026-05-07 14:15:50,594 INFO     ___FILE_ONLY___ receive
2026-05-07 14:15:50,595 INFO     ___FILE_ONLY___  
2026-05-07 14:15:50,595 INFO     ___FILE_ONLY___ the
2026-05-07 14:15:50,596 INFO     ___FILE_ONLY___  
2026-05-07 14:15:50,597 INFO     ___FILE_ONLY___ server
2026-05-07 14:15:50,597 INFO     ___FILE_ONLY___  
2026-05-07 14:15:50,598 INFO     ___FILE_ONLY___ default
2026-05-07 14:15:50,598 INFO     ___FILE_ONLY___  
2026-05-07 14:15:50,598 INFO     ___FILE_ONLY___ value.
2026-05-07 14:15:50,599 INFO     ___FILE_ONLY___ 

2026-05-07 14:15:50,599 INFO     ___FILE_ONLY___ 

2026-05-07 14:15:50,600 INFO     ___FILE_ONLY___      --container=CONTAINER

2026-05-07 14:15:50,600 INFO     ___FILE_ONLY___        
2026-05-07 14:15:50,601 INFO     ___FILE_ONLY___  
2026-05-07 14:15:50,601 INFO     ___FILE_ONLY___ Specifies
2026-05-07 14:15:50,602 INFO     ___FILE_ONLY___  
2026-05-07 14:15:50,602 INFO     ___FILE_ONLY___ a
2026-05-07 14:15:50,603 INFO     ___FILE_ONLY___  
2026-05-07 14:15:50,603 INFO     ___FILE_ONLY___ container
2026-05-07 14:15:50,603 INFO     ___FILE_ONLY___  
2026-05-07 14:15:50,604 INFO     ___FILE_ONLY___ by
2026-05-07 14:15:50,604 INFO     ___FILE_ONLY___  
2026-05-07 14:15:50,605 INFO     ___FILE_ONLY___ name.
2026-05-07 14:15:50,605 INFO     ___FILE_ONLY___  
2026-05-07 14:15:50,606 INFO     ___FILE_ONLY___ Flags
2026-05-07 14:15:50,606 INFO     ___FILE_ONLY___  
2026-05-07 14:15:50,607 INFO     ___FILE_ONLY___ following
2026-05-07 14:15:50,607 INFO     ___FILE_ONLY___  
2026-05-07 14:15:50,608 INFO     ___FILE_ONLY___ --container
2026-05-07 14:15:50,608 INFO     ___FILE_ONLY___  
2026-05-07 14:15:50,609 INFO     ___FILE_ONLY___ will
2026-05-07 14:15:50,609 INFO     ___FILE_ONLY___  
2026-05-07 14:15:50,609 INFO     ___FILE_ONLY___ apply
2026-05-07 14:15:50,610 INFO     ___FILE_ONLY___ 

2026-05-07 14:15:50,610 INFO     ___FILE_ONLY___         
2026-05-07 14:15:50,611 INFO     ___FILE_ONLY___ to
2026-05-07 14:15:50,611 INFO     ___FILE_ONLY___  
2026-05-07 14:15:50,612 INFO     ___FILE_ONLY___ the
2026-05-07 14:15:50,612 INFO     ___FILE_ONLY___  
2026-05-07 14:15:50,613 INFO     ___FILE_ONLY___ specified
2026-05-07 14:15:50,613 INFO     ___FILE_ONLY___  
2026-05-07 14:15:50,614 INFO     ___FILE_ONLY___ container.
2026-05-07 14:15:50,614 INFO     ___FILE_ONLY___ 

2026-05-07 14:15:50,615 INFO     ___FILE_ONLY___ 

2026-05-07 14:15:50,615 INFO     ___FILE_ONLY___        
2026-05-07 14:15:50,616 INFO     ___FILE_ONLY___  
2026-05-07 14:15:50,616 INFO     ___FILE_ONLY___ Flags
2026-05-07 14:15:50,617 INFO     ___FILE_ONLY___  
2026-05-07 14:15:50,617 INFO     ___FILE_ONLY___ that
2026-05-07 14:15:50,618 INFO     ___FILE_ONLY___  
2026-05-07 14:15:50,618 INFO     ___FILE_ONLY___ are
2026-05-07 14:15:50,618 INFO     ___FILE_ONLY___  
2026-05-07 14:15:50,619 INFO     ___FILE_ONLY___ not
2026-05-07 14:15:50,619 INFO     ___FILE_ONLY___  
2026-05-07 14:15:50,620 INFO     ___FILE_ONLY___ container-specific
2026-05-07 14:15:50,620 INFO     ___FILE_ONLY___  
2026-05-07 14:15:50,621 INFO     ___FILE_ONLY___ must
2026-05-07 14:15:50,621 INFO     ___FILE_ONLY___  
2026-05-07 14:15:50,622 INFO     ___FILE_ONLY___ be
2026-05-07 14:15:50,622 INFO     ___FILE_ONLY___  
2026-05-07 14:15:50,622 INFO     ___FILE_ONLY___ specified
2026-05-07 14:15:50,623 INFO     ___FILE_ONLY___  
2026-05-07 14:15:50,623 INFO     ___FILE_ONLY___ before
2026-05-07 14:15:50,624 INFO     ___FILE_ONLY___ 

2026-05-07 14:15:50,624 INFO     ___FILE_ONLY___         
2026-05-07 14:15:50,625 INFO     ___FILE_ONLY___ --container.
2026-05-07 14:15:50,625 INFO     ___FILE_ONLY___ 

2026-05-07 14:15:50,626 INFO     ___FILE_ONLY___ 

2026-05-07 14:15:50,626 INFO     ___FILE_ONLY___      --[no-]cpu-boost

2026-05-07 14:15:50,627 INFO     ___FILE_ONLY___        
2026-05-07 14:15:50,627 INFO     ___FILE_ONLY___  
2026-05-07 14:15:50,628 INFO     ___FILE_ONLY___ Whether
2026-05-07 14:15:50,628 INFO     ___FILE_ONLY___  
2026-05-07 14:15:50,628 INFO     ___FILE_ONLY___ to
2026-05-07 14:15:50,629 INFO     ___FILE_ONLY___  
2026-05-07 14:15:50,630 INFO     ___FILE_ONLY___ allocate
2026-05-07 14:15:50,630 INFO     ___FILE_ONLY___  
2026-05-07 14:15:50,631 INFO     ___FILE_ONLY___ extra
2026-05-07 14:15:50,631 INFO     ___FILE_ONLY___  
2026-05-07 14:15:50,632 INFO     ___FILE_ONLY___ CPU
2026-05-07 14:15:50,632 INFO     ___FILE_ONLY___  
2026-05-07 14:15:50,633 INFO     ___FILE_ONLY___ to
2026-05-07 14:15:50,633 INFO     ___FILE_ONLY___  
2026-05-07 14:15:50,633 INFO     ___FILE_ONLY___ containers
2026-05-07 14:15:50,634 INFO     ___FILE_ONLY___  
2026-05-07 14:15:50,634 INFO     ___FILE_ONLY___ on
2026-05-07 14:15:50,635 INFO     ___FILE_ONLY___  
2026-05-07 14:15:50,635 INFO     ___FILE_ONLY___ startup
2026-05-07 14:15:50,636 INFO     ___FILE_ONLY___  
2026-05-07 14:15:50,636 INFO     ___FILE_ONLY___ to
2026-05-07 14:15:50,637 INFO     ___FILE_ONLY___  
2026-05-07 14:15:50,637 INFO     ___FILE_ONLY___ reduce
2026-05-07 14:15:50,637 INFO     ___FILE_ONLY___  
2026-05-07 14:15:50,638 INFO     ___FILE_ONLY___ the
2026-05-07 14:15:50,638 INFO     ___FILE_ONLY___ 

2026-05-07 14:15:50,639 INFO     ___FILE_ONLY___         
2026-05-07 14:15:50,639 INFO     ___FILE_ONLY___ perceived
2026-05-07 14:15:50,640 INFO     ___FILE_ONLY___  
2026-05-07 14:15:50,640 INFO     ___FILE_ONLY___ latency
2026-05-07 14:15:50,641 INFO     ___FILE_ONLY___  
2026-05-07 14:15:50,641 INFO     ___FILE_ONLY___ of
2026-05-07 14:15:50,641 INFO     ___FILE_ONLY___  
2026-05-07 14:15:50,642 INFO     ___FILE_ONLY___ a
2026-05-07 14:15:50,642 INFO     ___FILE_ONLY___  
2026-05-07 14:15:50,643 INFO     ___FILE_ONLY___ cold
2026-05-07 14:15:50,643 INFO     ___FILE_ONLY___  
2026-05-07 14:15:50,644 INFO     ___FILE_ONLY___ start
2026-05-07 14:15:50,644 INFO     ___FILE_ONLY___  
2026-05-07 14:15:50,645 INFO     ___FILE_ONLY___ request.
2026-05-07 14:15:50,645 INFO     ___FILE_ONLY___  
2026-05-07 14:15:50,645 INFO     ___FILE_ONLY___ Enabled
2026-05-07 14:15:50,646 INFO     ___FILE_ONLY___  
2026-05-07 14:15:50,647 INFO     ___FILE_ONLY___ by
2026-05-07 14:15:50,647 INFO     ___FILE_ONLY___  
2026-05-07 14:15:50,648 INFO     ___FILE_ONLY___ default
2026-05-07 14:15:50,648 INFO     ___FILE_ONLY___  
2026-05-07 14:15:50,649 INFO     ___FILE_ONLY___ when
2026-05-07 14:15:50,649 INFO     ___FILE_ONLY___ 

2026-05-07 14:15:50,649 INFO     ___FILE_ONLY___         
2026-05-07 14:15:50,650 INFO     ___FILE_ONLY___ unspecified
2026-05-07 14:15:50,650 INFO     ___FILE_ONLY___  
2026-05-07 14:15:50,651 INFO     ___FILE_ONLY___ on
2026-05-07 14:15:50,651 INFO     ___FILE_ONLY___  
2026-05-07 14:15:50,652 INFO     ___FILE_ONLY___ new
2026-05-07 14:15:50,652 INFO     ___FILE_ONLY___  
2026-05-07 14:15:50,653 INFO     ___FILE_ONLY___ services.
2026-05-07 14:15:50,653 INFO     ___FILE_ONLY___  
2026-05-07 14:15:50,654 INFO     ___FILE_ONLY___ Use
2026-05-07 14:15:50,654 INFO     ___FILE_ONLY___  
2026-05-07 14:15:50,654 INFO     ___FILE_ONLY___ --cpu-boost
2026-05-07 14:15:50,655 INFO     ___FILE_ONLY___  
2026-05-07 14:15:50,655 INFO     ___FILE_ONLY___ to
2026-05-07 14:15:50,656 INFO     ___FILE_ONLY___  
2026-05-07 14:15:50,656 INFO     ___FILE_ONLY___ enable
2026-05-07 14:15:50,657 INFO     ___FILE_ONLY___  
2026-05-07 14:15:50,657 INFO     ___FILE_ONLY___ and
2026-05-07 14:15:50,658 INFO     ___FILE_ONLY___ 

2026-05-07 14:15:50,658 INFO     ___FILE_ONLY___         
2026-05-07 14:15:50,658 INFO     ___FILE_ONLY___ --no-cpu-boost
2026-05-07 14:15:50,659 INFO     ___FILE_ONLY___  
2026-05-07 14:15:50,659 INFO     ___FILE_ONLY___ to
2026-05-07 14:15:50,660 INFO     ___FILE_ONLY___  
2026-05-07 14:15:50,660 INFO     ___FILE_ONLY___ disable.
2026-05-07 14:15:50,661 INFO     ___FILE_ONLY___ 

2026-05-07 14:15:50,661 INFO     ___FILE_ONLY___ 

2026-05-07 14:15:50,661 INFO     ___FILE_ONLY___      --[no-]cpu-throttling

2026-05-07 14:15:50,662 INFO     ___FILE_ONLY___        
2026-05-07 14:15:50,663 INFO     ___FILE_ONLY___  
2026-05-07 14:15:50,663 INFO     ___FILE_ONLY___ Whether
2026-05-07 14:15:50,664 INFO     ___FILE_ONLY___  
2026-05-07 14:15:50,664 INFO     ___FILE_ONLY___ to
2026-05-07 14:15:50,665 INFO     ___FILE_ONLY___  
2026-05-07 14:15:50,665 INFO     ___FILE_ONLY___ throttle
2026-05-07 14:15:50,666 INFO     ___FILE_ONLY___  
2026-05-07 14:15:50,666 INFO     ___FILE_ONLY___ the
2026-05-07 14:15:50,667 INFO     ___FILE_ONLY___  
2026-05-07 14:15:50,667 INFO     ___FILE_ONLY___ CPU
2026-05-07 14:15:50,667 INFO     ___FILE_ONLY___  
2026-05-07 14:15:50,668 INFO     ___FILE_ONLY___ when
2026-05-07 14:15:50,668 INFO     ___FILE_ONLY___  
2026-05-07 14:15:50,669 INFO     ___FILE_ONLY___ the
2026-05-07 14:15:50,669 INFO     ___FILE_ONLY___  
2026-05-07 14:15:50,670 INFO     ___FILE_ONLY___ container
2026-05-07 14:15:50,670 INFO     ___FILE_ONLY___  
2026-05-07 14:15:50,670 INFO     ___FILE_ONLY___ is
2026-05-07 14:15:50,671 INFO     ___FILE_ONLY___  
2026-05-07 14:15:50,671 INFO     ___FILE_ONLY___ not
2026-05-07 14:15:50,672 INFO     ___FILE_ONLY___  
2026-05-07 14:15:50,672 INFO     ___FILE_ONLY___ actively
2026-05-07 14:15:50,673 INFO     ___FILE_ONLY___  
2026-05-07 14:15:50,673 INFO     ___FILE_ONLY___ serving
2026-05-07 14:15:50,674 INFO     ___FILE_ONLY___ 

2026-05-07 14:15:50,674 INFO     ___FILE_ONLY___         
2026-05-07 14:15:50,674 INFO     ___FILE_ONLY___ requests.
2026-05-07 14:15:50,675 INFO     ___FILE_ONLY___  
2026-05-07 14:15:50,675 INFO     ___FILE_ONLY___ Use
2026-05-07 14:15:50,676 INFO     ___FILE_ONLY___  
2026-05-07 14:15:50,676 INFO     ___FILE_ONLY___ --cpu-throttling
2026-05-07 14:15:50,677 INFO     ___FILE_ONLY___  
2026-05-07 14:15:50,677 INFO     ___FILE_ONLY___ to
2026-05-07 14:15:50,678 INFO     ___FILE_ONLY___  
2026-05-07 14:15:50,678 INFO     ___FILE_ONLY___ enable
2026-05-07 14:15:50,679 INFO     ___FILE_ONLY___  
2026-05-07 14:15:50,680 INFO     ___FILE_ONLY___ and
2026-05-07 14:15:50,680 INFO     ___FILE_ONLY___  
2026-05-07 14:15:50,681 INFO     ___FILE_ONLY___ --no-cpu-throttling
2026-05-07 14:15:50,681 INFO     ___FILE_ONLY___  
2026-05-07 14:15:50,682 INFO     ___FILE_ONLY___ to
2026-05-07 14:15:50,682 INFO     ___FILE_ONLY___ 

2026-05-07 14:15:50,683 INFO     ___FILE_ONLY___         
2026-05-07 14:15:50,683 INFO     ___FILE_ONLY___ disable.
2026-05-07 14:15:50,684 INFO     ___FILE_ONLY___ 

2026-05-07 14:15:50,684 INFO     ___FILE_ONLY___ 

2026-05-07 14:15:50,685 INFO     ___FILE_ONLY___      --[no-]default-url

2026-05-07 14:15:50,685 INFO     ___FILE_ONLY___        
2026-05-07 14:15:50,686 INFO     ___FILE_ONLY___  
2026-05-07 14:15:50,686 INFO     ___FILE_ONLY___ Toggles
2026-05-07 14:15:50,687 INFO     ___FILE_ONLY___  
2026-05-07 14:15:50,687 INFO     ___FILE_ONLY___ the
2026-05-07 14:15:50,687 INFO     ___FILE_ONLY___  
2026-05-07 14:15:50,688 INFO     ___FILE_ONLY___ default
2026-05-07 14:15:50,688 INFO     ___FILE_ONLY___  
2026-05-07 14:15:50,689 INFO     ___FILE_ONLY___ url
2026-05-07 14:15:50,689 INFO     ___FILE_ONLY___  
2026-05-07 14:15:50,690 INFO     ___FILE_ONLY___ for
2026-05-07 14:15:50,690 INFO     ___FILE_ONLY___  
2026-05-07 14:15:50,691 INFO     ___FILE_ONLY___ a
2026-05-07 14:15:50,691 INFO     ___FILE_ONLY___  
2026-05-07 14:15:50,692 INFO     ___FILE_ONLY___ run
2026-05-07 14:15:50,692 INFO     ___FILE_ONLY___  
2026-05-07 14:15:50,693 INFO     ___FILE_ONLY___ service.
2026-05-07 14:15:50,693 INFO     ___FILE_ONLY___  
2026-05-07 14:15:50,694 INFO     ___FILE_ONLY___ This
2026-05-07 14:15:50,694 INFO     ___FILE_ONLY___  
2026-05-07 14:15:50,694 INFO     ___FILE_ONLY___ is
2026-05-07 14:15:50,695 INFO     ___FILE_ONLY___  
2026-05-07 14:15:50,695 INFO     ___FILE_ONLY___ enabled
2026-05-07 14:15:50,696 INFO     ___FILE_ONLY___  
2026-05-07 14:15:50,697 INFO     ___FILE_ONLY___ by
2026-05-07 14:15:50,698 INFO     ___FILE_ONLY___  
2026-05-07 14:15:50,699 INFO     ___FILE_ONLY___ default
2026-05-07 14:15:50,699 INFO     ___FILE_ONLY___ 

2026-05-07 14:15:50,700 INFO     ___FILE_ONLY___         
2026-05-07 14:15:50,700 INFO     ___FILE_ONLY___ if
2026-05-07 14:15:50,701 INFO     ___FILE_ONLY___  
2026-05-07 14:15:50,701 INFO     ___FILE_ONLY___ not
2026-05-07 14:15:50,702 INFO     ___FILE_ONLY___  
2026-05-07 14:15:50,702 INFO     ___FILE_ONLY___ specified.
2026-05-07 14:15:50,703 INFO     ___FILE_ONLY___  
2026-05-07 14:15:50,703 INFO     ___FILE_ONLY___ Use
2026-05-07 14:15:50,704 INFO     ___FILE_ONLY___  
2026-05-07 14:15:50,704 INFO     ___FILE_ONLY___ --default-url
2026-05-07 14:15:50,705 INFO     ___FILE_ONLY___  
2026-05-07 14:15:50,705 INFO     ___FILE_ONLY___ to
2026-05-07 14:15:50,706 INFO     ___FILE_ONLY___  
2026-05-07 14:15:50,706 INFO     ___FILE_ONLY___ enable
2026-05-07 14:15:50,707 INFO     ___FILE_ONLY___  
2026-05-07 14:15:50,707 INFO     ___FILE_ONLY___ and
2026-05-07 14:15:50,708 INFO     ___FILE_ONLY___  
2026-05-07 14:15:50,708 INFO     ___FILE_ONLY___ --no-default-url
2026-05-07 14:15:50,709 INFO     ___FILE_ONLY___  
2026-05-07 14:15:50,709 INFO     ___FILE_ONLY___ to
2026-05-07 14:15:50,710 INFO     ___FILE_ONLY___ 

2026-05-07 14:15:50,710 INFO     ___FILE_ONLY___         
2026-05-07 14:15:50,711 INFO     ___FILE_ONLY___ disable.
2026-05-07 14:15:50,711 INFO     ___FILE_ONLY___ 

2026-05-07 14:15:50,712 INFO     ___FILE_ONLY___ 

2026-05-07 14:15:50,712 INFO     ___FILE_ONLY___      --[no-]deploy-health-check

2026-05-07 14:15:50,713 INFO     ___FILE_ONLY___        
2026-05-07 14:15:50,714 INFO     ___FILE_ONLY___  
2026-05-07 14:15:50,714 INFO     ___FILE_ONLY___ Schedules
2026-05-07 14:15:50,715 INFO     ___FILE_ONLY___  
2026-05-07 14:15:50,715 INFO     ___FILE_ONLY___ a
2026-05-07 14:15:50,716 INFO     ___FILE_ONLY___  
2026-05-07 14:15:50,716 INFO     ___FILE_ONLY___ single
2026-05-07 14:15:50,717 INFO     ___FILE_ONLY___  
2026-05-07 14:15:50,717 INFO     ___FILE_ONLY___ instance
2026-05-07 14:15:50,718 INFO     ___FILE_ONLY___  
2026-05-07 14:15:50,718 INFO     ___FILE_ONLY___ of
2026-05-07 14:15:50,719 INFO     ___FILE_ONLY___  
2026-05-07 14:15:50,719 INFO     ___FILE_ONLY___ the
2026-05-07 14:15:50,720 INFO     ___FILE_ONLY___  
2026-05-07 14:15:50,720 INFO     ___FILE_ONLY___ Revision
2026-05-07 14:15:50,721 INFO     ___FILE_ONLY___  
2026-05-07 14:15:50,721 INFO     ___FILE_ONLY___ and
2026-05-07 14:15:50,722 INFO     ___FILE_ONLY___  
2026-05-07 14:15:50,722 INFO     ___FILE_ONLY___ waits
2026-05-07 14:15:50,723 INFO     ___FILE_ONLY___  
2026-05-07 14:15:50,723 INFO     ___FILE_ONLY___ for
2026-05-07 14:15:50,724 INFO     ___FILE_ONLY___  
2026-05-07 14:15:50,725 INFO     ___FILE_ONLY___ it
2026-05-07 14:15:50,725 INFO     ___FILE_ONLY___  
2026-05-07 14:15:50,726 INFO     ___FILE_ONLY___ to
2026-05-07 14:15:50,726 INFO     ___FILE_ONLY___  
2026-05-07 14:15:50,726 INFO     ___FILE_ONLY___ pass
2026-05-07 14:15:50,727 INFO     ___FILE_ONLY___ 

2026-05-07 14:15:50,727 INFO     ___FILE_ONLY___         
2026-05-07 14:15:50,728 INFO     ___FILE_ONLY___ its
2026-05-07 14:15:50,735 INFO     ___FILE_ONLY___  
2026-05-07 14:15:50,735 INFO     ___FILE_ONLY___ startup
2026-05-07 14:15:50,736 INFO     ___FILE_ONLY___  
2026-05-07 14:15:50,737 INFO     ___FILE_ONLY___ probe
2026-05-07 14:15:50,737 INFO     ___FILE_ONLY___  
2026-05-07 14:15:50,738 INFO     ___FILE_ONLY___ for
2026-05-07 14:15:50,739 INFO     ___FILE_ONLY___  
2026-05-07 14:15:50,739 INFO     ___FILE_ONLY___ the
2026-05-07 14:15:50,740 INFO     ___FILE_ONLY___  
2026-05-07 14:15:50,740 INFO     ___FILE_ONLY___ deployment
2026-05-07 14:15:50,741 INFO     ___FILE_ONLY___  
2026-05-07 14:15:50,742 INFO     ___FILE_ONLY___ to
2026-05-07 14:15:50,742 INFO     ___FILE_ONLY___  
2026-05-07 14:15:50,744 INFO     ___FILE_ONLY___ succeed.
2026-05-07 14:15:50,745 INFO     ___FILE_ONLY___  
2026-05-07 14:15:50,747 INFO     ___FILE_ONLY___ If
2026-05-07 14:15:50,748 INFO     ___FILE_ONLY___  
2026-05-07 14:15:50,750 INFO     ___FILE_ONLY___ disabled,
2026-05-07 14:15:50,751 INFO     ___FILE_ONLY___  
2026-05-07 14:15:50,752 INFO     ___FILE_ONLY___ the
2026-05-07 14:15:50,754 INFO     ___FILE_ONLY___ 

2026-05-07 14:15:50,755 INFO     ___FILE_ONLY___         
2026-05-07 14:15:50,756 INFO     ___FILE_ONLY___ startup
2026-05-07 14:15:50,759 INFO     ___FILE_ONLY___  
2026-05-07 14:15:50,760 INFO     ___FILE_ONLY___ probe
2026-05-07 14:15:50,760 INFO     ___FILE_ONLY___  
2026-05-07 14:15:50,761 INFO     ___FILE_ONLY___ runs
2026-05-07 14:15:50,762 INFO     ___FILE_ONLY___  
2026-05-07 14:15:50,762 INFO     ___FILE_ONLY___ only
2026-05-07 14:15:50,763 INFO     ___FILE_ONLY___  
2026-05-07 14:15:50,764 INFO     ___FILE_ONLY___ when
2026-05-07 14:15:50,764 INFO     ___FILE_ONLY___  
2026-05-07 14:15:50,765 INFO     ___FILE_ONLY___ the
2026-05-07 14:15:50,766 INFO     ___FILE_ONLY___  
2026-05-07 14:15:50,766 INFO     ___FILE_ONLY___ revision
2026-05-07 14:15:50,767 INFO     ___FILE_ONLY___  
2026-05-07 14:15:50,767 INFO     ___FILE_ONLY___ is
2026-05-07 14:15:50,768 INFO     ___FILE_ONLY___  
2026-05-07 14:15:50,768 INFO     ___FILE_ONLY___ first
2026-05-07 14:15:50,769 INFO     ___FILE_ONLY___  
2026-05-07 14:15:50,769 INFO     ___FILE_ONLY___ started
2026-05-07 14:15:50,770 INFO     ___FILE_ONLY___  
2026-05-07 14:15:50,770 INFO     ___FILE_ONLY___ via
2026-05-07 14:15:50,771 INFO     ___FILE_ONLY___ 

2026-05-07 14:15:50,771 INFO     ___FILE_ONLY___         
2026-05-07 14:15:50,771 INFO     ___FILE_ONLY___ invocation
2026-05-07 14:15:50,773 INFO     ___FILE_ONLY___  
2026-05-07 14:15:50,774 INFO     ___FILE_ONLY___ or
2026-05-07 14:15:50,774 INFO     ___FILE_ONLY___  
2026-05-07 14:15:50,775 INFO     ___FILE_ONLY___ by
2026-05-07 14:15:50,775 INFO     ___FILE_ONLY___  
2026-05-07 14:15:50,776 INFO     ___FILE_ONLY___ setting
2026-05-07 14:15:50,776 INFO     ___FILE_ONLY___  
2026-05-07 14:15:50,777 INFO     ___FILE_ONLY___ min-instances.
2026-05-07 14:15:50,777 INFO     ___FILE_ONLY___  
2026-05-07 14:15:50,777 INFO     ___FILE_ONLY___ This
2026-05-07 14:15:50,778 INFO     ___FILE_ONLY___  
2026-05-07 14:15:50,778 INFO     ___FILE_ONLY___ check
2026-05-07 14:15:50,779 INFO     ___FILE_ONLY___  
2026-05-07 14:15:50,780 INFO     ___FILE_ONLY___ is
2026-05-07 14:15:50,781 INFO     ___FILE_ONLY___  
2026-05-07 14:15:50,781 INFO     ___FILE_ONLY___ enabled
2026-05-07 14:15:50,782 INFO     ___FILE_ONLY___  
2026-05-07 14:15:50,782 INFO     ___FILE_ONLY___ by
2026-05-07 14:15:50,783 INFO     ___FILE_ONLY___ 

2026-05-07 14:15:50,783 INFO     ___FILE_ONLY___         
2026-05-07 14:15:50,784 INFO     ___FILE_ONLY___ default
2026-05-07 14:15:50,784 INFO     ___FILE_ONLY___  
2026-05-07 14:15:50,785 INFO     ___FILE_ONLY___ when
2026-05-07 14:15:50,785 INFO     ___FILE_ONLY___  
2026-05-07 14:15:50,786 INFO     ___FILE_ONLY___ unspecified.
2026-05-07 14:15:50,786 INFO     ___FILE_ONLY___  
2026-05-07 14:15:50,787 INFO     ___FILE_ONLY___ Use
2026-05-07 14:15:50,787 INFO     ___FILE_ONLY___  
2026-05-07 14:15:50,788 INFO     ___FILE_ONLY___ --deploy-health-check
2026-05-07 14:15:50,788 INFO     ___FILE_ONLY___  
2026-05-07 14:15:50,789 INFO     ___FILE_ONLY___ to
2026-05-07 14:15:50,789 INFO     ___FILE_ONLY___  
2026-05-07 14:15:50,790 INFO     ___FILE_ONLY___ enable
2026-05-07 14:15:50,790 INFO     ___FILE_ONLY___  
2026-05-07 14:15:50,790 INFO     ___FILE_ONLY___ and
2026-05-07 14:15:50,791 INFO     ___FILE_ONLY___ 

2026-05-07 14:15:50,791 INFO     ___FILE_ONLY___         
2026-05-07 14:15:50,792 INFO     ___FILE_ONLY___ --no-deploy-health-check
2026-05-07 14:15:50,792 INFO     ___FILE_ONLY___  
2026-05-07 14:15:50,793 INFO     ___FILE_ONLY___ to
2026-05-07 14:15:50,793 INFO     ___FILE_ONLY___  
2026-05-07 14:15:50,794 INFO     ___FILE_ONLY___ disable.
2026-05-07 14:15:50,794 INFO     ___FILE_ONLY___ 

2026-05-07 14:15:50,795 INFO     ___FILE_ONLY___ 

2026-05-07 14:15:50,795 INFO     ___FILE_ONLY___      --description=DESCRIPTION

2026-05-07 14:15:50,796 INFO     ___FILE_ONLY___        
2026-05-07 14:15:50,797 INFO     ___FILE_ONLY___  
2026-05-07 14:15:50,797 INFO     ___FILE_ONLY___ Provides
2026-05-07 14:15:50,798 INFO     ___FILE_ONLY___  
2026-05-07 14:15:50,799 INFO     ___FILE_ONLY___ an
2026-05-07 14:15:50,799 INFO     ___FILE_ONLY___  
2026-05-07 14:15:50,800 INFO     ___FILE_ONLY___ optional,
2026-05-07 14:15:50,800 INFO     ___FILE_ONLY___  
2026-05-07 14:15:50,801 INFO     ___FILE_ONLY___ human-readable
2026-05-07 14:15:50,801 INFO     ___FILE_ONLY___  
2026-05-07 14:15:50,802 INFO     ___FILE_ONLY___ description
2026-05-07 14:15:50,802 INFO     ___FILE_ONLY___  
2026-05-07 14:15:50,803 INFO     ___FILE_ONLY___ of
2026-05-07 14:15:50,803 INFO     ___FILE_ONLY___  
2026-05-07 14:15:50,804 INFO     ___FILE_ONLY___ the
2026-05-07 14:15:50,804 INFO     ___FILE_ONLY___  
2026-05-07 14:15:50,805 INFO     ___FILE_ONLY___ service.
2026-05-07 14:15:50,805 INFO     ___FILE_ONLY___ 

2026-05-07 14:15:50,806 INFO     ___FILE_ONLY___ 

2026-05-07 14:15:50,807 INFO     ___FILE_ONLY___      --execution-environment=EXECUTION_ENVIRONMENT

2026-05-07 14:15:50,807 INFO     ___FILE_ONLY___        
2026-05-07 14:15:50,808 INFO     ___FILE_ONLY___  
2026-05-07 14:15:50,808 INFO     ___FILE_ONLY___ Selects
2026-05-07 14:15:50,809 INFO     ___FILE_ONLY___  
2026-05-07 14:15:50,809 INFO     ___FILE_ONLY___ the
2026-05-07 14:15:50,810 INFO     ___FILE_ONLY___  
2026-05-07 14:15:50,810 INFO     ___FILE_ONLY___ execution
2026-05-07 14:15:50,811 INFO     ___FILE_ONLY___  
2026-05-07 14:15:50,811 INFO     ___FILE_ONLY___ environment
2026-05-07 14:15:50,812 INFO     ___FILE_ONLY___  
2026-05-07 14:15:50,812 INFO     ___FILE_ONLY___ where
2026-05-07 14:15:50,814 INFO     ___FILE_ONLY___  
2026-05-07 14:15:50,814 INFO     ___FILE_ONLY___ the
2026-05-07 14:15:50,815 INFO     ___FILE_ONLY___  
2026-05-07 14:15:50,815 INFO     ___FILE_ONLY___ application
2026-05-07 14:15:50,816 INFO     ___FILE_ONLY___  
2026-05-07 14:15:50,816 INFO     ___FILE_ONLY___ will
2026-05-07 14:15:50,817 INFO     ___FILE_ONLY___  
2026-05-07 14:15:50,817 INFO     ___FILE_ONLY___ run.
2026-05-07 14:15:50,818 INFO     ___FILE_ONLY___ 

2026-05-07 14:15:50,818 INFO     ___FILE_ONLY___         
2026-05-07 14:15:50,819 INFO     ___FILE_ONLY___ EXECUTION_ENVIRONMENT
2026-05-07 14:15:50,819 INFO     ___FILE_ONLY___  
2026-05-07 14:15:50,820 INFO     ___FILE_ONLY___ must
2026-05-07 14:15:50,821 INFO     ___FILE_ONLY___  
2026-05-07 14:15:50,821 INFO     ___FILE_ONLY___ be
2026-05-07 14:15:50,822 INFO     ___FILE_ONLY___  
2026-05-07 14:15:50,822 INFO     ___FILE_ONLY___ one
2026-05-07 14:15:50,823 INFO     ___FILE_ONLY___  
2026-05-07 14:15:50,823 INFO     ___FILE_ONLY___ of:
2026-05-07 14:15:50,824 INFO     ___FILE_ONLY___ 

2026-05-07 14:15:50,824 INFO     ___FILE_ONLY___ 

2026-05-07 14:15:50,825 INFO     ___FILE_ONLY___          gen1

2026-05-07 14:15:50,825 INFO     ___FILE_ONLY___            
2026-05-07 14:15:50,826 INFO     ___FILE_ONLY___  
2026-05-07 14:15:50,826 INFO     ___FILE_ONLY___ Run
2026-05-07 14:15:50,827 INFO     ___FILE_ONLY___  
2026-05-07 14:15:50,827 INFO     ___FILE_ONLY___ the
2026-05-07 14:15:50,828 INFO     ___FILE_ONLY___  
2026-05-07 14:15:50,828 INFO     ___FILE_ONLY___ application
2026-05-07 14:15:50,829 INFO     ___FILE_ONLY___  
2026-05-07 14:15:50,830 INFO     ___FILE_ONLY___ in
2026-05-07 14:15:50,831 INFO     ___FILE_ONLY___  
2026-05-07 14:15:50,831 INFO     ___FILE_ONLY___ a
2026-05-07 14:15:50,832 INFO     ___FILE_ONLY___  
2026-05-07 14:15:50,832 INFO     ___FILE_ONLY___ first
2026-05-07 14:15:50,833 INFO     ___FILE_ONLY___  
2026-05-07 14:15:50,833 INFO     ___FILE_ONLY___ generation
2026-05-07 14:15:50,834 INFO     ___FILE_ONLY___  
2026-05-07 14:15:50,834 INFO     ___FILE_ONLY___ execution
2026-05-07 14:15:50,835 INFO     ___FILE_ONLY___  
2026-05-07 14:15:50,835 INFO     ___FILE_ONLY___ environment.
2026-05-07 14:15:50,836 INFO     ___FILE_ONLY___ 

2026-05-07 14:15:50,836 INFO     ___FILE_ONLY___          gen2

2026-05-07 14:15:50,837 INFO     ___FILE_ONLY___            
2026-05-07 14:15:50,837 INFO     ___FILE_ONLY___  
2026-05-07 14:15:50,838 INFO     ___FILE_ONLY___ Run
2026-05-07 14:15:50,838 INFO     ___FILE_ONLY___  
2026-05-07 14:15:50,839 INFO     ___FILE_ONLY___ the
2026-05-07 14:15:50,839 INFO     ___FILE_ONLY___  
2026-05-07 14:15:50,839 INFO     ___FILE_ONLY___ application
2026-05-07 14:15:50,840 INFO     ___FILE_ONLY___  
2026-05-07 14:15:50,840 INFO     ___FILE_ONLY___ in
2026-05-07 14:15:50,841 INFO     ___FILE_ONLY___  
2026-05-07 14:15:50,841 INFO     ___FILE_ONLY___ a
2026-05-07 14:15:50,842 INFO     ___FILE_ONLY___  
2026-05-07 14:15:50,842 INFO     ___FILE_ONLY___ second
2026-05-07 14:15:50,843 INFO     ___FILE_ONLY___  
2026-05-07 14:15:50,843 INFO     ___FILE_ONLY___ generation
2026-05-07 14:15:50,844 INFO     ___FILE_ONLY___  
2026-05-07 14:15:50,844 INFO     ___FILE_ONLY___ execution
2026-05-07 14:15:50,845 INFO     ___FILE_ONLY___  
2026-05-07 14:15:50,845 INFO     ___FILE_ONLY___ environment.
2026-05-07 14:15:50,846 INFO     ___FILE_ONLY___ 

2026-05-07 14:15:50,847 INFO     ___FILE_ONLY___ 

2026-05-07 14:15:50,848 INFO     ___FILE_ONLY___      --gpu-type=GPU_TYPE

2026-05-07 14:15:50,848 INFO     ___FILE_ONLY___        
2026-05-07 14:15:50,848 INFO     ___FILE_ONLY___  
2026-05-07 14:15:50,849 INFO     ___FILE_ONLY___ The
2026-05-07 14:15:50,849 INFO     ___FILE_ONLY___  
2026-05-07 14:15:50,850 INFO     ___FILE_ONLY___ GPU
2026-05-07 14:15:50,850 INFO     ___FILE_ONLY___  
2026-05-07 14:15:50,851 INFO     ___FILE_ONLY___ type
2026-05-07 14:15:50,851 INFO     ___FILE_ONLY___  
2026-05-07 14:15:50,852 INFO     ___FILE_ONLY___ to
2026-05-07 14:15:50,852 INFO     ___FILE_ONLY___  
2026-05-07 14:15:50,853 INFO     ___FILE_ONLY___ use.
2026-05-07 14:15:50,853 INFO     ___FILE_ONLY___ 

2026-05-07 14:15:50,854 INFO     ___FILE_ONLY___ 

2026-05-07 14:15:50,854 INFO     ___FILE_ONLY___      --[no-]gpu-zonal-redundancy

2026-05-07 14:15:50,855 INFO     ___FILE_ONLY___        
2026-05-07 14:15:50,855 INFO     ___FILE_ONLY___  
2026-05-07 14:15:50,856 INFO     ___FILE_ONLY___ Set
2026-05-07 14:15:50,856 INFO     ___FILE_ONLY___  
2026-05-07 14:15:50,857 INFO     ___FILE_ONLY___ GPU
2026-05-07 14:15:50,857 INFO     ___FILE_ONLY___  
2026-05-07 14:15:50,858 INFO     ___FILE_ONLY___ zonal
2026-05-07 14:15:50,858 INFO     ___FILE_ONLY___  
2026-05-07 14:15:50,859 INFO     ___FILE_ONLY___ redundancy.
2026-05-07 14:15:50,859 INFO     ___FILE_ONLY___  
2026-05-07 14:15:50,860 INFO     ___FILE_ONLY___ Use
2026-05-07 14:15:50,860 INFO     ___FILE_ONLY___  
2026-05-07 14:15:50,861 INFO     ___FILE_ONLY___ --gpu-zonal-redundancy
2026-05-07 14:15:50,861 INFO     ___FILE_ONLY___  
2026-05-07 14:15:50,862 INFO     ___FILE_ONLY___ to
2026-05-07 14:15:50,862 INFO     ___FILE_ONLY___  
2026-05-07 14:15:50,863 INFO     ___FILE_ONLY___ enable
2026-05-07 14:15:50,864 INFO     ___FILE_ONLY___  
2026-05-07 14:15:50,864 INFO     ___FILE_ONLY___ and
2026-05-07 14:15:50,865 INFO     ___FILE_ONLY___ 

2026-05-07 14:15:50,865 INFO     ___FILE_ONLY___         
2026-05-07 14:15:50,866 INFO     ___FILE_ONLY___ --no-gpu-zonal-redundancy
2026-05-07 14:15:50,866 INFO     ___FILE_ONLY___  
2026-05-07 14:15:50,867 INFO     ___FILE_ONLY___ to
2026-05-07 14:15:50,867 INFO     ___FILE_ONLY___  
2026-05-07 14:15:50,868 INFO     ___FILE_ONLY___ disable.
2026-05-07 14:15:50,868 INFO     ___FILE_ONLY___ 

2026-05-07 14:15:50,869 INFO     ___FILE_ONLY___ 

2026-05-07 14:15:50,869 INFO     ___FILE_ONLY___      --[no-]iap

2026-05-07 14:15:50,870 INFO     ___FILE_ONLY___        
2026-05-07 14:15:50,870 INFO     ___FILE_ONLY___  
2026-05-07 14:15:50,871 INFO     ___FILE_ONLY___ Whether
2026-05-07 14:15:50,871 INFO     ___FILE_ONLY___  
2026-05-07 14:15:50,871 INFO     ___FILE_ONLY___ to
2026-05-07 14:15:50,872 INFO     ___FILE_ONLY___  
2026-05-07 14:15:50,872 INFO     ___FILE_ONLY___ enable
2026-05-07 14:15:50,873 INFO     ___FILE_ONLY___  
2026-05-07 14:15:50,873 INFO     ___FILE_ONLY___ IAP
2026-05-07 14:15:50,874 INFO     ___FILE_ONLY___  
2026-05-07 14:15:50,874 INFO     ___FILE_ONLY___ for
2026-05-07 14:15:50,875 INFO     ___FILE_ONLY___  
2026-05-07 14:15:50,875 INFO     ___FILE_ONLY___ the
2026-05-07 14:15:50,876 INFO     ___FILE_ONLY___  
2026-05-07 14:15:50,876 INFO     ___FILE_ONLY___ Service.
2026-05-07 14:15:50,877 INFO     ___FILE_ONLY___  
2026-05-07 14:15:50,877 INFO     ___FILE_ONLY___ Use
2026-05-07 14:15:50,878 INFO     ___FILE_ONLY___  
2026-05-07 14:15:50,878 INFO     ___FILE_ONLY___ --iap
2026-05-07 14:15:50,878 INFO     ___FILE_ONLY___  
2026-05-07 14:15:50,879 INFO     ___FILE_ONLY___ to
2026-05-07 14:15:50,880 INFO     ___FILE_ONLY___  
2026-05-07 14:15:50,881 INFO     ___FILE_ONLY___ enable
2026-05-07 14:15:50,881 INFO     ___FILE_ONLY___  
2026-05-07 14:15:50,882 INFO     ___FILE_ONLY___ and
2026-05-07 14:15:50,882 INFO     ___FILE_ONLY___  
2026-05-07 14:15:50,883 INFO     ___FILE_ONLY___ --no-iap
2026-05-07 14:15:50,883 INFO     ___FILE_ONLY___ 

2026-05-07 14:15:50,884 INFO     ___FILE_ONLY___         
2026-05-07 14:15:50,884 INFO     ___FILE_ONLY___ to
2026-05-07 14:15:50,885 INFO     ___FILE_ONLY___  
2026-05-07 14:15:50,885 INFO     ___FILE_ONLY___ disable.
2026-05-07 14:15:50,886 INFO     ___FILE_ONLY___ 

2026-05-07 14:15:50,886 INFO     ___FILE_ONLY___ 

2026-05-07 14:15:50,887 INFO     ___FILE_ONLY___      --ingress=INGRESS; default="all"

2026-05-07 14:15:50,887 INFO     ___FILE_ONLY___        
2026-05-07 14:15:50,888 INFO     ___FILE_ONLY___  
2026-05-07 14:15:50,888 INFO     ___FILE_ONLY___ Set
2026-05-07 14:15:50,889 INFO     ___FILE_ONLY___  
2026-05-07 14:15:50,889 INFO     ___FILE_ONLY___ the
2026-05-07 14:15:50,890 INFO     ___FILE_ONLY___  
2026-05-07 14:15:50,890 INFO     ___FILE_ONLY___ ingress
2026-05-07 14:15:50,891 INFO     ___FILE_ONLY___  
2026-05-07 14:15:50,891 INFO     ___FILE_ONLY___ traffic
2026-05-07 14:15:50,892 INFO     ___FILE_ONLY___  
2026-05-07 14:15:50,892 INFO     ___FILE_ONLY___ sources
2026-05-07 14:15:50,893 INFO     ___FILE_ONLY___  
2026-05-07 14:15:50,893 INFO     ___FILE_ONLY___ allowed
2026-05-07 14:15:50,893 INFO     ___FILE_ONLY___  
2026-05-07 14:15:50,894 INFO     ___FILE_ONLY___ to
2026-05-07 14:15:50,894 INFO     ___FILE_ONLY___  
2026-05-07 14:15:50,895 INFO     ___FILE_ONLY___ call
2026-05-07 14:15:50,895 INFO     ___FILE_ONLY___  
2026-05-07 14:15:50,896 INFO     ___FILE_ONLY___ the
2026-05-07 14:15:50,897 INFO     ___FILE_ONLY___  
2026-05-07 14:15:50,897 INFO     ___FILE_ONLY___ service.
2026-05-07 14:15:50,898 INFO     ___FILE_ONLY___  
2026-05-07 14:15:50,898 INFO     ___FILE_ONLY___ For
2026-05-07 14:15:50,898 INFO     ___FILE_ONLY___  
2026-05-07 14:15:50,899 INFO     ___FILE_ONLY___ Cloud
2026-05-07 14:15:50,899 INFO     ___FILE_ONLY___ 

2026-05-07 14:15:50,900 INFO     ___FILE_ONLY___         
2026-05-07 14:15:50,900 INFO     ___FILE_ONLY___ Run
2026-05-07 14:15:50,901 INFO     ___FILE_ONLY___  
2026-05-07 14:15:50,901 INFO     ___FILE_ONLY___ the
2026-05-07 14:15:50,902 INFO     ___FILE_ONLY___  
2026-05-07 14:15:50,902 INFO     ___FILE_ONLY___ --[no-]allow-unauthenticated
2026-05-07 14:15:50,902 INFO     ___FILE_ONLY___  
2026-05-07 14:15:50,903 INFO     ___FILE_ONLY___ flag
2026-05-07 14:15:50,903 INFO     ___FILE_ONLY___  
2026-05-07 14:15:50,904 INFO     ___FILE_ONLY___ separately
2026-05-07 14:15:50,904 INFO     ___FILE_ONLY___  
2026-05-07 14:15:50,905 INFO     ___FILE_ONLY___ controls
2026-05-07 14:15:50,905 INFO     ___FILE_ONLY___  
2026-05-07 14:15:50,906 INFO     ___FILE_ONLY___ the
2026-05-07 14:15:50,906 INFO     ___FILE_ONLY___ 

2026-05-07 14:15:50,907 INFO     ___FILE_ONLY___         
2026-05-07 14:15:50,907 INFO     ___FILE_ONLY___ identities
2026-05-07 14:15:50,907 INFO     ___FILE_ONLY___  
2026-05-07 14:15:50,908 INFO     ___FILE_ONLY___ allowed
2026-05-07 14:15:50,908 INFO     ___FILE_ONLY___  
2026-05-07 14:15:50,909 INFO     ___FILE_ONLY___ to
2026-05-07 14:15:50,909 INFO     ___FILE_ONLY___  
2026-05-07 14:15:50,910 INFO     ___FILE_ONLY___ call
2026-05-07 14:15:50,910 INFO     ___FILE_ONLY___  
2026-05-07 14:15:50,911 INFO     ___FILE_ONLY___ the
2026-05-07 14:15:50,911 INFO     ___FILE_ONLY___  
2026-05-07 14:15:50,911 INFO     ___FILE_ONLY___ service.
2026-05-07 14:15:50,912 INFO     ___FILE_ONLY___  
2026-05-07 14:15:50,913 INFO     ___FILE_ONLY___ INGRESS
2026-05-07 14:15:50,913 INFO     ___FILE_ONLY___  
2026-05-07 14:15:50,914 INFO     ___FILE_ONLY___ must
2026-05-07 14:15:50,914 INFO     ___FILE_ONLY___  
2026-05-07 14:15:50,915 INFO     ___FILE_ONLY___ be
2026-05-07 14:15:50,915 INFO     ___FILE_ONLY___  
2026-05-07 14:15:50,915 INFO     ___FILE_ONLY___ one
2026-05-07 14:15:50,916 INFO     ___FILE_ONLY___  
2026-05-07 14:15:50,916 INFO     ___FILE_ONLY___ of:
2026-05-07 14:15:50,917 INFO     ___FILE_ONLY___ 

2026-05-07 14:15:50,917 INFO     ___FILE_ONLY___ 

2026-05-07 14:15:50,917 INFO     ___FILE_ONLY___          all

2026-05-07 14:15:50,918 INFO     ___FILE_ONLY___            
2026-05-07 14:15:50,918 INFO     ___FILE_ONLY___  
2026-05-07 14:15:50,919 INFO     ___FILE_ONLY___ Inbound
2026-05-07 14:15:50,919 INFO     ___FILE_ONLY___  
2026-05-07 14:15:50,920 INFO     ___FILE_ONLY___ requests
2026-05-07 14:15:50,920 INFO     ___FILE_ONLY___  
2026-05-07 14:15:50,921 INFO     ___FILE_ONLY___ from
2026-05-07 14:15:50,921 INFO     ___FILE_ONLY___  
2026-05-07 14:15:50,921 INFO     ___FILE_ONLY___ all
2026-05-07 14:15:50,922 INFO     ___FILE_ONLY___  
2026-05-07 14:15:50,922 INFO     ___FILE_ONLY___ sources
2026-05-07 14:15:50,923 INFO     ___FILE_ONLY___  
2026-05-07 14:15:50,923 INFO     ___FILE_ONLY___ are
2026-05-07 14:15:50,924 INFO     ___FILE_ONLY___  
2026-05-07 14:15:50,924 INFO     ___FILE_ONLY___ allowed.
2026-05-07 14:15:50,925 INFO     ___FILE_ONLY___ 

2026-05-07 14:15:50,925 INFO     ___FILE_ONLY___          internal

2026-05-07 14:15:50,926 INFO     ___FILE_ONLY___            
2026-05-07 14:15:50,926 INFO     ___FILE_ONLY___  
2026-05-07 14:15:50,927 INFO     ___FILE_ONLY___ For
2026-05-07 14:15:50,927 INFO     ___FILE_ONLY___  
2026-05-07 14:15:50,927 INFO     ___FILE_ONLY___ Cloud
2026-05-07 14:15:50,928 INFO     ___FILE_ONLY___  
2026-05-07 14:15:50,928 INFO     ___FILE_ONLY___ Run,
2026-05-07 14:15:50,929 INFO     ___FILE_ONLY___  
2026-05-07 14:15:50,930 INFO     ___FILE_ONLY___ only
2026-05-07 14:15:50,930 INFO     ___FILE_ONLY___  
2026-05-07 14:15:50,931 INFO     ___FILE_ONLY___ inbound
2026-05-07 14:15:50,931 INFO     ___FILE_ONLY___  
2026-05-07 14:15:50,932 INFO     ___FILE_ONLY___ requests
2026-05-07 14:15:50,932 INFO     ___FILE_ONLY___  
2026-05-07 14:15:50,932 INFO     ___FILE_ONLY___ from
2026-05-07 14:15:50,933 INFO     ___FILE_ONLY___  
2026-05-07 14:15:50,933 INFO     ___FILE_ONLY___ VPC
2026-05-07 14:15:50,934 INFO     ___FILE_ONLY___  
2026-05-07 14:15:50,934 INFO     ___FILE_ONLY___ networks
2026-05-07 14:15:50,935 INFO     ___FILE_ONLY___  
2026-05-07 14:15:50,935 INFO     ___FILE_ONLY___ in
2026-05-07 14:15:50,936 INFO     ___FILE_ONLY___  
2026-05-07 14:15:50,936 INFO     ___FILE_ONLY___ the
2026-05-07 14:15:50,936 INFO     ___FILE_ONLY___  
2026-05-07 14:15:50,937 INFO     ___FILE_ONLY___ same
2026-05-07 14:15:50,937 INFO     ___FILE_ONLY___ 

2026-05-07 14:15:50,938 INFO     ___FILE_ONLY___             
2026-05-07 14:15:50,938 INFO     ___FILE_ONLY___ project
2026-05-07 14:15:50,939 INFO     ___FILE_ONLY___  
2026-05-07 14:15:50,939 INFO     ___FILE_ONLY___ or
2026-05-07 14:15:50,940 INFO     ___FILE_ONLY___  
2026-05-07 14:15:50,940 INFO     ___FILE_ONLY___ VPC
2026-05-07 14:15:50,940 INFO     ___FILE_ONLY___  
2026-05-07 14:15:50,941 INFO     ___FILE_ONLY___ Service
2026-05-07 14:15:50,941 INFO     ___FILE_ONLY___  
2026-05-07 14:15:50,942 INFO     ___FILE_ONLY___ Controls
2026-05-07 14:15:50,942 INFO     ___FILE_ONLY___  
2026-05-07 14:15:50,943 INFO     ___FILE_ONLY___ perimeter,
2026-05-07 14:15:50,943 INFO     ___FILE_ONLY___  
2026-05-07 14:15:50,944 INFO     ___FILE_ONLY___ as
2026-05-07 14:15:50,944 INFO     ___FILE_ONLY___  
2026-05-07 14:15:50,945 INFO     ___FILE_ONLY___ well
2026-05-07 14:15:50,945 INFO     ___FILE_ONLY___  
2026-05-07 14:15:50,945 INFO     ___FILE_ONLY___ as
2026-05-07 14:15:50,946 INFO     ___FILE_ONLY___  
2026-05-07 14:15:50,947 INFO     ___FILE_ONLY___ Pub/Sub
2026-05-07 14:15:50,948 INFO     ___FILE_ONLY___ 

2026-05-07 14:15:50,948 INFO     ___FILE_ONLY___             
2026-05-07 14:15:50,949 INFO     ___FILE_ONLY___ subscriptions
2026-05-07 14:15:50,949 INFO     ___FILE_ONLY___  
2026-05-07 14:15:50,949 INFO     ___FILE_ONLY___ and
2026-05-07 14:15:50,950 INFO     ___FILE_ONLY___  
2026-05-07 14:15:50,950 INFO     ___FILE_ONLY___ Eventarc
2026-05-07 14:15:50,951 INFO     ___FILE_ONLY___  
2026-05-07 14:15:50,951 INFO     ___FILE_ONLY___ events
2026-05-07 14:15:50,952 INFO     ___FILE_ONLY___  
2026-05-07 14:15:50,952 INFO     ___FILE_ONLY___ in
2026-05-07 14:15:50,953 INFO     ___FILE_ONLY___  
2026-05-07 14:15:50,953 INFO     ___FILE_ONLY___ the
2026-05-07 14:15:50,954 INFO     ___FILE_ONLY___  
2026-05-07 14:15:50,954 INFO     ___FILE_ONLY___ same
2026-05-07 14:15:50,954 INFO     ___FILE_ONLY___  
2026-05-07 14:15:50,955 INFO     ___FILE_ONLY___ project
2026-05-07 14:15:50,955 INFO     ___FILE_ONLY___  
2026-05-07 14:15:50,956 INFO     ___FILE_ONLY___ or
2026-05-07 14:15:50,956 INFO     ___FILE_ONLY___  
2026-05-07 14:15:50,957 INFO     ___FILE_ONLY___ VPC
2026-05-07 14:15:50,957 INFO     ___FILE_ONLY___ 

2026-05-07 14:15:50,959 INFO     ___FILE_ONLY___             
2026-05-07 14:15:50,959 INFO     ___FILE_ONLY___ Service
2026-05-07 14:15:50,961 INFO     ___FILE_ONLY___  
2026-05-07 14:15:50,961 INFO     ___FILE_ONLY___ Controls
2026-05-07 14:15:50,962 INFO     ___FILE_ONLY___  
2026-05-07 14:15:50,963 INFO     ___FILE_ONLY___ perimeter
2026-05-07 14:15:50,963 INFO     ___FILE_ONLY___  
2026-05-07 14:15:50,964 INFO     ___FILE_ONLY___ are
2026-05-07 14:15:50,964 INFO     ___FILE_ONLY___  
2026-05-07 14:15:50,965 INFO     ___FILE_ONLY___ allowed.
2026-05-07 14:15:50,965 INFO     ___FILE_ONLY___  
2026-05-07 14:15:50,966 INFO     ___FILE_ONLY___ All
2026-05-07 14:15:50,966 INFO     ___FILE_ONLY___  
2026-05-07 14:15:50,967 INFO     ___FILE_ONLY___ other
2026-05-07 14:15:50,967 INFO     ___FILE_ONLY___  
2026-05-07 14:15:50,967 INFO     ___FILE_ONLY___ requests
2026-05-07 14:15:50,968 INFO     ___FILE_ONLY___  
2026-05-07 14:15:50,968 INFO     ___FILE_ONLY___ are
2026-05-07 14:15:50,969 INFO     ___FILE_ONLY___ 

2026-05-07 14:15:50,969 INFO     ___FILE_ONLY___             
2026-05-07 14:15:50,970 INFO     ___FILE_ONLY___ rejected.
2026-05-07 14:15:50,970 INFO     ___FILE_ONLY___  
2026-05-07 14:15:50,971 INFO     ___FILE_ONLY___ See
2026-05-07 14:15:50,971 INFO     ___FILE_ONLY___  
2026-05-07 14:15:50,972 INFO     ___FILE_ONLY___ https://cloud.google.com/run/docs/securing/ingress
2026-05-07 14:15:50,972 INFO     ___FILE_ONLY___ 

2026-05-07 14:15:50,972 INFO     ___FILE_ONLY___             
2026-05-07 14:15:50,973 INFO     ___FILE_ONLY___ for
2026-05-07 14:15:50,973 INFO     ___FILE_ONLY___  
2026-05-07 14:15:50,974 INFO     ___FILE_ONLY___ full
2026-05-07 14:15:50,974 INFO     ___FILE_ONLY___  
2026-05-07 14:15:50,975 INFO     ___FILE_ONLY___ details
2026-05-07 14:15:50,975 INFO     ___FILE_ONLY___  
2026-05-07 14:15:50,976 INFO     ___FILE_ONLY___ on
2026-05-07 14:15:50,976 INFO     ___FILE_ONLY___  
2026-05-07 14:15:50,977 INFO     ___FILE_ONLY___ the
2026-05-07 14:15:50,977 INFO     ___FILE_ONLY___  
2026-05-07 14:15:50,977 INFO     ___FILE_ONLY___ definition
2026-05-07 14:15:50,978 INFO     ___FILE_ONLY___  
2026-05-07 14:15:50,978 INFO     ___FILE_ONLY___ of
2026-05-07 14:15:50,979 INFO     ___FILE_ONLY___  
2026-05-07 14:15:50,980 INFO     ___FILE_ONLY___ internal
2026-05-07 14:15:50,980 INFO     ___FILE_ONLY___  
2026-05-07 14:15:50,981 INFO     ___FILE_ONLY___ traffic
2026-05-07 14:15:50,981 INFO     ___FILE_ONLY___  
2026-05-07 14:15:50,982 INFO     ___FILE_ONLY___ for
2026-05-07 14:15:50,982 INFO     ___FILE_ONLY___  
2026-05-07 14:15:50,982 INFO     ___FILE_ONLY___ Cloud
2026-05-07 14:15:50,983 INFO     ___FILE_ONLY___ 

2026-05-07 14:15:50,983 INFO     ___FILE_ONLY___             
2026-05-07 14:15:50,984 INFO     ___FILE_ONLY___ Run.
2026-05-07 14:15:50,984 INFO     ___FILE_ONLY___ 

2026-05-07 14:15:50,985 INFO     ___FILE_ONLY___ 

2026-05-07 14:15:50,985 INFO     ___FILE_ONLY___          internal-and-cloud-load-balancing

2026-05-07 14:15:50,986 INFO     ___FILE_ONLY___            
2026-05-07 14:15:50,986 INFO     ___FILE_ONLY___  
2026-05-07 14:15:50,987 INFO     ___FILE_ONLY___ Only
2026-05-07 14:15:50,987 INFO     ___FILE_ONLY___  
2026-05-07 14:15:50,987 INFO     ___FILE_ONLY___ inbound
2026-05-07 14:15:50,988 INFO     ___FILE_ONLY___  
2026-05-07 14:15:50,988 INFO     ___FILE_ONLY___ requests
2026-05-07 14:15:50,989 INFO     ___FILE_ONLY___  
2026-05-07 14:15:50,989 INFO     ___FILE_ONLY___ from
2026-05-07 14:15:50,990 INFO     ___FILE_ONLY___  
2026-05-07 14:15:50,990 INFO     ___FILE_ONLY___ Google
2026-05-07 14:15:50,991 INFO     ___FILE_ONLY___  
2026-05-07 14:15:50,991 INFO     ___FILE_ONLY___ Cloud
2026-05-07 14:15:50,992 INFO     ___FILE_ONLY___  
2026-05-07 14:15:50,992 INFO     ___FILE_ONLY___ Load
2026-05-07 14:15:50,992 INFO     ___FILE_ONLY___  
2026-05-07 14:15:50,993 INFO     ___FILE_ONLY___ Balancing
2026-05-07 14:15:50,993 INFO     ___FILE_ONLY___  
2026-05-07 14:15:50,994 INFO     ___FILE_ONLY___ or
2026-05-07 14:15:50,994 INFO     ___FILE_ONLY___  
2026-05-07 14:15:50,995 INFO     ___FILE_ONLY___ a
2026-05-07 14:15:50,995 INFO     ___FILE_ONLY___  
2026-05-07 14:15:50,996 INFO     ___FILE_ONLY___ traffic
2026-05-07 14:15:50,996 INFO     ___FILE_ONLY___ 

2026-05-07 14:15:50,997 INFO     ___FILE_ONLY___             
2026-05-07 14:15:50,997 INFO     ___FILE_ONLY___ source
2026-05-07 14:15:50,998 INFO     ___FILE_ONLY___  
2026-05-07 14:15:50,998 INFO     ___FILE_ONLY___ allowed
2026-05-07 14:15:50,999 INFO     ___FILE_ONLY___  
2026-05-07 14:15:50,999 INFO     ___FILE_ONLY___ by
2026-05-07 14:15:50,999 INFO     ___FILE_ONLY___  
2026-05-07 14:15:51,000 INFO     ___FILE_ONLY___ the
2026-05-07 14:15:51,000 INFO     ___FILE_ONLY___  
2026-05-07 14:15:51,001 INFO     ___FILE_ONLY___ internal
2026-05-07 14:15:51,001 INFO     ___FILE_ONLY___  
2026-05-07 14:15:51,002 INFO     ___FILE_ONLY___ option
2026-05-07 14:15:51,002 INFO     ___FILE_ONLY___  
2026-05-07 14:15:51,003 INFO     ___FILE_ONLY___ are
2026-05-07 14:15:51,003 INFO     ___FILE_ONLY___  
2026-05-07 14:15:51,004 INFO     ___FILE_ONLY___ allowed.
2026-05-07 14:15:51,004 INFO     ___FILE_ONLY___ 

2026-05-07 14:15:51,004 INFO     ___FILE_ONLY___ 

2026-05-07 14:15:51,005 INFO     ___FILE_ONLY___      --[no-]invoker-iam-check

2026-05-07 14:15:51,005 INFO     ___FILE_ONLY___        
2026-05-07 14:15:51,006 INFO     ___FILE_ONLY___  
2026-05-07 14:15:51,007 INFO     ___FILE_ONLY___ Optionally
2026-05-07 14:15:51,007 INFO     ___FILE_ONLY___  
2026-05-07 14:15:51,008 INFO     ___FILE_ONLY___ disable
2026-05-07 14:15:51,008 INFO     ___FILE_ONLY___  
2026-05-07 14:15:51,009 INFO     ___FILE_ONLY___ invoker
2026-05-07 14:15:51,009 INFO     ___FILE_ONLY___  
2026-05-07 14:15:51,010 INFO     ___FILE_ONLY___ IAM
2026-05-07 14:15:51,010 INFO     ___FILE_ONLY___  
2026-05-07 14:15:51,011 INFO     ___FILE_ONLY___ checks.
2026-05-07 14:15:51,011 INFO     ___FILE_ONLY___  
2026-05-07 14:15:51,012 INFO     ___FILE_ONLY___ More
2026-05-07 14:15:51,013 INFO     ___FILE_ONLY___  
2026-05-07 14:15:51,013 INFO     ___FILE_ONLY___ info
2026-05-07 14:15:51,014 INFO     ___FILE_ONLY___  
2026-05-07 14:15:51,014 INFO     ___FILE_ONLY___ at
2026-05-07 14:15:51,015 INFO     ___FILE_ONLY___ 

2026-05-07 14:15:51,016 INFO     ___FILE_ONLY___         
2026-05-07 14:15:51,016 INFO     ___FILE_ONLY___ https://cloud.google.com/run/docs/securing/managing-access#invoker_check.
2026-05-07 14:15:51,017 INFO     ___FILE_ONLY___ 

2026-05-07 14:15:51,017 INFO     ___FILE_ONLY___         
2026-05-07 14:15:51,018 INFO     ___FILE_ONLY___ Use
2026-05-07 14:15:51,018 INFO     ___FILE_ONLY___  
2026-05-07 14:15:51,019 INFO     ___FILE_ONLY___ --invoker-iam-check
2026-05-07 14:15:51,019 INFO     ___FILE_ONLY___  
2026-05-07 14:15:51,020 INFO     ___FILE_ONLY___ to
2026-05-07 14:15:51,020 INFO     ___FILE_ONLY___  
2026-05-07 14:15:51,021 INFO     ___FILE_ONLY___ enable
2026-05-07 14:15:51,021 INFO     ___FILE_ONLY___  
2026-05-07 14:15:51,022 INFO     ___FILE_ONLY___ and
2026-05-07 14:15:51,022 INFO     ___FILE_ONLY___  
2026-05-07 14:15:51,023 INFO     ___FILE_ONLY___ --no-invoker-iam-check
2026-05-07 14:15:51,024 INFO     ___FILE_ONLY___  
2026-05-07 14:15:51,024 INFO     ___FILE_ONLY___ to
2026-05-07 14:15:51,025 INFO     ___FILE_ONLY___ 

2026-05-07 14:15:51,025 INFO     ___FILE_ONLY___         
2026-05-07 14:15:51,026 INFO     ___FILE_ONLY___ disable.
2026-05-07 14:15:51,026 INFO     ___FILE_ONLY___ 

2026-05-07 14:15:51,027 INFO     ___FILE_ONLY___ 

2026-05-07 14:15:51,027 INFO     ___FILE_ONLY___      --max=MAX

2026-05-07 14:15:51,028 INFO     ___FILE_ONLY___        
2026-05-07 14:15:51,029 INFO     ___FILE_ONLY___  
2026-05-07 14:15:51,030 INFO     ___FILE_ONLY___ The
2026-05-07 14:15:51,030 INFO     ___FILE_ONLY___  
2026-05-07 14:15:51,031 INFO     ___FILE_ONLY___ maximum
2026-05-07 14:15:51,031 INFO     ___FILE_ONLY___  
2026-05-07 14:15:51,032 INFO     ___FILE_ONLY___ number
2026-05-07 14:15:51,033 INFO     ___FILE_ONLY___  
2026-05-07 14:15:51,033 INFO     ___FILE_ONLY___ of
2026-05-07 14:15:51,036 INFO     ___FILE_ONLY___  
2026-05-07 14:15:51,037 INFO     ___FILE_ONLY___ container
2026-05-07 14:15:51,037 INFO     ___FILE_ONLY___  
2026-05-07 14:15:51,038 INFO     ___FILE_ONLY___ instances
2026-05-07 14:15:51,038 INFO     ___FILE_ONLY___  
2026-05-07 14:15:51,039 INFO     ___FILE_ONLY___ to
2026-05-07 14:15:51,039 INFO     ___FILE_ONLY___  
2026-05-07 14:15:51,040 INFO     ___FILE_ONLY___ run
2026-05-07 14:15:51,040 INFO     ___FILE_ONLY___  
2026-05-07 14:15:51,041 INFO     ___FILE_ONLY___ for
2026-05-07 14:15:51,041 INFO     ___FILE_ONLY___  
2026-05-07 14:15:51,042 INFO     ___FILE_ONLY___ this
2026-05-07 14:15:51,042 INFO     ___FILE_ONLY___  
2026-05-07 14:15:51,043 INFO     ___FILE_ONLY___ Service.
2026-05-07 14:15:51,043 INFO     ___FILE_ONLY___  
2026-05-07 14:15:51,044 INFO     ___FILE_ONLY___ This
2026-05-07 14:15:51,044 INFO     ___FILE_ONLY___ 

2026-05-07 14:15:51,045 INFO     ___FILE_ONLY___         
2026-05-07 14:15:51,045 INFO     ___FILE_ONLY___ instance
2026-05-07 14:15:51,046 INFO     ___FILE_ONLY___  
2026-05-07 14:15:51,047 INFO     ___FILE_ONLY___ limit
2026-05-07 14:15:51,048 INFO     ___FILE_ONLY___  
2026-05-07 14:15:51,048 INFO     ___FILE_ONLY___ will
2026-05-07 14:15:51,049 INFO     ___FILE_ONLY___  
2026-05-07 14:15:51,049 INFO     ___FILE_ONLY___ be
2026-05-07 14:15:51,050 INFO     ___FILE_ONLY___  
2026-05-07 14:15:51,050 INFO     ___FILE_ONLY___ divided
2026-05-07 14:15:51,051 INFO     ___FILE_ONLY___  
2026-05-07 14:15:51,051 INFO     ___FILE_ONLY___ among
2026-05-07 14:15:51,052 INFO     ___FILE_ONLY___  
2026-05-07 14:15:51,052 INFO     ___FILE_ONLY___ all
2026-05-07 14:15:51,053 INFO     ___FILE_ONLY___  
2026-05-07 14:15:51,053 INFO     ___FILE_ONLY___ Revisions
2026-05-07 14:15:51,054 INFO     ___FILE_ONLY___  
2026-05-07 14:15:51,054 INFO     ___FILE_ONLY___ receiving
2026-05-07 14:15:51,055 INFO     ___FILE_ONLY___  
2026-05-07 14:15:51,055 INFO     ___FILE_ONLY___ a
2026-05-07 14:15:51,056 INFO     ___FILE_ONLY___ 

2026-05-07 14:15:51,056 INFO     ___FILE_ONLY___         
2026-05-07 14:15:51,057 INFO     ___FILE_ONLY___ percentage
2026-05-07 14:15:51,057 INFO     ___FILE_ONLY___  
2026-05-07 14:15:51,058 INFO     ___FILE_ONLY___ of
2026-05-07 14:15:51,058 INFO     ___FILE_ONLY___  
2026-05-07 14:15:51,059 INFO     ___FILE_ONLY___ traffic
2026-05-07 14:15:51,059 INFO     ___FILE_ONLY___  
2026-05-07 14:15:51,060 INFO     ___FILE_ONLY___ and
2026-05-07 14:15:51,060 INFO     ___FILE_ONLY___  
2026-05-07 14:15:51,061 INFO     ___FILE_ONLY___ can
2026-05-07 14:15:51,061 INFO     ___FILE_ONLY___  
2026-05-07 14:15:51,062 INFO     ___FILE_ONLY___ be
2026-05-07 14:15:51,062 INFO     ___FILE_ONLY___  
2026-05-07 14:15:51,063 INFO     ___FILE_ONLY___ modified
2026-05-07 14:15:51,063 INFO     ___FILE_ONLY___  
2026-05-07 14:15:51,064 INFO     ___FILE_ONLY___ without
2026-05-07 14:15:51,064 INFO     ___FILE_ONLY___  
2026-05-07 14:15:51,065 INFO     ___FILE_ONLY___ deploying
2026-05-07 14:15:51,065 INFO     ___FILE_ONLY___  
2026-05-07 14:15:51,066 INFO     ___FILE_ONLY___ a
2026-05-07 14:15:51,066 INFO     ___FILE_ONLY___  
2026-05-07 14:15:51,067 INFO     ___FILE_ONLY___ new
2026-05-07 14:15:51,067 INFO     ___FILE_ONLY___ 

2026-05-07 14:15:51,068 INFO     ___FILE_ONLY___         
2026-05-07 14:15:51,068 INFO     ___FILE_ONLY___ Revision.
2026-05-07 14:15:51,069 INFO     ___FILE_ONLY___ 

2026-05-07 14:15:51,069 INFO     ___FILE_ONLY___ 

2026-05-07 14:15:51,070 INFO     ___FILE_ONLY___      --max-instances=MAX_INSTANCES

2026-05-07 14:15:51,070 INFO     ___FILE_ONLY___        
2026-05-07 14:15:51,071 INFO     ___FILE_ONLY___  
2026-05-07 14:15:51,071 INFO     ___FILE_ONLY___ The
2026-05-07 14:15:51,072 INFO     ___FILE_ONLY___  
2026-05-07 14:15:51,072 INFO     ___FILE_ONLY___ maximum
2026-05-07 14:15:51,073 INFO     ___FILE_ONLY___  
2026-05-07 14:15:51,073 INFO     ___FILE_ONLY___ number
2026-05-07 14:15:51,074 INFO     ___FILE_ONLY___  
2026-05-07 14:15:51,074 INFO     ___FILE_ONLY___ of
2026-05-07 14:15:51,075 INFO     ___FILE_ONLY___  
2026-05-07 14:15:51,075 INFO     ___FILE_ONLY___ container
2026-05-07 14:15:51,076 INFO     ___FILE_ONLY___  
2026-05-07 14:15:51,076 INFO     ___FILE_ONLY___ instances
2026-05-07 14:15:51,077 INFO     ___FILE_ONLY___  
2026-05-07 14:15:51,077 INFO     ___FILE_ONLY___ for
2026-05-07 14:15:51,077 INFO     ___FILE_ONLY___  
2026-05-07 14:15:51,078 INFO     ___FILE_ONLY___ this
2026-05-07 14:15:51,078 INFO     ___FILE_ONLY___  
2026-05-07 14:15:51,079 INFO     ___FILE_ONLY___ Revision
2026-05-07 14:15:51,080 INFO     ___FILE_ONLY___  
2026-05-07 14:15:51,080 INFO     ___FILE_ONLY___ to
2026-05-07 14:15:51,081 INFO     ___FILE_ONLY___  
2026-05-07 14:15:51,081 INFO     ___FILE_ONLY___ run
2026-05-07 14:15:51,082 INFO     ___FILE_ONLY___  
2026-05-07 14:15:51,082 INFO     ___FILE_ONLY___ or
2026-05-07 14:15:51,083 INFO     ___FILE_ONLY___ 

2026-05-07 14:15:51,083 INFO     ___FILE_ONLY___         
2026-05-07 14:15:51,084 INFO     ___FILE_ONLY___ 'default'
2026-05-07 14:15:51,084 INFO     ___FILE_ONLY___  
2026-05-07 14:15:51,085 INFO     ___FILE_ONLY___ to
2026-05-07 14:15:51,085 INFO     ___FILE_ONLY___  
2026-05-07 14:15:51,086 INFO     ___FILE_ONLY___ remove.
2026-05-07 14:15:51,086 INFO     ___FILE_ONLY___  
2026-05-07 14:15:51,087 INFO     ___FILE_ONLY___ This
2026-05-07 14:15:51,087 INFO     ___FILE_ONLY___  
2026-05-07 14:15:51,088 INFO     ___FILE_ONLY___ setting
2026-05-07 14:15:51,088 INFO     ___FILE_ONLY___  
2026-05-07 14:15:51,089 INFO     ___FILE_ONLY___ is
2026-05-07 14:15:51,089 INFO     ___FILE_ONLY___  
2026-05-07 14:15:51,090 INFO     ___FILE_ONLY___ immutably
2026-05-07 14:15:51,090 INFO     ___FILE_ONLY___  
2026-05-07 14:15:51,091 INFO     ___FILE_ONLY___ set
2026-05-07 14:15:51,091 INFO     ___FILE_ONLY___  
2026-05-07 14:15:51,091 INFO     ___FILE_ONLY___ on
2026-05-07 14:15:51,092 INFO     ___FILE_ONLY___  
2026-05-07 14:15:51,092 INFO     ___FILE_ONLY___ each
2026-05-07 14:15:51,093 INFO     ___FILE_ONLY___  
2026-05-07 14:15:51,093 INFO     ___FILE_ONLY___ new
2026-05-07 14:15:51,094 INFO     ___FILE_ONLY___  
2026-05-07 14:15:51,094 INFO     ___FILE_ONLY___ Revision
2026-05-07 14:15:51,095 INFO     ___FILE_ONLY___ 

2026-05-07 14:15:51,095 INFO     ___FILE_ONLY___         
2026-05-07 14:15:51,096 INFO     ___FILE_ONLY___ and
2026-05-07 14:15:51,096 INFO     ___FILE_ONLY___  
2026-05-07 14:15:51,097 INFO     ___FILE_ONLY___ modifying
2026-05-07 14:15:51,097 INFO     ___FILE_ONLY___  
2026-05-07 14:15:51,098 INFO     ___FILE_ONLY___ its
2026-05-07 14:15:51,098 INFO     ___FILE_ONLY___  
2026-05-07 14:15:51,099 INFO     ___FILE_ONLY___ value
2026-05-07 14:15:51,099 INFO     ___FILE_ONLY___  
2026-05-07 14:15:51,100 INFO     ___FILE_ONLY___ will
2026-05-07 14:15:51,100 INFO     ___FILE_ONLY___  
2026-05-07 14:15:51,101 INFO     ___FILE_ONLY___ deploy
2026-05-07 14:15:51,101 INFO     ___FILE_ONLY___  
2026-05-07 14:15:51,101 INFO     ___FILE_ONLY___ another
2026-05-07 14:15:51,102 INFO     ___FILE_ONLY___  
2026-05-07 14:15:51,102 INFO     ___FILE_ONLY___ Revision.
2026-05-07 14:15:51,103 INFO     ___FILE_ONLY___ 

2026-05-07 14:15:51,103 INFO     ___FILE_ONLY___ 

2026-05-07 14:15:51,104 INFO     ___FILE_ONLY___      --min=MIN

2026-05-07 14:15:51,104 INFO     ___FILE_ONLY___        
2026-05-07 14:15:51,105 INFO     ___FILE_ONLY___  
2026-05-07 14:15:51,105 INFO     ___FILE_ONLY___ The
2026-05-07 14:15:51,106 INFO     ___FILE_ONLY___  
2026-05-07 14:15:51,106 INFO     ___FILE_ONLY___ minimum
2026-05-07 14:15:51,106 INFO     ___FILE_ONLY___  
2026-05-07 14:15:51,107 INFO     ___FILE_ONLY___ number
2026-05-07 14:15:51,107 INFO     ___FILE_ONLY___  
2026-05-07 14:15:51,108 INFO     ___FILE_ONLY___ of
2026-05-07 14:15:51,108 INFO     ___FILE_ONLY___  
2026-05-07 14:15:51,109 INFO     ___FILE_ONLY___ container
2026-05-07 14:15:51,109 INFO     ___FILE_ONLY___  
2026-05-07 14:15:51,110 INFO     ___FILE_ONLY___ instances
2026-05-07 14:15:51,110 INFO     ___FILE_ONLY___  
2026-05-07 14:15:51,111 INFO     ___FILE_ONLY___ to
2026-05-07 14:15:51,111 INFO     ___FILE_ONLY___  
2026-05-07 14:15:51,111 INFO     ___FILE_ONLY___ run
2026-05-07 14:15:51,112 INFO     ___FILE_ONLY___  
2026-05-07 14:15:51,112 INFO     ___FILE_ONLY___ for
2026-05-07 14:15:51,113 INFO     ___FILE_ONLY___  
2026-05-07 14:15:51,114 INFO     ___FILE_ONLY___ this
2026-05-07 14:15:51,114 INFO     ___FILE_ONLY___  
2026-05-07 14:15:51,115 INFO     ___FILE_ONLY___ Service
2026-05-07 14:15:51,115 INFO     ___FILE_ONLY___  
2026-05-07 14:15:51,116 INFO     ___FILE_ONLY___ or
2026-05-07 14:15:51,117 INFO     ___FILE_ONLY___ 

2026-05-07 14:15:51,117 INFO     ___FILE_ONLY___         
2026-05-07 14:15:51,118 INFO     ___FILE_ONLY___ 'default'
2026-05-07 14:15:51,118 INFO     ___FILE_ONLY___  
2026-05-07 14:15:51,120 INFO     ___FILE_ONLY___ to
2026-05-07 14:15:51,120 INFO     ___FILE_ONLY___  
2026-05-07 14:15:51,121 INFO     ___FILE_ONLY___ remove.
2026-05-07 14:15:51,121 INFO     ___FILE_ONLY___  
2026-05-07 14:15:51,122 INFO     ___FILE_ONLY___ These
2026-05-07 14:15:51,123 INFO     ___FILE_ONLY___  
2026-05-07 14:15:51,123 INFO     ___FILE_ONLY___ instances
2026-05-07 14:15:51,123 INFO     ___FILE_ONLY___  
2026-05-07 14:15:51,124 INFO     ___FILE_ONLY___ will
2026-05-07 14:15:51,124 INFO     ___FILE_ONLY___  
2026-05-07 14:15:51,125 INFO     ___FILE_ONLY___ be
2026-05-07 14:15:51,126 INFO     ___FILE_ONLY___  
2026-05-07 14:15:51,126 INFO     ___FILE_ONLY___ divided
2026-05-07 14:15:51,127 INFO     ___FILE_ONLY___  
2026-05-07 14:15:51,128 INFO     ___FILE_ONLY___ among
2026-05-07 14:15:51,128 INFO     ___FILE_ONLY___  
2026-05-07 14:15:51,129 INFO     ___FILE_ONLY___ all
2026-05-07 14:15:51,130 INFO     ___FILE_ONLY___ 

2026-05-07 14:15:51,131 INFO     ___FILE_ONLY___         
2026-05-07 14:15:51,131 INFO     ___FILE_ONLY___ Revisions
2026-05-07 14:15:51,132 INFO     ___FILE_ONLY___  
2026-05-07 14:15:51,133 INFO     ___FILE_ONLY___ receiving
2026-05-07 14:15:51,133 INFO     ___FILE_ONLY___  
2026-05-07 14:15:51,134 INFO     ___FILE_ONLY___ a
2026-05-07 14:15:51,134 INFO     ___FILE_ONLY___  
2026-05-07 14:15:51,135 INFO     ___FILE_ONLY___ percentage
2026-05-07 14:15:51,135 INFO     ___FILE_ONLY___  
2026-05-07 14:15:51,136 INFO     ___FILE_ONLY___ of
2026-05-07 14:15:51,136 INFO     ___FILE_ONLY___  
2026-05-07 14:15:51,137 INFO     ___FILE_ONLY___ traffic
2026-05-07 14:15:51,137 INFO     ___FILE_ONLY___  
2026-05-07 14:15:51,138 INFO     ___FILE_ONLY___ and
2026-05-07 14:15:51,139 INFO     ___FILE_ONLY___  
2026-05-07 14:15:51,139 INFO     ___FILE_ONLY___ can
2026-05-07 14:15:51,140 INFO     ___FILE_ONLY___  
2026-05-07 14:15:51,140 INFO     ___FILE_ONLY___ be
2026-05-07 14:15:51,141 INFO     ___FILE_ONLY___  
2026-05-07 14:15:51,141 INFO     ___FILE_ONLY___ modified
2026-05-07 14:15:51,142 INFO     ___FILE_ONLY___  
2026-05-07 14:15:51,142 INFO     ___FILE_ONLY___ without
2026-05-07 14:15:51,143 INFO     ___FILE_ONLY___ 

2026-05-07 14:15:51,143 INFO     ___FILE_ONLY___         
2026-05-07 14:15:51,144 INFO     ___FILE_ONLY___ deploying
2026-05-07 14:15:51,144 INFO     ___FILE_ONLY___  
2026-05-07 14:15:51,145 INFO     ___FILE_ONLY___ a
2026-05-07 14:15:51,145 INFO     ___FILE_ONLY___  
2026-05-07 14:15:51,146 INFO     ___FILE_ONLY___ new
2026-05-07 14:15:51,147 INFO     ___FILE_ONLY___  
2026-05-07 14:15:51,148 INFO     ___FILE_ONLY___ Revision.
2026-05-07 14:15:51,148 INFO     ___FILE_ONLY___ 

2026-05-07 14:15:51,149 INFO     ___FILE_ONLY___ 

2026-05-07 14:15:51,149 INFO     ___FILE_ONLY___      --min-instances=MIN_INSTANCES

2026-05-07 14:15:51,150 INFO     ___FILE_ONLY___        
2026-05-07 14:15:51,150 INFO     ___FILE_ONLY___  
2026-05-07 14:15:51,151 INFO     ___FILE_ONLY___ The
2026-05-07 14:15:51,151 INFO     ___FILE_ONLY___  
2026-05-07 14:15:51,152 INFO     ___FILE_ONLY___ minimum
2026-05-07 14:15:51,152 INFO     ___FILE_ONLY___  
2026-05-07 14:15:51,153 INFO     ___FILE_ONLY___ number
2026-05-07 14:15:51,153 INFO     ___FILE_ONLY___  
2026-05-07 14:15:51,154 INFO     ___FILE_ONLY___ of
2026-05-07 14:15:51,154 INFO     ___FILE_ONLY___  
2026-05-07 14:15:51,155 INFO     ___FILE_ONLY___ container
2026-05-07 14:15:51,156 INFO     ___FILE_ONLY___  
2026-05-07 14:15:51,156 INFO     ___FILE_ONLY___ instances
2026-05-07 14:15:51,157 INFO     ___FILE_ONLY___  
2026-05-07 14:15:51,157 INFO     ___FILE_ONLY___ to
2026-05-07 14:15:51,157 INFO     ___FILE_ONLY___  
2026-05-07 14:15:51,158 INFO     ___FILE_ONLY___ run
2026-05-07 14:15:51,158 INFO     ___FILE_ONLY___  
2026-05-07 14:15:51,159 INFO     ___FILE_ONLY___ for
2026-05-07 14:15:51,160 INFO     ___FILE_ONLY___  
2026-05-07 14:15:51,160 INFO     ___FILE_ONLY___ this
2026-05-07 14:15:51,161 INFO     ___FILE_ONLY___  
2026-05-07 14:15:51,161 INFO     ___FILE_ONLY___ Revision
2026-05-07 14:15:51,162 INFO     ___FILE_ONLY___  
2026-05-07 14:15:51,162 INFO     ___FILE_ONLY___ or
2026-05-07 14:15:51,163 INFO     ___FILE_ONLY___ 

2026-05-07 14:15:51,164 INFO     ___FILE_ONLY___         
2026-05-07 14:15:51,164 INFO     ___FILE_ONLY___ 'default'
2026-05-07 14:15:51,165 INFO     ___FILE_ONLY___  
2026-05-07 14:15:51,165 INFO     ___FILE_ONLY___ to
2026-05-07 14:15:51,166 INFO     ___FILE_ONLY___  
2026-05-07 14:15:51,166 INFO     ___FILE_ONLY___ remove.
2026-05-07 14:15:51,167 INFO     ___FILE_ONLY___  
2026-05-07 14:15:51,167 INFO     ___FILE_ONLY___ This
2026-05-07 14:15:51,168 INFO     ___FILE_ONLY___  
2026-05-07 14:15:51,168 INFO     ___FILE_ONLY___ setting
2026-05-07 14:15:51,169 INFO     ___FILE_ONLY___  
2026-05-07 14:15:51,169 INFO     ___FILE_ONLY___ is
2026-05-07 14:15:51,170 INFO     ___FILE_ONLY___  
2026-05-07 14:15:51,171 INFO     ___FILE_ONLY___ immutably
2026-05-07 14:15:51,171 INFO     ___FILE_ONLY___  
2026-05-07 14:15:51,172 INFO     ___FILE_ONLY___ set
2026-05-07 14:15:51,172 INFO     ___FILE_ONLY___  
2026-05-07 14:15:51,173 INFO     ___FILE_ONLY___ on
2026-05-07 14:15:51,173 INFO     ___FILE_ONLY___  
2026-05-07 14:15:51,174 INFO     ___FILE_ONLY___ each
2026-05-07 14:15:51,175 INFO     ___FILE_ONLY___  
2026-05-07 14:15:51,175 INFO     ___FILE_ONLY___ new
2026-05-07 14:15:51,176 INFO     ___FILE_ONLY___  
2026-05-07 14:15:51,176 INFO     ___FILE_ONLY___ Revision
2026-05-07 14:15:51,177 INFO     ___FILE_ONLY___ 

2026-05-07 14:15:51,177 INFO     ___FILE_ONLY___         
2026-05-07 14:15:51,181 INFO     ___FILE_ONLY___ and
2026-05-07 14:15:51,181 INFO     ___FILE_ONLY___  
2026-05-07 14:15:51,182 INFO     ___FILE_ONLY___ modifying
2026-05-07 14:15:51,182 INFO     ___FILE_ONLY___  
2026-05-07 14:15:51,183 INFO     ___FILE_ONLY___ its
2026-05-07 14:15:51,183 INFO     ___FILE_ONLY___  
2026-05-07 14:15:51,184 INFO     ___FILE_ONLY___ value
2026-05-07 14:15:51,185 INFO     ___FILE_ONLY___  
2026-05-07 14:15:51,185 INFO     ___FILE_ONLY___ will
2026-05-07 14:15:51,186 INFO     ___FILE_ONLY___  
2026-05-07 14:15:51,186 INFO     ___FILE_ONLY___ deploy
2026-05-07 14:15:51,187 INFO     ___FILE_ONLY___  
2026-05-07 14:15:51,187 INFO     ___FILE_ONLY___ a
2026-05-07 14:15:51,188 INFO     ___FILE_ONLY___  
2026-05-07 14:15:51,188 INFO     ___FILE_ONLY___ another
2026-05-07 14:15:51,189 INFO     ___FILE_ONLY___  
2026-05-07 14:15:51,190 INFO     ___FILE_ONLY___ Revision.
2026-05-07 14:15:51,190 INFO     ___FILE_ONLY___  
2026-05-07 14:15:51,191 INFO     ___FILE_ONLY___ Consider
2026-05-07 14:15:51,191 INFO     ___FILE_ONLY___  
2026-05-07 14:15:51,192 INFO     ___FILE_ONLY___ using
2026-05-07 14:15:51,192 INFO     ___FILE_ONLY___ 

2026-05-07 14:15:51,193 INFO     ___FILE_ONLY___         
2026-05-07 14:15:51,193 INFO     ___FILE_ONLY___ --min
2026-05-07 14:15:51,194 INFO     ___FILE_ONLY___  
2026-05-07 14:15:51,194 INFO     ___FILE_ONLY___ to
2026-05-07 14:15:51,195 INFO     ___FILE_ONLY___  
2026-05-07 14:15:51,195 INFO     ___FILE_ONLY___ set
2026-05-07 14:15:51,196 INFO     ___FILE_ONLY___  
2026-05-07 14:15:51,197 INFO     ___FILE_ONLY___ the
2026-05-07 14:15:51,197 INFO     ___FILE_ONLY___  
2026-05-07 14:15:51,198 INFO     ___FILE_ONLY___ minimum
2026-05-07 14:15:51,198 INFO     ___FILE_ONLY___  
2026-05-07 14:15:51,199 INFO     ___FILE_ONLY___ number
2026-05-07 14:15:51,199 INFO     ___FILE_ONLY___  
2026-05-07 14:15:51,200 INFO     ___FILE_ONLY___ of
2026-05-07 14:15:51,201 INFO     ___FILE_ONLY___  
2026-05-07 14:15:51,202 INFO     ___FILE_ONLY___ instances
2026-05-07 14:15:51,202 INFO     ___FILE_ONLY___  
2026-05-07 14:15:51,203 INFO     ___FILE_ONLY___ across
2026-05-07 14:15:51,204 INFO     ___FILE_ONLY___  
2026-05-07 14:15:51,204 INFO     ___FILE_ONLY___ all
2026-05-07 14:15:51,205 INFO     ___FILE_ONLY___  
2026-05-07 14:15:51,205 INFO     ___FILE_ONLY___ revisions
2026-05-07 14:15:51,206 INFO     ___FILE_ONLY___  
2026-05-07 14:15:51,206 INFO     ___FILE_ONLY___ of
2026-05-07 14:15:51,207 INFO     ___FILE_ONLY___ 

2026-05-07 14:15:51,207 INFO     ___FILE_ONLY___         
2026-05-07 14:15:51,208 INFO     ___FILE_ONLY___ the
2026-05-07 14:15:51,208 INFO     ___FILE_ONLY___  
2026-05-07 14:15:51,209 INFO     ___FILE_ONLY___ Service
2026-05-07 14:15:51,209 INFO     ___FILE_ONLY___  
2026-05-07 14:15:51,210 INFO     ___FILE_ONLY___ which
2026-05-07 14:15:51,210 INFO     ___FILE_ONLY___  
2026-05-07 14:15:51,211 INFO     ___FILE_ONLY___ may
2026-05-07 14:15:51,211 INFO     ___FILE_ONLY___  
2026-05-07 14:15:51,211 INFO     ___FILE_ONLY___ be
2026-05-07 14:15:51,212 INFO     ___FILE_ONLY___  
2026-05-07 14:15:51,213 INFO     ___FILE_ONLY___ modified
2026-05-07 14:15:51,213 INFO     ___FILE_ONLY___  
2026-05-07 14:15:51,214 INFO     ___FILE_ONLY___ dynamically.
2026-05-07 14:15:51,215 INFO     ___FILE_ONLY___ 

2026-05-07 14:15:51,215 INFO     ___FILE_ONLY___ 

2026-05-07 14:15:51,215 INFO     ___FILE_ONLY___      --region=REGION

2026-05-07 14:15:51,216 INFO     ___FILE_ONLY___        
2026-05-07 14:15:51,217 INFO     ___FILE_ONLY___  
2026-05-07 14:15:51,217 INFO     ___FILE_ONLY___ Region
2026-05-07 14:15:51,218 INFO     ___FILE_ONLY___  
2026-05-07 14:15:51,219 INFO     ___FILE_ONLY___ in
2026-05-07 14:15:51,219 INFO     ___FILE_ONLY___  
2026-05-07 14:15:51,220 INFO     ___FILE_ONLY___ which
2026-05-07 14:15:51,220 INFO     ___FILE_ONLY___  
2026-05-07 14:15:51,221 INFO     ___FILE_ONLY___ the
2026-05-07 14:15:51,221 INFO     ___FILE_ONLY___  
2026-05-07 14:15:51,221 INFO     ___FILE_ONLY___ resource
2026-05-07 14:15:51,222 INFO     ___FILE_ONLY___  
2026-05-07 14:15:51,222 INFO     ___FILE_ONLY___ can
2026-05-07 14:15:51,223 INFO     ___FILE_ONLY___  
2026-05-07 14:15:51,223 INFO     ___FILE_ONLY___ be
2026-05-07 14:15:51,224 INFO     ___FILE_ONLY___  
2026-05-07 14:15:51,224 INFO     ___FILE_ONLY___ found.
2026-05-07 14:15:51,225 INFO     ___FILE_ONLY___  
2026-05-07 14:15:51,225 INFO     ___FILE_ONLY___ Alternatively,
2026-05-07 14:15:51,226 INFO     ___FILE_ONLY___  
2026-05-07 14:15:51,226 INFO     ___FILE_ONLY___ set
2026-05-07 14:15:51,226 INFO     ___FILE_ONLY___  
2026-05-07 14:15:51,227 INFO     ___FILE_ONLY___ the
2026-05-07 14:15:51,227 INFO     ___FILE_ONLY___ 

2026-05-07 14:15:51,228 INFO     ___FILE_ONLY___         
2026-05-07 14:15:51,229 INFO     ___FILE_ONLY___ property
2026-05-07 14:15:51,229 INFO     ___FILE_ONLY___  
2026-05-07 14:15:51,230 INFO     ___FILE_ONLY___ [run/region].
2026-05-07 14:15:51,230 INFO     ___FILE_ONLY___ 

2026-05-07 14:15:51,231 INFO     ___FILE_ONLY___ 

2026-05-07 14:15:51,231 INFO     ___FILE_ONLY___      --regions=REGIONS

2026-05-07 14:15:51,232 INFO     ___FILE_ONLY___        
2026-05-07 14:15:51,232 INFO     ___FILE_ONLY___  
2026-05-07 14:15:51,233 INFO     ___FILE_ONLY___ Comma-separated
2026-05-07 14:15:51,233 INFO     ___FILE_ONLY___  
2026-05-07 14:15:51,233 INFO     ___FILE_ONLY___ list
2026-05-07 14:15:51,234 INFO     ___FILE_ONLY___  
2026-05-07 14:15:51,234 INFO     ___FILE_ONLY___ of
2026-05-07 14:15:51,235 INFO     ___FILE_ONLY___  
2026-05-07 14:15:51,235 INFO     ___FILE_ONLY___ regions
2026-05-07 14:15:51,236 INFO     ___FILE_ONLY___  
2026-05-07 14:15:51,236 INFO     ___FILE_ONLY___ in
2026-05-07 14:15:51,237 INFO     ___FILE_ONLY___  
2026-05-07 14:15:51,237 INFO     ___FILE_ONLY___ which
2026-05-07 14:15:51,238 INFO     ___FILE_ONLY___  
2026-05-07 14:15:51,238 INFO     ___FILE_ONLY___ the
2026-05-07 14:15:51,238 INFO     ___FILE_ONLY___  
2026-05-07 14:15:51,239 INFO     ___FILE_ONLY___ multi-region
2026-05-07 14:15:51,239 INFO     ___FILE_ONLY___  
2026-05-07 14:15:51,240 INFO     ___FILE_ONLY___ Service
2026-05-07 14:15:51,240 INFO     ___FILE_ONLY___  
2026-05-07 14:15:51,241 INFO     ___FILE_ONLY___ can
2026-05-07 14:15:51,241 INFO     ___FILE_ONLY___ 

2026-05-07 14:15:51,242 INFO     ___FILE_ONLY___         
2026-05-07 14:15:51,242 INFO     ___FILE_ONLY___ be
2026-05-07 14:15:51,243 INFO     ___FILE_ONLY___  
2026-05-07 14:15:51,243 INFO     ___FILE_ONLY___ found.
2026-05-07 14:15:51,243 INFO     ___FILE_ONLY___ 

2026-05-07 14:15:51,244 INFO     ___FILE_ONLY___ 

2026-05-07 14:15:51,244 INFO     ___FILE_ONLY___      --remove-containers=[CONTAINER,...]

2026-05-07 14:15:51,245 INFO     ___FILE_ONLY___        
2026-05-07 14:15:51,245 INFO     ___FILE_ONLY___  
2026-05-07 14:15:51,246 INFO     ___FILE_ONLY___ List
2026-05-07 14:15:51,247 INFO     ___FILE_ONLY___  
2026-05-07 14:15:51,247 INFO     ___FILE_ONLY___ of
2026-05-07 14:15:51,248 INFO     ___FILE_ONLY___  
2026-05-07 14:15:51,248 INFO     ___FILE_ONLY___ containers
2026-05-07 14:15:51,248 INFO     ___FILE_ONLY___  
2026-05-07 14:15:51,249 INFO     ___FILE_ONLY___ to
2026-05-07 14:15:51,249 INFO     ___FILE_ONLY___  
2026-05-07 14:15:51,250 INFO     ___FILE_ONLY___ remove.
2026-05-07 14:15:51,250 INFO     ___FILE_ONLY___ 

2026-05-07 14:15:51,251 INFO     ___FILE_ONLY___ 

2026-05-07 14:15:51,251 INFO     ___FILE_ONLY___      --revision-suffix=REVISION_SUFFIX

2026-05-07 14:15:51,252 INFO     ___FILE_ONLY___        
2026-05-07 14:15:51,252 INFO     ___FILE_ONLY___  
2026-05-07 14:15:51,253 INFO     ___FILE_ONLY___ Specify
2026-05-07 14:15:51,253 INFO     ___FILE_ONLY___  
2026-05-07 14:15:51,253 INFO     ___FILE_ONLY___ the
2026-05-07 14:15:51,254 INFO     ___FILE_ONLY___  
2026-05-07 14:15:51,254 INFO     ___FILE_ONLY___ suffix
2026-05-07 14:15:51,255 INFO     ___FILE_ONLY___  
2026-05-07 14:15:51,255 INFO     ___FILE_ONLY___ of
2026-05-07 14:15:51,256 INFO     ___FILE_ONLY___  
2026-05-07 14:15:51,256 INFO     ___FILE_ONLY___ the
2026-05-07 14:15:51,257 INFO     ___FILE_ONLY___  
2026-05-07 14:15:51,257 INFO     ___FILE_ONLY___ revision
2026-05-07 14:15:51,258 INFO     ___FILE_ONLY___  
2026-05-07 14:15:51,258 INFO     ___FILE_ONLY___ name.
2026-05-07 14:15:51,258 INFO     ___FILE_ONLY___  
2026-05-07 14:15:51,259 INFO     ___FILE_ONLY___ Revision
2026-05-07 14:15:51,259 INFO     ___FILE_ONLY___  
2026-05-07 14:15:51,260 INFO     ___FILE_ONLY___ names
2026-05-07 14:15:51,260 INFO     ___FILE_ONLY___  
2026-05-07 14:15:51,261 INFO     ___FILE_ONLY___ always
2026-05-07 14:15:51,261 INFO     ___FILE_ONLY___  
2026-05-07 14:15:51,262 INFO     ___FILE_ONLY___ start
2026-05-07 14:15:51,262 INFO     ___FILE_ONLY___ 

2026-05-07 14:15:51,263 INFO     ___FILE_ONLY___         
2026-05-07 14:15:51,264 INFO     ___FILE_ONLY___ with
2026-05-07 14:15:51,264 INFO     ___FILE_ONLY___  
2026-05-07 14:15:51,265 INFO     ___FILE_ONLY___ the
2026-05-07 14:15:51,265 INFO     ___FILE_ONLY___  
2026-05-07 14:15:51,265 INFO     ___FILE_ONLY___ service
2026-05-07 14:15:51,266 INFO     ___FILE_ONLY___  
2026-05-07 14:15:51,266 INFO     ___FILE_ONLY___ name
2026-05-07 14:15:51,267 INFO     ___FILE_ONLY___  
2026-05-07 14:15:51,267 INFO     ___FILE_ONLY___ automatically.
2026-05-07 14:15:51,268 INFO     ___FILE_ONLY___  
2026-05-07 14:15:51,268 INFO     ___FILE_ONLY___ For
2026-05-07 14:15:51,269 INFO     ___FILE_ONLY___  
2026-05-07 14:15:51,269 INFO     ___FILE_ONLY___ example,
2026-05-07 14:15:51,269 INFO     ___FILE_ONLY___  
2026-05-07 14:15:51,270 INFO     ___FILE_ONLY___ specifying
2026-05-07 14:15:51,270 INFO     ___FILE_ONLY___ 

2026-05-07 14:15:51,271 INFO     ___FILE_ONLY___         
2026-05-07 14:15:51,271 INFO     ___FILE_ONLY___ [--revision-suffix=v1]
2026-05-07 14:15:51,272 INFO     ___FILE_ONLY___  
2026-05-07 14:15:51,272 INFO     ___FILE_ONLY___ for
2026-05-07 14:15:51,273 INFO     ___FILE_ONLY___  
2026-05-07 14:15:51,273 INFO     ___FILE_ONLY___ a
2026-05-07 14:15:51,274 INFO     ___FILE_ONLY___  
2026-05-07 14:15:51,274 INFO     ___FILE_ONLY___ service
2026-05-07 14:15:51,274 INFO     ___FILE_ONLY___  
2026-05-07 14:15:51,275 INFO     ___FILE_ONLY___ named
2026-05-07 14:15:51,275 INFO     ___FILE_ONLY___  
2026-05-07 14:15:51,276 INFO     ___FILE_ONLY___ 'helloworld',
2026-05-07 14:15:51,276 INFO     ___FILE_ONLY___  
2026-05-07 14:15:51,277 INFO     ___FILE_ONLY___ would
2026-05-07 14:15:51,277 INFO     ___FILE_ONLY___  
2026-05-07 14:15:51,278 INFO     ___FILE_ONLY___ lead
2026-05-07 14:15:51,278 INFO     ___FILE_ONLY___  
2026-05-07 14:15:51,279 INFO     ___FILE_ONLY___ to
2026-05-07 14:15:51,279 INFO     ___FILE_ONLY___ 

2026-05-07 14:15:51,280 INFO     ___FILE_ONLY___         
2026-05-07 14:15:51,280 INFO     ___FILE_ONLY___ a
2026-05-07 14:15:51,281 INFO     ___FILE_ONLY___  
2026-05-07 14:15:51,281 INFO     ___FILE_ONLY___ revision
2026-05-07 14:15:51,282 INFO     ___FILE_ONLY___  
2026-05-07 14:15:51,282 INFO     ___FILE_ONLY___ named
2026-05-07 14:15:51,283 INFO     ___FILE_ONLY___  
2026-05-07 14:15:51,283 INFO     ___FILE_ONLY___ 'helloworld-v1'.
2026-05-07 14:15:51,284 INFO     ___FILE_ONLY___  
2026-05-07 14:15:51,284 INFO     ___FILE_ONLY___ Set
2026-05-07 14:15:51,285 INFO     ___FILE_ONLY___  
2026-05-07 14:15:51,285 INFO     ___FILE_ONLY___ empty
2026-05-07 14:15:51,285 INFO     ___FILE_ONLY___  
2026-05-07 14:15:51,286 INFO     ___FILE_ONLY___ string
2026-05-07 14:15:51,286 INFO     ___FILE_ONLY___  
2026-05-07 14:15:51,287 INFO     ___FILE_ONLY___ to
2026-05-07 14:15:51,287 INFO     ___FILE_ONLY___  
2026-05-07 14:15:51,288 INFO     ___FILE_ONLY___ clear
2026-05-07 14:15:51,288 INFO     ___FILE_ONLY___  
2026-05-07 14:15:51,289 INFO     ___FILE_ONLY___ the
2026-05-07 14:15:51,289 INFO     ___FILE_ONLY___  
2026-05-07 14:15:51,290 INFO     ___FILE_ONLY___ suffix
2026-05-07 14:15:51,290 INFO     ___FILE_ONLY___ 

2026-05-07 14:15:51,290 INFO     ___FILE_ONLY___         
2026-05-07 14:15:51,291 INFO     ___FILE_ONLY___ and
2026-05-07 14:15:51,291 INFO     ___FILE_ONLY___  
2026-05-07 14:15:51,292 INFO     ___FILE_ONLY___ resume
2026-05-07 14:15:51,292 INFO     ___FILE_ONLY___  
2026-05-07 14:15:51,293 INFO     ___FILE_ONLY___ server-assigned
2026-05-07 14:15:51,293 INFO     ___FILE_ONLY___  
2026-05-07 14:15:51,294 INFO     ___FILE_ONLY___ naming.
2026-05-07 14:15:51,294 INFO     ___FILE_ONLY___ 

2026-05-07 14:15:51,294 INFO     ___FILE_ONLY___ 

2026-05-07 14:15:51,295 INFO     ___FILE_ONLY___      --scaling=SCALING

2026-05-07 14:15:51,295 INFO     ___FILE_ONLY___        
2026-05-07 14:15:51,296 INFO     ___FILE_ONLY___  
2026-05-07 14:15:51,297 INFO     ___FILE_ONLY___ The
2026-05-07 14:15:51,297 INFO     ___FILE_ONLY___  
2026-05-07 14:15:51,298 INFO     ___FILE_ONLY___ scaling
2026-05-07 14:15:51,298 INFO     ___FILE_ONLY___  
2026-05-07 14:15:51,299 INFO     ___FILE_ONLY___ mode
2026-05-07 14:15:51,299 INFO     ___FILE_ONLY___  
2026-05-07 14:15:51,300 INFO     ___FILE_ONLY___ to
2026-05-07 14:15:51,300 INFO     ___FILE_ONLY___  
2026-05-07 14:15:51,300 INFO     ___FILE_ONLY___ use
2026-05-07 14:15:51,301 INFO     ___FILE_ONLY___  
2026-05-07 14:15:51,301 INFO     ___FILE_ONLY___ for
2026-05-07 14:15:51,302 INFO     ___FILE_ONLY___  
2026-05-07 14:15:51,302 INFO     ___FILE_ONLY___ this
2026-05-07 14:15:51,303 INFO     ___FILE_ONLY___  
2026-05-07 14:15:51,303 INFO     ___FILE_ONLY___ service.
2026-05-07 14:15:51,304 INFO     ___FILE_ONLY___  
2026-05-07 14:15:51,304 INFO     ___FILE_ONLY___ Flag
2026-05-07 14:15:51,305 INFO     ___FILE_ONLY___  
2026-05-07 14:15:51,305 INFO     ___FILE_ONLY___ value
2026-05-07 14:15:51,305 INFO     ___FILE_ONLY___  
2026-05-07 14:15:51,306 INFO     ___FILE_ONLY___ could
2026-05-07 14:15:51,306 INFO     ___FILE_ONLY___  
2026-05-07 14:15:51,307 INFO     ___FILE_ONLY___ be
2026-05-07 14:15:51,307 INFO     ___FILE_ONLY___  
2026-05-07 14:15:51,308 INFO     ___FILE_ONLY___ either
2026-05-07 14:15:51,308 INFO     ___FILE_ONLY___ 

2026-05-07 14:15:51,309 INFO     ___FILE_ONLY___         
2026-05-07 14:15:51,309 INFO     ___FILE_ONLY___ "auto"
2026-05-07 14:15:51,310 INFO     ___FILE_ONLY___  
2026-05-07 14:15:51,310 INFO     ___FILE_ONLY___ for
2026-05-07 14:15:51,310 INFO     ___FILE_ONLY___  
2026-05-07 14:15:51,311 INFO     ___FILE_ONLY___ automatic
2026-05-07 14:15:51,311 INFO     ___FILE_ONLY___  
2026-05-07 14:15:51,312 INFO     ___FILE_ONLY___ scaling,
2026-05-07 14:15:51,312 INFO     ___FILE_ONLY___  
2026-05-07 14:15:51,313 INFO     ___FILE_ONLY___ or
2026-05-07 14:15:51,313 INFO     ___FILE_ONLY___  
2026-05-07 14:15:51,314 INFO     ___FILE_ONLY___ a
2026-05-07 14:15:51,314 INFO     ___FILE_ONLY___  
2026-05-07 14:15:51,315 INFO     ___FILE_ONLY___ positive
2026-05-07 14:15:51,315 INFO     ___FILE_ONLY___  
2026-05-07 14:15:51,316 INFO     ___FILE_ONLY___ integer
2026-05-07 14:15:51,316 INFO     ___FILE_ONLY___  
2026-05-07 14:15:51,317 INFO     ___FILE_ONLY___ to
2026-05-07 14:15:51,317 INFO     ___FILE_ONLY___  
2026-05-07 14:15:51,318 INFO     ___FILE_ONLY___ configure
2026-05-07 14:15:51,318 INFO     ___FILE_ONLY___  
2026-05-07 14:15:51,319 INFO     ___FILE_ONLY___ manual
2026-05-07 14:15:51,319 INFO     ___FILE_ONLY___ 

2026-05-07 14:15:51,319 INFO     ___FILE_ONLY___         
2026-05-07 14:15:51,320 INFO     ___FILE_ONLY___ scaling
2026-05-07 14:15:51,320 INFO     ___FILE_ONLY___  
2026-05-07 14:15:51,321 INFO     ___FILE_ONLY___ with
2026-05-07 14:15:51,321 INFO     ___FILE_ONLY___  
2026-05-07 14:15:51,322 INFO     ___FILE_ONLY___ the
2026-05-07 14:15:51,322 INFO     ___FILE_ONLY___  
2026-05-07 14:15:51,323 INFO     ___FILE_ONLY___ given
2026-05-07 14:15:51,323 INFO     ___FILE_ONLY___  
2026-05-07 14:15:51,323 INFO     ___FILE_ONLY___ integer
2026-05-07 14:15:51,324 INFO     ___FILE_ONLY___  
2026-05-07 14:15:51,324 INFO     ___FILE_ONLY___ as
2026-05-07 14:15:51,325 INFO     ___FILE_ONLY___  
2026-05-07 14:15:51,325 INFO     ___FILE_ONLY___ a
2026-05-07 14:15:51,326 INFO     ___FILE_ONLY___  
2026-05-07 14:15:51,326 INFO     ___FILE_ONLY___ fixed
2026-05-07 14:15:51,327 INFO     ___FILE_ONLY___  
2026-05-07 14:15:51,327 INFO     ___FILE_ONLY___ instance
2026-05-07 14:15:51,327 INFO     ___FILE_ONLY___  
2026-05-07 14:15:51,328 INFO     ___FILE_ONLY___ count.
2026-05-07 14:15:51,329 INFO     ___FILE_ONLY___ 

2026-05-07 14:15:51,329 INFO     ___FILE_ONLY___ 

2026-05-07 14:15:51,330 INFO     ___FILE_ONLY___      --service-account=SERVICE_ACCOUNT

2026-05-07 14:15:51,330 INFO     ___FILE_ONLY___        
2026-05-07 14:15:51,331 INFO     ___FILE_ONLY___  
2026-05-07 14:15:51,331 INFO     ___FILE_ONLY___ the
2026-05-07 14:15:51,332 INFO     ___FILE_ONLY___  
2026-05-07 14:15:51,332 INFO     ___FILE_ONLY___ email
2026-05-07 14:15:51,333 INFO     ___FILE_ONLY___  
2026-05-07 14:15:51,333 INFO     ___FILE_ONLY___ address
2026-05-07 14:15:51,334 INFO     ___FILE_ONLY___  
2026-05-07 14:15:51,334 INFO     ___FILE_ONLY___ of
2026-05-07 14:15:51,335 INFO     ___FILE_ONLY___  
2026-05-07 14:15:51,335 INFO     ___FILE_ONLY___ an
2026-05-07 14:15:51,335 INFO     ___FILE_ONLY___  
2026-05-07 14:15:51,336 INFO     ___FILE_ONLY___ IAM
2026-05-07 14:15:51,336 INFO     ___FILE_ONLY___  
2026-05-07 14:15:51,337 INFO     ___FILE_ONLY___ service
2026-05-07 14:15:51,337 INFO     ___FILE_ONLY___  
2026-05-07 14:15:51,338 INFO     ___FILE_ONLY___ account
2026-05-07 14:15:51,338 INFO     ___FILE_ONLY___  
2026-05-07 14:15:51,339 INFO     ___FILE_ONLY___ associated
2026-05-07 14:15:51,339 INFO     ___FILE_ONLY___  
2026-05-07 14:15:51,339 INFO     ___FILE_ONLY___ with
2026-05-07 14:15:51,340 INFO     ___FILE_ONLY___  
2026-05-07 14:15:51,340 INFO     ___FILE_ONLY___ the
2026-05-07 14:15:51,341 INFO     ___FILE_ONLY___ 

2026-05-07 14:15:51,341 INFO     ___FILE_ONLY___         
2026-05-07 14:15:51,342 INFO     ___FILE_ONLY___ revision
2026-05-07 14:15:51,342 INFO     ___FILE_ONLY___  
2026-05-07 14:15:51,342 INFO     ___FILE_ONLY___ of
2026-05-07 14:15:51,343 INFO     ___FILE_ONLY___  
2026-05-07 14:15:51,343 INFO     ___FILE_ONLY___ the
2026-05-07 14:15:51,344 INFO     ___FILE_ONLY___  
2026-05-07 14:15:51,344 INFO     ___FILE_ONLY___ service.
2026-05-07 14:15:51,345 INFO     ___FILE_ONLY___  
2026-05-07 14:15:51,345 INFO     ___FILE_ONLY___ The
2026-05-07 14:15:51,346 INFO     ___FILE_ONLY___  
2026-05-07 14:15:51,346 INFO     ___FILE_ONLY___ service
2026-05-07 14:15:51,347 INFO     ___FILE_ONLY___  
2026-05-07 14:15:51,347 INFO     ___FILE_ONLY___ account
2026-05-07 14:15:51,348 INFO     ___FILE_ONLY___  
2026-05-07 14:15:51,348 INFO     ___FILE_ONLY___ represents
2026-05-07 14:15:51,349 INFO     ___FILE_ONLY___  
2026-05-07 14:15:51,349 INFO     ___FILE_ONLY___ the
2026-05-07 14:15:51,350 INFO     ___FILE_ONLY___  
2026-05-07 14:15:51,350 INFO     ___FILE_ONLY___ identity
2026-05-07 14:15:51,351 INFO     ___FILE_ONLY___  
2026-05-07 14:15:51,351 INFO     ___FILE_ONLY___ of
2026-05-07 14:15:51,351 INFO     ___FILE_ONLY___ 

2026-05-07 14:15:51,352 INFO     ___FILE_ONLY___         
2026-05-07 14:15:51,352 INFO     ___FILE_ONLY___ the
2026-05-07 14:15:51,353 INFO     ___FILE_ONLY___  
2026-05-07 14:15:51,353 INFO     ___FILE_ONLY___ running
2026-05-07 14:15:51,354 INFO     ___FILE_ONLY___  
2026-05-07 14:15:51,354 INFO     ___FILE_ONLY___ revision,
2026-05-07 14:15:51,355 INFO     ___FILE_ONLY___  
2026-05-07 14:15:51,355 INFO     ___FILE_ONLY___ and
2026-05-07 14:15:51,355 INFO     ___FILE_ONLY___  
2026-05-07 14:15:51,356 INFO     ___FILE_ONLY___ determines
2026-05-07 14:15:51,356 INFO     ___FILE_ONLY___  
2026-05-07 14:15:51,357 INFO     ___FILE_ONLY___ what
2026-05-07 14:15:51,357 INFO     ___FILE_ONLY___  
2026-05-07 14:15:51,358 INFO     ___FILE_ONLY___ permissions
2026-05-07 14:15:51,358 INFO     ___FILE_ONLY___  
2026-05-07 14:15:51,359 INFO     ___FILE_ONLY___ the
2026-05-07 14:15:51,359 INFO     ___FILE_ONLY___  
2026-05-07 14:15:51,359 INFO     ___FILE_ONLY___ revision
2026-05-07 14:15:51,360 INFO     ___FILE_ONLY___  
2026-05-07 14:15:51,360 INFO     ___FILE_ONLY___ has.
2026-05-07 14:15:51,361 INFO     ___FILE_ONLY___ 

2026-05-07 14:15:51,361 INFO     ___FILE_ONLY___ 

2026-05-07 14:15:51,362 INFO     ___FILE_ONLY___      --[no-]session-affinity

2026-05-07 14:15:51,362 INFO     ___FILE_ONLY___        
2026-05-07 14:15:51,363 INFO     ___FILE_ONLY___  
2026-05-07 14:15:51,363 INFO     ___FILE_ONLY___ Whether
2026-05-07 14:15:51,364 INFO     ___FILE_ONLY___  
2026-05-07 14:15:51,364 INFO     ___FILE_ONLY___ to
2026-05-07 14:15:51,365 INFO     ___FILE_ONLY___  
2026-05-07 14:15:51,365 INFO     ___FILE_ONLY___ enable
2026-05-07 14:15:51,366 INFO     ___FILE_ONLY___  
2026-05-07 14:15:51,366 INFO     ___FILE_ONLY___ session
2026-05-07 14:15:51,367 INFO     ___FILE_ONLY___  
2026-05-07 14:15:51,367 INFO     ___FILE_ONLY___ affinity
2026-05-07 14:15:51,368 INFO     ___FILE_ONLY___  
2026-05-07 14:15:51,368 INFO     ___FILE_ONLY___ for
2026-05-07 14:15:51,368 INFO     ___FILE_ONLY___  
2026-05-07 14:15:51,369 INFO     ___FILE_ONLY___ connections
2026-05-07 14:15:51,369 INFO     ___FILE_ONLY___  
2026-05-07 14:15:51,370 INFO     ___FILE_ONLY___ to
2026-05-07 14:15:51,370 INFO     ___FILE_ONLY___  
2026-05-07 14:15:51,371 INFO     ___FILE_ONLY___ the
2026-05-07 14:15:51,371 INFO     ___FILE_ONLY___  
2026-05-07 14:15:51,372 INFO     ___FILE_ONLY___ service.
2026-05-07 14:15:51,372 INFO     ___FILE_ONLY___  
2026-05-07 14:15:51,372 INFO     ___FILE_ONLY___ Use
2026-05-07 14:15:51,373 INFO     ___FILE_ONLY___ 

2026-05-07 14:15:51,373 INFO     ___FILE_ONLY___         
2026-05-07 14:15:51,374 INFO     ___FILE_ONLY___ --session-affinity
2026-05-07 14:15:51,374 INFO     ___FILE_ONLY___  
2026-05-07 14:15:51,375 INFO     ___FILE_ONLY___ to
2026-05-07 14:15:51,375 INFO     ___FILE_ONLY___  
2026-05-07 14:15:51,376 INFO     ___FILE_ONLY___ enable
2026-05-07 14:15:51,376 INFO     ___FILE_ONLY___  
2026-05-07 14:15:51,376 INFO     ___FILE_ONLY___ and
2026-05-07 14:15:51,377 INFO     ___FILE_ONLY___  
2026-05-07 14:15:51,377 INFO     ___FILE_ONLY___ --no-session-affinity
2026-05-07 14:15:51,378 INFO     ___FILE_ONLY___  
2026-05-07 14:15:51,378 INFO     ___FILE_ONLY___ to
2026-05-07 14:15:51,379 INFO     ___FILE_ONLY___  
2026-05-07 14:15:51,380 INFO     ___FILE_ONLY___ disable.
2026-05-07 14:15:51,380 INFO     ___FILE_ONLY___ 

2026-05-07 14:15:51,380 INFO     ___FILE_ONLY___ 

2026-05-07 14:15:51,381 INFO     ___FILE_ONLY___      --tag=TAG

2026-05-07 14:15:51,381 INFO     ___FILE_ONLY___        
2026-05-07 14:15:51,382 INFO     ___FILE_ONLY___  
2026-05-07 14:15:51,382 INFO     ___FILE_ONLY___ Traffic
2026-05-07 14:15:51,383 INFO     ___FILE_ONLY___  
2026-05-07 14:15:51,383 INFO     ___FILE_ONLY___ tag
2026-05-07 14:15:51,384 INFO     ___FILE_ONLY___  
2026-05-07 14:15:51,384 INFO     ___FILE_ONLY___ to
2026-05-07 14:15:51,385 INFO     ___FILE_ONLY___  
2026-05-07 14:15:51,385 INFO     ___FILE_ONLY___ assign
2026-05-07 14:15:51,385 INFO     ___FILE_ONLY___  
2026-05-07 14:15:51,386 INFO     ___FILE_ONLY___ to
2026-05-07 14:15:51,386 INFO     ___FILE_ONLY___  
2026-05-07 14:15:51,387 INFO     ___FILE_ONLY___ the
2026-05-07 14:15:51,387 INFO     ___FILE_ONLY___  
2026-05-07 14:15:51,388 INFO     ___FILE_ONLY___ newly
2026-05-07 14:15:51,388 INFO     ___FILE_ONLY___  
2026-05-07 14:15:51,389 INFO     ___FILE_ONLY___ created
2026-05-07 14:15:51,389 INFO     ___FILE_ONLY___  
2026-05-07 14:15:51,389 INFO     ___FILE_ONLY___ revision.
2026-05-07 14:15:51,390 INFO     ___FILE_ONLY___ 

2026-05-07 14:15:51,390 INFO     ___FILE_ONLY___ 

2026-05-07 14:15:51,391 INFO     ___FILE_ONLY___      --timeout=TIMEOUT

2026-05-07 14:15:51,391 INFO     ___FILE_ONLY___        
2026-05-07 14:15:51,392 INFO     ___FILE_ONLY___  
2026-05-07 14:15:51,392 INFO     ___FILE_ONLY___ Set
2026-05-07 14:15:51,393 INFO     ___FILE_ONLY___  
2026-05-07 14:15:51,393 INFO     ___FILE_ONLY___ the
2026-05-07 14:15:51,393 INFO     ___FILE_ONLY___  
2026-05-07 14:15:51,394 INFO     ___FILE_ONLY___ maximum
2026-05-07 14:15:51,394 INFO     ___FILE_ONLY___  
2026-05-07 14:15:51,395 INFO     ___FILE_ONLY___ request
2026-05-07 14:15:51,395 INFO     ___FILE_ONLY___  
2026-05-07 14:15:51,396 INFO     ___FILE_ONLY___ execution
2026-05-07 14:15:51,397 INFO     ___FILE_ONLY___  
2026-05-07 14:15:51,397 INFO     ___FILE_ONLY___ time
2026-05-07 14:15:51,397 INFO     ___FILE_ONLY___  
2026-05-07 14:15:51,398 INFO     ___FILE_ONLY___ (timeout).
2026-05-07 14:15:51,398 INFO     ___FILE_ONLY___  
2026-05-07 14:15:51,399 INFO     ___FILE_ONLY___ It
2026-05-07 14:15:51,399 INFO     ___FILE_ONLY___  
2026-05-07 14:15:51,400 INFO     ___FILE_ONLY___ is
2026-05-07 14:15:51,400 INFO     ___FILE_ONLY___  
2026-05-07 14:15:51,401 INFO     ___FILE_ONLY___ specified
2026-05-07 14:15:51,401 INFO     ___FILE_ONLY___  
2026-05-07 14:15:51,402 INFO     ___FILE_ONLY___ as
2026-05-07 14:15:51,402 INFO     ___FILE_ONLY___  
2026-05-07 14:15:51,403 INFO     ___FILE_ONLY___ a
2026-05-07 14:15:51,403 INFO     ___FILE_ONLY___ 

2026-05-07 14:15:51,403 INFO     ___FILE_ONLY___         
2026-05-07 14:15:51,404 INFO     ___FILE_ONLY___ duration;
2026-05-07 14:15:51,404 INFO     ___FILE_ONLY___  
2026-05-07 14:15:51,405 INFO     ___FILE_ONLY___ for
2026-05-07 14:15:51,405 INFO     ___FILE_ONLY___  
2026-05-07 14:15:51,406 INFO     ___FILE_ONLY___ example,
2026-05-07 14:15:51,406 INFO     ___FILE_ONLY___  
2026-05-07 14:15:51,407 INFO     ___FILE_ONLY___ "10m5s"
2026-05-07 14:15:51,407 INFO     ___FILE_ONLY___  
2026-05-07 14:15:51,407 INFO     ___FILE_ONLY___ is
2026-05-07 14:15:51,408 INFO     ___FILE_ONLY___  
2026-05-07 14:15:51,408 INFO     ___FILE_ONLY___ ten
2026-05-07 14:15:51,409 INFO     ___FILE_ONLY___  
2026-05-07 14:15:51,409 INFO     ___FILE_ONLY___ minutes,
2026-05-07 14:15:51,410 INFO     ___FILE_ONLY___  
2026-05-07 14:15:51,410 INFO     ___FILE_ONLY___ and
2026-05-07 14:15:51,411 INFO     ___FILE_ONLY___  
2026-05-07 14:15:51,411 INFO     ___FILE_ONLY___ five
2026-05-07 14:15:51,411 INFO     ___FILE_ONLY___  
2026-05-07 14:15:51,412 INFO     ___FILE_ONLY___ seconds.
2026-05-07 14:15:51,412 INFO     ___FILE_ONLY___  
2026-05-07 14:15:51,413 INFO     ___FILE_ONLY___ If
2026-05-07 14:15:51,414 INFO     ___FILE_ONLY___  
2026-05-07 14:15:51,414 INFO     ___FILE_ONLY___ you
2026-05-07 14:15:51,414 INFO     ___FILE_ONLY___ 

2026-05-07 14:15:51,415 INFO     ___FILE_ONLY___         
2026-05-07 14:15:51,415 INFO     ___FILE_ONLY___ don't
2026-05-07 14:15:51,416 INFO     ___FILE_ONLY___  
2026-05-07 14:15:51,416 INFO     ___FILE_ONLY___ specify
2026-05-07 14:15:51,417 INFO     ___FILE_ONLY___  
2026-05-07 14:15:51,417 INFO     ___FILE_ONLY___ a
2026-05-07 14:15:51,418 INFO     ___FILE_ONLY___  
2026-05-07 14:15:51,418 INFO     ___FILE_ONLY___ unit,
2026-05-07 14:15:51,418 INFO     ___FILE_ONLY___  
2026-05-07 14:15:51,419 INFO     ___FILE_ONLY___ seconds
2026-05-07 14:15:51,419 INFO     ___FILE_ONLY___  
2026-05-07 14:15:51,420 INFO     ___FILE_ONLY___ is
2026-05-07 14:15:51,420 INFO     ___FILE_ONLY___  
2026-05-07 14:15:51,421 INFO     ___FILE_ONLY___ assumed.
2026-05-07 14:15:51,421 INFO     ___FILE_ONLY___  
2026-05-07 14:15:51,422 INFO     ___FILE_ONLY___ For
2026-05-07 14:15:51,422 INFO     ___FILE_ONLY___  
2026-05-07 14:15:51,423 INFO     ___FILE_ONLY___ example,
2026-05-07 14:15:51,423 INFO     ___FILE_ONLY___  
2026-05-07 14:15:51,423 INFO     ___FILE_ONLY___ "10"
2026-05-07 14:15:51,424 INFO     ___FILE_ONLY___  
2026-05-07 14:15:51,424 INFO     ___FILE_ONLY___ is
2026-05-07 14:15:51,425 INFO     ___FILE_ONLY___  
2026-05-07 14:15:51,425 INFO     ___FILE_ONLY___ 10
2026-05-07 14:15:51,426 INFO     ___FILE_ONLY___ 

2026-05-07 14:15:51,426 INFO     ___FILE_ONLY___         
2026-05-07 14:15:51,427 INFO     ___FILE_ONLY___ seconds.
2026-05-07 14:15:51,427 INFO     ___FILE_ONLY___ 

2026-05-07 14:15:51,427 INFO     ___FILE_ONLY___ 

2026-05-07 14:15:51,428 INFO     ___FILE_ONLY___      --no-traffic

2026-05-07 14:15:51,428 INFO     ___FILE_ONLY___        
2026-05-07 14:15:51,429 INFO     ___FILE_ONLY___  
2026-05-07 14:15:51,430 INFO     ___FILE_ONLY___ True
2026-05-07 14:15:51,430 INFO     ___FILE_ONLY___  
2026-05-07 14:15:51,431 INFO     ___FILE_ONLY___ to
2026-05-07 14:15:51,431 INFO     ___FILE_ONLY___  
2026-05-07 14:15:51,432 INFO     ___FILE_ONLY___ avoid
2026-05-07 14:15:51,432 INFO     ___FILE_ONLY___  
2026-05-07 14:15:51,432 INFO     ___FILE_ONLY___ sending
2026-05-07 14:15:51,433 INFO     ___FILE_ONLY___  
2026-05-07 14:15:51,433 INFO     ___FILE_ONLY___ traffic
2026-05-07 14:15:51,434 INFO     ___FILE_ONLY___  
2026-05-07 14:15:51,434 INFO     ___FILE_ONLY___ to
2026-05-07 14:15:51,435 INFO     ___FILE_ONLY___  
2026-05-07 14:15:51,435 INFO     ___FILE_ONLY___ the
2026-05-07 14:15:51,436 INFO     ___FILE_ONLY___  
2026-05-07 14:15:51,436 INFO     ___FILE_ONLY___ revision
2026-05-07 14:15:51,437 INFO     ___FILE_ONLY___  
2026-05-07 14:15:51,437 INFO     ___FILE_ONLY___ being
2026-05-07 14:15:51,438 INFO     ___FILE_ONLY___  
2026-05-07 14:15:51,438 INFO     ___FILE_ONLY___ deployed.
2026-05-07 14:15:51,438 INFO     ___FILE_ONLY___  
2026-05-07 14:15:51,439 INFO     ___FILE_ONLY___ Setting
2026-05-07 14:15:51,439 INFO     ___FILE_ONLY___ 

2026-05-07 14:15:51,440 INFO     ___FILE_ONLY___         
2026-05-07 14:15:51,440 INFO     ___FILE_ONLY___ this
2026-05-07 14:15:51,441 INFO     ___FILE_ONLY___  
2026-05-07 14:15:51,441 INFO     ___FILE_ONLY___ flag
2026-05-07 14:15:51,442 INFO     ___FILE_ONLY___  
2026-05-07 14:15:51,442 INFO     ___FILE_ONLY___ assigns
2026-05-07 14:15:51,443 INFO     ___FILE_ONLY___  
2026-05-07 14:15:51,443 INFO     ___FILE_ONLY___ any
2026-05-07 14:15:51,444 INFO     ___FILE_ONLY___  
2026-05-07 14:15:51,444 INFO     ___FILE_ONLY___ traffic
2026-05-07 14:15:51,444 INFO     ___FILE_ONLY___  
2026-05-07 14:15:51,445 INFO     ___FILE_ONLY___ assigned
2026-05-07 14:15:51,445 INFO     ___FILE_ONLY___  
2026-05-07 14:15:51,446 INFO     ___FILE_ONLY___ to
2026-05-07 14:15:51,447 INFO     ___FILE_ONLY___  
2026-05-07 14:15:51,447 INFO     ___FILE_ONLY___ the
2026-05-07 14:15:51,448 INFO     ___FILE_ONLY___  
2026-05-07 14:15:51,448 INFO     ___FILE_ONLY___ LATEST
2026-05-07 14:15:51,449 INFO     ___FILE_ONLY___  
2026-05-07 14:15:51,449 INFO     ___FILE_ONLY___ revision
2026-05-07 14:15:51,450 INFO     ___FILE_ONLY___  
2026-05-07 14:15:51,450 INFO     ___FILE_ONLY___ to
2026-05-07 14:15:51,451 INFO     ___FILE_ONLY___  
2026-05-07 14:15:51,451 INFO     ___FILE_ONLY___ the
2026-05-07 14:15:51,452 INFO     ___FILE_ONLY___ 

2026-05-07 14:15:51,452 INFO     ___FILE_ONLY___         
2026-05-07 14:15:51,452 INFO     ___FILE_ONLY___ specific
2026-05-07 14:15:51,453 INFO     ___FILE_ONLY___  
2026-05-07 14:15:51,453 INFO     ___FILE_ONLY___ revision
2026-05-07 14:15:51,454 INFO     ___FILE_ONLY___  
2026-05-07 14:15:51,454 INFO     ___FILE_ONLY___ bound
2026-05-07 14:15:51,455 INFO     ___FILE_ONLY___  
2026-05-07 14:15:51,455 INFO     ___FILE_ONLY___ to
2026-05-07 14:15:51,456 INFO     ___FILE_ONLY___  
2026-05-07 14:15:51,456 INFO     ___FILE_ONLY___ LATEST
2026-05-07 14:15:51,457 INFO     ___FILE_ONLY___  
2026-05-07 14:15:51,457 INFO     ___FILE_ONLY___ before
2026-05-07 14:15:51,458 INFO     ___FILE_ONLY___  
2026-05-07 14:15:51,458 INFO     ___FILE_ONLY___ the
2026-05-07 14:15:51,458 INFO     ___FILE_ONLY___  
2026-05-07 14:15:51,459 INFO     ___FILE_ONLY___ deployment.
2026-05-07 14:15:51,459 INFO     ___FILE_ONLY___  
2026-05-07 14:15:51,460 INFO     ___FILE_ONLY___ The
2026-05-07 14:15:51,460 INFO     ___FILE_ONLY___  
2026-05-07 14:15:51,461 INFO     ___FILE_ONLY___ effect
2026-05-07 14:15:51,461 INFO     ___FILE_ONLY___  
2026-05-07 14:15:51,461 INFO     ___FILE_ONLY___ is
2026-05-07 14:15:51,462 INFO     ___FILE_ONLY___ 

2026-05-07 14:15:51,462 INFO     ___FILE_ONLY___         
2026-05-07 14:15:51,463 INFO     ___FILE_ONLY___ that
2026-05-07 14:15:51,463 INFO     ___FILE_ONLY___  
2026-05-07 14:15:51,464 INFO     ___FILE_ONLY___ the
2026-05-07 14:15:51,464 INFO     ___FILE_ONLY___  
2026-05-07 14:15:51,465 INFO     ___FILE_ONLY___ revision
2026-05-07 14:15:51,465 INFO     ___FILE_ONLY___  
2026-05-07 14:15:51,466 INFO     ___FILE_ONLY___ being
2026-05-07 14:15:51,466 INFO     ___FILE_ONLY___  
2026-05-07 14:15:51,466 INFO     ___FILE_ONLY___ deployed
2026-05-07 14:15:51,467 INFO     ___FILE_ONLY___  
2026-05-07 14:15:51,467 INFO     ___FILE_ONLY___ will
2026-05-07 14:15:51,468 INFO     ___FILE_ONLY___  
2026-05-07 14:15:51,468 INFO     ___FILE_ONLY___ not
2026-05-07 14:15:51,469 INFO     ___FILE_ONLY___  
2026-05-07 14:15:51,469 INFO     ___FILE_ONLY___ receive
2026-05-07 14:15:51,470 INFO     ___FILE_ONLY___  
2026-05-07 14:15:51,470 INFO     ___FILE_ONLY___ traffic.
2026-05-07 14:15:51,470 INFO     ___FILE_ONLY___ 

2026-05-07 14:15:51,471 INFO     ___FILE_ONLY___ 

2026-05-07 14:15:51,471 INFO     ___FILE_ONLY___        
2026-05-07 14:15:51,472 INFO     ___FILE_ONLY___  
2026-05-07 14:15:51,472 INFO     ___FILE_ONLY___ After
2026-05-07 14:15:51,473 INFO     ___FILE_ONLY___  
2026-05-07 14:15:51,473 INFO     ___FILE_ONLY___ a
2026-05-07 14:15:51,474 INFO     ___FILE_ONLY___  
2026-05-07 14:15:51,474 INFO     ___FILE_ONLY___ deployment
2026-05-07 14:15:51,474 INFO     ___FILE_ONLY___  
2026-05-07 14:15:51,475 INFO     ___FILE_ONLY___ with
2026-05-07 14:15:51,475 INFO     ___FILE_ONLY___  
2026-05-07 14:15:51,476 INFO     ___FILE_ONLY___ this
2026-05-07 14:15:51,476 INFO     ___FILE_ONLY___  
2026-05-07 14:15:51,477 INFO     ___FILE_ONLY___ flag
2026-05-07 14:15:51,477 INFO     ___FILE_ONLY___  
2026-05-07 14:15:51,478 INFO     ___FILE_ONLY___ the
2026-05-07 14:15:51,478 INFO     ___FILE_ONLY___  
2026-05-07 14:15:51,478 INFO     ___FILE_ONLY___ LATEST
2026-05-07 14:15:51,479 INFO     ___FILE_ONLY___  
2026-05-07 14:15:51,480 INFO     ___FILE_ONLY___ revision
2026-05-07 14:15:51,480 INFO     ___FILE_ONLY___  
2026-05-07 14:15:51,481 INFO     ___FILE_ONLY___ will
2026-05-07 14:15:51,481 INFO     ___FILE_ONLY___  
2026-05-07 14:15:51,482 INFO     ___FILE_ONLY___ not
2026-05-07 14:15:51,482 INFO     ___FILE_ONLY___  
2026-05-07 14:15:51,482 INFO     ___FILE_ONLY___ receive
2026-05-07 14:15:51,483 INFO     ___FILE_ONLY___ 

2026-05-07 14:15:51,483 INFO     ___FILE_ONLY___         
2026-05-07 14:15:51,484 INFO     ___FILE_ONLY___ traffic
2026-05-07 14:15:51,484 INFO     ___FILE_ONLY___  
2026-05-07 14:15:51,485 INFO     ___FILE_ONLY___ on
2026-05-07 14:15:51,485 INFO     ___FILE_ONLY___  
2026-05-07 14:15:51,486 INFO     ___FILE_ONLY___ future
2026-05-07 14:15:51,486 INFO     ___FILE_ONLY___  
2026-05-07 14:15:51,486 INFO     ___FILE_ONLY___ deployments.
2026-05-07 14:15:51,487 INFO     ___FILE_ONLY___  
2026-05-07 14:15:51,487 INFO     ___FILE_ONLY___ To
2026-05-07 14:15:51,488 INFO     ___FILE_ONLY___  
2026-05-07 14:15:51,488 INFO     ___FILE_ONLY___ restore
2026-05-07 14:15:51,489 INFO     ___FILE_ONLY___  
2026-05-07 14:15:51,489 INFO     ___FILE_ONLY___ sending
2026-05-07 14:15:51,490 INFO     ___FILE_ONLY___  
2026-05-07 14:15:51,490 INFO     ___FILE_ONLY___ traffic
2026-05-07 14:15:51,490 INFO     ___FILE_ONLY___  
2026-05-07 14:15:51,491 INFO     ___FILE_ONLY___ to
2026-05-07 14:15:51,491 INFO     ___FILE_ONLY___  
2026-05-07 14:15:51,492 INFO     ___FILE_ONLY___ the
2026-05-07 14:15:51,492 INFO     ___FILE_ONLY___  
2026-05-07 14:15:51,493 INFO     ___FILE_ONLY___ LATEST
2026-05-07 14:15:51,493 INFO     ___FILE_ONLY___ 

2026-05-07 14:15:51,494 INFO     ___FILE_ONLY___         
2026-05-07 14:15:51,494 INFO     ___FILE_ONLY___ revision
2026-05-07 14:15:51,494 INFO     ___FILE_ONLY___  
2026-05-07 14:15:51,495 INFO     ___FILE_ONLY___ by
2026-05-07 14:15:51,495 INFO     ___FILE_ONLY___  
2026-05-07 14:15:51,496 INFO     ___FILE_ONLY___ default,
2026-05-07 14:15:51,497 INFO     ___FILE_ONLY___  
2026-05-07 14:15:51,497 INFO     ___FILE_ONLY___ run
2026-05-07 14:15:51,497 INFO     ___FILE_ONLY___  
2026-05-07 14:15:51,498 INFO     ___FILE_ONLY___ the
2026-05-07 14:15:51,498 INFO     ___FILE_ONLY___  
2026-05-07 14:15:51,499 INFO     ___FILE_ONLY___ gcloud
2026-05-07 14:15:51,499 INFO     ___FILE_ONLY___  
2026-05-07 14:15:51,500 INFO     ___FILE_ONLY___ run
2026-05-07 14:15:51,500 INFO     ___FILE_ONLY___  
2026-05-07 14:15:51,501 INFO     ___FILE_ONLY___ services
2026-05-07 14:15:51,501 INFO     ___FILE_ONLY___  
2026-05-07 14:15:51,502 INFO     ___FILE_ONLY___ update-traffic
2026-05-07 14:15:51,502 INFO     ___FILE_ONLY___  
2026-05-07 14:15:51,502 INFO     ___FILE_ONLY___ command
2026-05-07 14:15:51,503 INFO     ___FILE_ONLY___ 

2026-05-07 14:15:51,503 INFO     ___FILE_ONLY___         
2026-05-07 14:15:51,504 INFO     ___FILE_ONLY___ with
2026-05-07 14:15:51,504 INFO     ___FILE_ONLY___  
2026-05-07 14:15:51,505 INFO     ___FILE_ONLY___ --to-latest.
2026-05-07 14:15:51,505 INFO     ___FILE_ONLY___ 

2026-05-07 14:15:51,505 INFO     ___FILE_ONLY___ 

2026-05-07 14:15:51,506 INFO     ___FILE_ONLY___      --vpc-connector=VPC_CONNECTOR

2026-05-07 14:15:51,506 INFO     ___FILE_ONLY___        
2026-05-07 14:15:51,507 INFO     ___FILE_ONLY___  
2026-05-07 14:15:51,507 INFO     ___FILE_ONLY___ Set
2026-05-07 14:15:51,508 INFO     ___FILE_ONLY___  
2026-05-07 14:15:51,508 INFO     ___FILE_ONLY___ a
2026-05-07 14:15:51,509 INFO     ___FILE_ONLY___  
2026-05-07 14:15:51,509 INFO     ___FILE_ONLY___ VPC
2026-05-07 14:15:51,509 INFO     ___FILE_ONLY___  
2026-05-07 14:15:51,510 INFO     ___FILE_ONLY___ connector
2026-05-07 14:15:51,510 INFO     ___FILE_ONLY___  
2026-05-07 14:15:51,511 INFO     ___FILE_ONLY___ for
2026-05-07 14:15:51,511 INFO     ___FILE_ONLY___  
2026-05-07 14:15:51,512 INFO     ___FILE_ONLY___ this
2026-05-07 14:15:51,512 INFO     ___FILE_ONLY___  
2026-05-07 14:15:51,513 INFO     ___FILE_ONLY___ resource.
2026-05-07 14:15:51,513 INFO     ___FILE_ONLY___ 

2026-05-07 14:15:51,514 INFO     ___FILE_ONLY___ 

2026-05-07 14:15:51,514 INFO     ___FILE_ONLY___      --vpc-egress=VPC_EGRESS

2026-05-07 14:15:51,515 INFO     ___FILE_ONLY___        
2026-05-07 14:15:51,515 INFO     ___FILE_ONLY___  
2026-05-07 14:15:51,516 INFO     ___FILE_ONLY___ Specify
2026-05-07 14:15:51,516 INFO     ___FILE_ONLY___  
2026-05-07 14:15:51,517 INFO     ___FILE_ONLY___ which
2026-05-07 14:15:51,517 INFO     ___FILE_ONLY___  
2026-05-07 14:15:51,518 INFO     ___FILE_ONLY___ of
2026-05-07 14:15:51,518 INFO     ___FILE_ONLY___  
2026-05-07 14:15:51,518 INFO     ___FILE_ONLY___ the
2026-05-07 14:15:51,519 INFO     ___FILE_ONLY___  
2026-05-07 14:15:51,519 INFO     ___FILE_ONLY___ outbound
2026-05-07 14:15:51,520 INFO     ___FILE_ONLY___  
2026-05-07 14:15:51,520 INFO     ___FILE_ONLY___ traffic
2026-05-07 14:15:51,521 INFO     ___FILE_ONLY___  
2026-05-07 14:15:51,521 INFO     ___FILE_ONLY___ to
2026-05-07 14:15:51,522 INFO     ___FILE_ONLY___  
2026-05-07 14:15:51,522 INFO     ___FILE_ONLY___ send
2026-05-07 14:15:51,522 INFO     ___FILE_ONLY___  
2026-05-07 14:15:51,523 INFO     ___FILE_ONLY___ through
2026-05-07 14:15:51,523 INFO     ___FILE_ONLY___  
2026-05-07 14:15:51,524 INFO     ___FILE_ONLY___ Direct
2026-05-07 14:15:51,524 INFO     ___FILE_ONLY___  
2026-05-07 14:15:51,525 INFO     ___FILE_ONLY___ VPC
2026-05-07 14:15:51,525 INFO     ___FILE_ONLY___  
2026-05-07 14:15:51,526 INFO     ___FILE_ONLY___ egress
2026-05-07 14:15:51,526 INFO     ___FILE_ONLY___ 

2026-05-07 14:15:51,527 INFO     ___FILE_ONLY___         
2026-05-07 14:15:51,527 INFO     ___FILE_ONLY___ or
2026-05-07 14:15:51,527 INFO     ___FILE_ONLY___  
2026-05-07 14:15:51,528 INFO     ___FILE_ONLY___ the
2026-05-07 14:15:51,528 INFO     ___FILE_ONLY___  
2026-05-07 14:15:51,529 INFO     ___FILE_ONLY___ VPC
2026-05-07 14:15:51,530 INFO     ___FILE_ONLY___  
2026-05-07 14:15:51,530 INFO     ___FILE_ONLY___ connector
2026-05-07 14:15:51,530 INFO     ___FILE_ONLY___  
2026-05-07 14:15:51,531 INFO     ___FILE_ONLY___ for
2026-05-07 14:15:51,531 INFO     ___FILE_ONLY___  
2026-05-07 14:15:51,532 INFO     ___FILE_ONLY___ this
2026-05-07 14:15:51,532 INFO     ___FILE_ONLY___  
2026-05-07 14:15:51,533 INFO     ___FILE_ONLY___ resource.
2026-05-07 14:15:51,533 INFO     ___FILE_ONLY___  
2026-05-07 14:15:51,534 INFO     ___FILE_ONLY___ This
2026-05-07 14:15:51,534 INFO     ___FILE_ONLY___  
2026-05-07 14:15:51,535 INFO     ___FILE_ONLY___ resource
2026-05-07 14:15:51,535 INFO     ___FILE_ONLY___  
2026-05-07 14:15:51,535 INFO     ___FILE_ONLY___ must
2026-05-07 14:15:51,536 INFO     ___FILE_ONLY___  
2026-05-07 14:15:51,536 INFO     ___FILE_ONLY___ have
2026-05-07 14:15:51,537 INFO     ___FILE_ONLY___  
2026-05-07 14:15:51,537 INFO     ___FILE_ONLY___ Direct
2026-05-07 14:15:51,538 INFO     ___FILE_ONLY___ 

2026-05-07 14:15:51,538 INFO     ___FILE_ONLY___         
2026-05-07 14:15:51,538 INFO     ___FILE_ONLY___ VPC
2026-05-07 14:15:51,539 INFO     ___FILE_ONLY___  
2026-05-07 14:15:51,539 INFO     ___FILE_ONLY___ egress
2026-05-07 14:15:51,540 INFO     ___FILE_ONLY___  
2026-05-07 14:15:51,540 INFO     ___FILE_ONLY___ enabled
2026-05-07 14:15:51,541 INFO     ___FILE_ONLY___  
2026-05-07 14:15:51,541 INFO     ___FILE_ONLY___ or
2026-05-07 14:15:51,542 INFO     ___FILE_ONLY___  
2026-05-07 14:15:51,542 INFO     ___FILE_ONLY___ a
2026-05-07 14:15:51,543 INFO     ___FILE_ONLY___  
2026-05-07 14:15:51,543 INFO     ___FILE_ONLY___ VPC
2026-05-07 14:15:51,543 INFO     ___FILE_ONLY___  
2026-05-07 14:15:51,544 INFO     ___FILE_ONLY___ connector
2026-05-07 14:15:51,544 INFO     ___FILE_ONLY___  
2026-05-07 14:15:51,545 INFO     ___FILE_ONLY___ to
2026-05-07 14:15:51,545 INFO     ___FILE_ONLY___  
2026-05-07 14:15:51,546 INFO     ___FILE_ONLY___ set
2026-05-07 14:15:51,546 INFO     ___FILE_ONLY___  
2026-05-07 14:15:51,547 INFO     ___FILE_ONLY___ this
2026-05-07 14:15:51,547 INFO     ___FILE_ONLY___  
2026-05-07 14:15:51,548 INFO     ___FILE_ONLY___ flag.
2026-05-07 14:15:51,548 INFO     ___FILE_ONLY___  
2026-05-07 14:15:51,549 INFO     ___FILE_ONLY___ VPC_EGRESS
2026-05-07 14:15:51,549 INFO     ___FILE_ONLY___  
2026-05-07 14:15:51,550 INFO     ___FILE_ONLY___ must
2026-05-07 14:15:51,550 INFO     ___FILE_ONLY___ 

2026-05-07 14:15:51,550 INFO     ___FILE_ONLY___         
2026-05-07 14:15:51,551 INFO     ___FILE_ONLY___ be
2026-05-07 14:15:51,551 INFO     ___FILE_ONLY___  
2026-05-07 14:15:51,552 INFO     ___FILE_ONLY___ one
2026-05-07 14:15:51,552 INFO     ___FILE_ONLY___  
2026-05-07 14:15:51,553 INFO     ___FILE_ONLY___ of:
2026-05-07 14:15:51,553 INFO     ___FILE_ONLY___ 

2026-05-07 14:15:51,554 INFO     ___FILE_ONLY___ 

2026-05-07 14:15:51,554 INFO     ___FILE_ONLY___          all

2026-05-07 14:15:51,555 INFO     ___FILE_ONLY___            
2026-05-07 14:15:51,555 INFO     ___FILE_ONLY___  
2026-05-07 14:15:51,555 INFO     ___FILE_ONLY___ (DEPRECATED)
2026-05-07 14:15:51,556 INFO     ___FILE_ONLY___  
2026-05-07 14:15:51,556 INFO     ___FILE_ONLY___ Sends
2026-05-07 14:15:51,557 INFO     ___FILE_ONLY___  
2026-05-07 14:15:51,557 INFO     ___FILE_ONLY___ all
2026-05-07 14:15:51,558 INFO     ___FILE_ONLY___  
2026-05-07 14:15:51,558 INFO     ___FILE_ONLY___ outbound
2026-05-07 14:15:51,559 INFO     ___FILE_ONLY___  
2026-05-07 14:15:51,559 INFO     ___FILE_ONLY___ traffic
2026-05-07 14:15:51,559 INFO     ___FILE_ONLY___  
2026-05-07 14:15:51,560 INFO     ___FILE_ONLY___ through
2026-05-07 14:15:51,560 INFO     ___FILE_ONLY___  
2026-05-07 14:15:51,561 INFO     ___FILE_ONLY___ Direct
2026-05-07 14:15:51,561 INFO     ___FILE_ONLY___  
2026-05-07 14:15:51,562 INFO     ___FILE_ONLY___ VPC
2026-05-07 14:15:51,562 INFO     ___FILE_ONLY___  
2026-05-07 14:15:51,563 INFO     ___FILE_ONLY___ egress
2026-05-07 14:15:51,563 INFO     ___FILE_ONLY___ 

2026-05-07 14:15:51,564 INFO     ___FILE_ONLY___             
2026-05-07 14:15:51,564 INFO     ___FILE_ONLY___ or
2026-05-07 14:15:51,565 INFO     ___FILE_ONLY___  
2026-05-07 14:15:51,565 INFO     ___FILE_ONLY___ the
2026-05-07 14:15:51,566 INFO     ___FILE_ONLY___  
2026-05-07 14:15:51,566 INFO     ___FILE_ONLY___ VPC
2026-05-07 14:15:51,566 INFO     ___FILE_ONLY___  
2026-05-07 14:15:51,567 INFO     ___FILE_ONLY___ connector.
2026-05-07 14:15:51,567 INFO     ___FILE_ONLY___  
2026-05-07 14:15:51,568 INFO     ___FILE_ONLY___ Provides
2026-05-07 14:15:51,568 INFO     ___FILE_ONLY___  
2026-05-07 14:15:51,569 INFO     ___FILE_ONLY___ the
2026-05-07 14:15:51,569 INFO     ___FILE_ONLY___  
2026-05-07 14:15:51,569 INFO     ___FILE_ONLY___ same
2026-05-07 14:15:51,570 INFO     ___FILE_ONLY___  
2026-05-07 14:15:51,570 INFO     ___FILE_ONLY___ functionality
2026-05-07 14:15:51,571 INFO     ___FILE_ONLY___  
2026-05-07 14:15:51,571 INFO     ___FILE_ONLY___ as
2026-05-07 14:15:51,572 INFO     ___FILE_ONLY___ 

2026-05-07 14:15:51,572 INFO     ___FILE_ONLY___             
2026-05-07 14:15:51,573 INFO     ___FILE_ONLY___ 'all-traffic'.
2026-05-07 14:15:51,573 INFO     ___FILE_ONLY___  
2026-05-07 14:15:51,574 INFO     ___FILE_ONLY___ Prefer
2026-05-07 14:15:51,574 INFO     ___FILE_ONLY___  
2026-05-07 14:15:51,574 INFO     ___FILE_ONLY___ to
2026-05-07 14:15:51,575 INFO     ___FILE_ONLY___  
2026-05-07 14:15:51,575 INFO     ___FILE_ONLY___ use
2026-05-07 14:15:51,576 INFO     ___FILE_ONLY___  
2026-05-07 14:15:51,576 INFO     ___FILE_ONLY___ 'all-traffic'
2026-05-07 14:15:51,577 INFO     ___FILE_ONLY___  
2026-05-07 14:15:51,577 INFO     ___FILE_ONLY___ instead.
2026-05-07 14:15:51,578 INFO     ___FILE_ONLY___ 

2026-05-07 14:15:51,578 INFO     ___FILE_ONLY___          all-traffic

2026-05-07 14:15:51,578 INFO     ___FILE_ONLY___            
2026-05-07 14:15:51,579 INFO     ___FILE_ONLY___  
2026-05-07 14:15:51,580 INFO     ___FILE_ONLY___ Sends
2026-05-07 14:15:51,580 INFO     ___FILE_ONLY___  
2026-05-07 14:15:51,581 INFO     ___FILE_ONLY___ all
2026-05-07 14:15:51,581 INFO     ___FILE_ONLY___  
2026-05-07 14:15:51,582 INFO     ___FILE_ONLY___ outbound
2026-05-07 14:15:51,582 INFO     ___FILE_ONLY___  
2026-05-07 14:15:51,582 INFO     ___FILE_ONLY___ traffic
2026-05-07 14:15:51,583 INFO     ___FILE_ONLY___  
2026-05-07 14:15:51,583 INFO     ___FILE_ONLY___ through
2026-05-07 14:15:51,584 INFO     ___FILE_ONLY___  
2026-05-07 14:15:51,584 INFO     ___FILE_ONLY___ Direct
2026-05-07 14:15:51,585 INFO     ___FILE_ONLY___  
2026-05-07 14:15:51,585 INFO     ___FILE_ONLY___ VPC
2026-05-07 14:15:51,586 INFO     ___FILE_ONLY___  
2026-05-07 14:15:51,586 INFO     ___FILE_ONLY___ egress
2026-05-07 14:15:51,586 INFO     ___FILE_ONLY___  
2026-05-07 14:15:51,587 INFO     ___FILE_ONLY___ or
2026-05-07 14:15:51,587 INFO     ___FILE_ONLY___  
2026-05-07 14:15:51,588 INFO     ___FILE_ONLY___ the
2026-05-07 14:15:51,588 INFO     ___FILE_ONLY___  
2026-05-07 14:15:51,589 INFO     ___FILE_ONLY___ VPC
2026-05-07 14:15:51,589 INFO     ___FILE_ONLY___ 

2026-05-07 14:15:51,589 INFO     ___FILE_ONLY___             
2026-05-07 14:15:51,590 INFO     ___FILE_ONLY___ connector.
2026-05-07 14:15:51,590 INFO     ___FILE_ONLY___ 

2026-05-07 14:15:51,596 INFO     ___FILE_ONLY___          private-ranges-only

2026-05-07 14:15:51,599 INFO     ___FILE_ONLY___            
2026-05-07 14:15:51,600 INFO     ___FILE_ONLY___  
2026-05-07 14:15:51,600 INFO     ___FILE_ONLY___ Default
2026-05-07 14:15:51,601 INFO     ___FILE_ONLY___  
2026-05-07 14:15:51,602 INFO     ___FILE_ONLY___ option.
2026-05-07 14:15:51,603 INFO     ___FILE_ONLY___  
2026-05-07 14:15:51,603 INFO     ___FILE_ONLY___ Sends
2026-05-07 14:15:51,604 INFO     ___FILE_ONLY___  
2026-05-07 14:15:51,604 INFO     ___FILE_ONLY___ outbound
2026-05-07 14:15:51,605 INFO     ___FILE_ONLY___  
2026-05-07 14:15:51,606 INFO     ___FILE_ONLY___ traffic
2026-05-07 14:15:51,607 INFO     ___FILE_ONLY___  
2026-05-07 14:15:51,608 INFO     ___FILE_ONLY___ to
2026-05-07 14:15:51,608 INFO     ___FILE_ONLY___  
2026-05-07 14:15:51,609 INFO     ___FILE_ONLY___ private
2026-05-07 14:15:51,610 INFO     ___FILE_ONLY___  
2026-05-07 14:15:51,610 INFO     ___FILE_ONLY___ IP
2026-05-07 14:15:51,611 INFO     ___FILE_ONLY___  
2026-05-07 14:15:51,611 INFO     ___FILE_ONLY___ addresses
2026-05-07 14:15:51,612 INFO     ___FILE_ONLY___  
2026-05-07 14:15:51,612 INFO     ___FILE_ONLY___ (RFC
2026-05-07 14:15:51,613 INFO     ___FILE_ONLY___ 

2026-05-07 14:15:51,614 INFO     ___FILE_ONLY___             
2026-05-07 14:15:51,615 INFO     ___FILE_ONLY___ 1918
2026-05-07 14:15:51,615 INFO     ___FILE_ONLY___  
2026-05-07 14:15:51,616 INFO     ___FILE_ONLY___ and
2026-05-07 14:15:51,616 INFO     ___FILE_ONLY___  
2026-05-07 14:15:51,617 INFO     ___FILE_ONLY___ Private
2026-05-07 14:15:51,617 INFO     ___FILE_ONLY___  
2026-05-07 14:15:51,618 INFO     ___FILE_ONLY___ Google
2026-05-07 14:15:51,618 INFO     ___FILE_ONLY___  
2026-05-07 14:15:51,619 INFO     ___FILE_ONLY___ Access
2026-05-07 14:15:51,619 INFO     ___FILE_ONLY___  
2026-05-07 14:15:51,619 INFO     ___FILE_ONLY___ IPs)
2026-05-07 14:15:51,620 INFO     ___FILE_ONLY___  
2026-05-07 14:15:51,620 INFO     ___FILE_ONLY___ through
2026-05-07 14:15:51,621 INFO     ___FILE_ONLY___  
2026-05-07 14:15:51,621 INFO     ___FILE_ONLY___ Direct
2026-05-07 14:15:51,622 INFO     ___FILE_ONLY___  
2026-05-07 14:15:51,622 INFO     ___FILE_ONLY___ VPC
2026-05-07 14:15:51,623 INFO     ___FILE_ONLY___  
2026-05-07 14:15:51,623 INFO     ___FILE_ONLY___ egress
2026-05-07 14:15:51,624 INFO     ___FILE_ONLY___  
2026-05-07 14:15:51,624 INFO     ___FILE_ONLY___ or
2026-05-07 14:15:51,625 INFO     ___FILE_ONLY___ 

2026-05-07 14:15:51,625 INFO     ___FILE_ONLY___             
2026-05-07 14:15:51,626 INFO     ___FILE_ONLY___ the
2026-05-07 14:15:51,626 INFO     ___FILE_ONLY___  
2026-05-07 14:15:51,626 INFO     ___FILE_ONLY___ VPC
2026-05-07 14:15:51,627 INFO     ___FILE_ONLY___  
2026-05-07 14:15:51,627 INFO     ___FILE_ONLY___ connector.
2026-05-07 14:15:51,628 INFO     ___FILE_ONLY___ 

2026-05-07 14:15:51,628 INFO     ___FILE_ONLY___ 

2026-05-07 14:15:51,629 INFO     ___FILE_ONLY___            
2026-05-07 14:15:51,630 INFO     ___FILE_ONLY___  
2026-05-07 14:15:51,630 INFO     ___FILE_ONLY___ Traffic
2026-05-07 14:15:51,631 INFO     ___FILE_ONLY___  
2026-05-07 14:15:51,631 INFO     ___FILE_ONLY___ to
2026-05-07 14:15:51,632 INFO     ___FILE_ONLY___  
2026-05-07 14:15:51,632 INFO     ___FILE_ONLY___ other
2026-05-07 14:15:51,633 INFO     ___FILE_ONLY___  
2026-05-07 14:15:51,633 INFO     ___FILE_ONLY___ Cloud
2026-05-07 14:15:51,634 INFO     ___FILE_ONLY___  
2026-05-07 14:15:51,634 INFO     ___FILE_ONLY___ Run
2026-05-07 14:15:51,635 INFO     ___FILE_ONLY___  
2026-05-07 14:15:51,635 INFO     ___FILE_ONLY___ services
2026-05-07 14:15:51,636 INFO     ___FILE_ONLY___  
2026-05-07 14:15:51,636 INFO     ___FILE_ONLY___ might
2026-05-07 14:15:51,636 INFO     ___FILE_ONLY___  
2026-05-07 14:15:51,637 INFO     ___FILE_ONLY___ require
2026-05-07 14:15:51,637 INFO     ___FILE_ONLY___  
2026-05-07 14:15:51,638 INFO     ___FILE_ONLY___ additional
2026-05-07 14:15:51,638 INFO     ___FILE_ONLY___ 

2026-05-07 14:15:51,639 INFO     ___FILE_ONLY___             
2026-05-07 14:15:51,639 INFO     ___FILE_ONLY___ configuration.
2026-05-07 14:15:51,640 INFO     ___FILE_ONLY___  
2026-05-07 14:15:51,640 INFO     ___FILE_ONLY___ See
2026-05-07 14:15:51,641 INFO     ___FILE_ONLY___ 

2026-05-07 14:15:51,641 INFO     ___FILE_ONLY___             
2026-05-07 14:15:51,641 INFO     ___FILE_ONLY___ https://cloud.google.com/run/docs/securing/private-networking#send_requests_to_other_services_and_services
2026-05-07 14:15:51,642 INFO     ___FILE_ONLY___ 

2026-05-07 14:15:51,642 INFO     ___FILE_ONLY___             
2026-05-07 14:15:51,643 INFO     ___FILE_ONLY___ for
2026-05-07 14:15:51,643 INFO     ___FILE_ONLY___  
2026-05-07 14:15:51,644 INFO     ___FILE_ONLY___ more
2026-05-07 14:15:51,644 INFO     ___FILE_ONLY___  
2026-05-07 14:15:51,645 INFO     ___FILE_ONLY___ information.
2026-05-07 14:15:51,645 INFO     ___FILE_ONLY___ 

2026-05-07 14:15:51,646 INFO     ___FILE_ONLY___ 

2026-05-07 14:15:51,647 INFO     ___FILE_ONLY___     
2026-05-07 14:15:51,647 INFO     ___FILE_ONLY___  
2026-05-07 14:15:51,648 INFO     ___FILE_ONLY___ These
2026-05-07 14:15:51,648 INFO     ___FILE_ONLY___  
2026-05-07 14:15:51,649 INFO     ___FILE_ONLY___ flags
2026-05-07 14:15:51,649 INFO     ___FILE_ONLY___  
2026-05-07 14:15:51,649 INFO     ___FILE_ONLY___ modify
2026-05-07 14:15:51,650 INFO     ___FILE_ONLY___  
2026-05-07 14:15:51,650 INFO     ___FILE_ONLY___ the
2026-05-07 14:15:51,651 INFO     ___FILE_ONLY___  
2026-05-07 14:15:51,651 INFO     ___FILE_ONLY___ Cloud
2026-05-07 14:15:51,652 INFO     ___FILE_ONLY___  
2026-05-07 14:15:51,652 INFO     ___FILE_ONLY___ SQL
2026-05-07 14:15:51,653 INFO     ___FILE_ONLY___  
2026-05-07 14:15:51,653 INFO     ___FILE_ONLY___ instances
2026-05-07 14:15:51,654 INFO     ___FILE_ONLY___  
2026-05-07 14:15:51,654 INFO     ___FILE_ONLY___ this
2026-05-07 14:15:51,654 INFO     ___FILE_ONLY___  
2026-05-07 14:15:51,655 INFO     ___FILE_ONLY___ Service
2026-05-07 14:15:51,655 INFO     ___FILE_ONLY___  
2026-05-07 14:15:51,656 INFO     ___FILE_ONLY___ connects
2026-05-07 14:15:51,656 INFO     ___FILE_ONLY___  
2026-05-07 14:15:51,657 INFO     ___FILE_ONLY___ to.
2026-05-07 14:15:51,657 INFO     ___FILE_ONLY___  
2026-05-07 14:15:51,658 INFO     ___FILE_ONLY___ You
2026-05-07 14:15:51,659 INFO     ___FILE_ONLY___ 

2026-05-07 14:15:51,659 INFO     ___FILE_ONLY___      
2026-05-07 14:15:51,660 INFO     ___FILE_ONLY___ can
2026-05-07 14:15:51,660 INFO     ___FILE_ONLY___  
2026-05-07 14:15:51,661 INFO     ___FILE_ONLY___ specify
2026-05-07 14:15:51,662 INFO     ___FILE_ONLY___  
2026-05-07 14:15:51,662 INFO     ___FILE_ONLY___ a
2026-05-07 14:15:51,663 INFO     ___FILE_ONLY___  
2026-05-07 14:15:51,664 INFO     ___FILE_ONLY___ name
2026-05-07 14:15:51,665 INFO     ___FILE_ONLY___  
2026-05-07 14:15:51,665 INFO     ___FILE_ONLY___ of
2026-05-07 14:15:51,666 INFO     ___FILE_ONLY___  
2026-05-07 14:15:51,666 INFO     ___FILE_ONLY___ a
2026-05-07 14:15:51,667 INFO     ___FILE_ONLY___  
2026-05-07 14:15:51,668 INFO     ___FILE_ONLY___ Cloud
2026-05-07 14:15:51,668 INFO     ___FILE_ONLY___  
2026-05-07 14:15:51,669 INFO     ___FILE_ONLY___ SQL
2026-05-07 14:15:51,669 INFO     ___FILE_ONLY___  
2026-05-07 14:15:51,670 INFO     ___FILE_ONLY___ instance
2026-05-07 14:15:51,671 INFO     ___FILE_ONLY___  
2026-05-07 14:15:51,671 INFO     ___FILE_ONLY___ if
2026-05-07 14:15:51,672 INFO     ___FILE_ONLY___  
2026-05-07 14:15:51,672 INFO     ___FILE_ONLY___ it's
2026-05-07 14:15:51,673 INFO     ___FILE_ONLY___  
2026-05-07 14:15:51,673 INFO     ___FILE_ONLY___ in
2026-05-07 14:15:51,674 INFO     ___FILE_ONLY___  
2026-05-07 14:15:51,675 INFO     ___FILE_ONLY___ the
2026-05-07 14:15:51,675 INFO     ___FILE_ONLY___  
2026-05-07 14:15:51,676 INFO     ___FILE_ONLY___ same
2026-05-07 14:15:51,676 INFO     ___FILE_ONLY___  
2026-05-07 14:15:51,676 INFO     ___FILE_ONLY___ project
2026-05-07 14:15:51,677 INFO     ___FILE_ONLY___  
2026-05-07 14:15:51,677 INFO     ___FILE_ONLY___ and
2026-05-07 14:15:51,678 INFO     ___FILE_ONLY___ 

2026-05-07 14:15:51,678 INFO     ___FILE_ONLY___      
2026-05-07 14:15:51,678 INFO     ___FILE_ONLY___ region
2026-05-07 14:15:51,679 INFO     ___FILE_ONLY___  
2026-05-07 14:15:51,680 INFO     ___FILE_ONLY___ as
2026-05-07 14:15:51,680 INFO     ___FILE_ONLY___  
2026-05-07 14:15:51,681 INFO     ___FILE_ONLY___ your
2026-05-07 14:15:51,681 INFO     ___FILE_ONLY___  
2026-05-07 14:15:51,682 INFO     ___FILE_ONLY___ Cloud
2026-05-07 14:15:51,682 INFO     ___FILE_ONLY___  
2026-05-07 14:15:51,682 INFO     ___FILE_ONLY___ Run
2026-05-07 14:15:51,683 INFO     ___FILE_ONLY___  
2026-05-07 14:15:51,683 INFO     ___FILE_ONLY___ service;
2026-05-07 14:15:51,684 INFO     ___FILE_ONLY___  
2026-05-07 14:15:51,684 INFO     ___FILE_ONLY___ otherwise
2026-05-07 14:15:51,684 INFO     ___FILE_ONLY___  
2026-05-07 14:15:51,685 INFO     ___FILE_ONLY___ specify
2026-05-07 14:15:51,685 INFO     ___FILE_ONLY___ 

2026-05-07 14:15:51,686 INFO     ___FILE_ONLY___      
2026-05-07 14:15:51,686 INFO     ___FILE_ONLY___ <project>:<region>:<instance>
2026-05-07 14:15:51,687 INFO     ___FILE_ONLY___  
2026-05-07 14:15:51,687 INFO     ___FILE_ONLY___ for
2026-05-07 14:15:51,687 INFO     ___FILE_ONLY___  
2026-05-07 14:15:51,688 INFO     ___FILE_ONLY___ the
2026-05-07 14:15:51,688 INFO     ___FILE_ONLY___  
2026-05-07 14:15:51,689 INFO     ___FILE_ONLY___ instance.
2026-05-07 14:15:51,689 INFO     ___FILE_ONLY___ 

2026-05-07 14:15:51,689 INFO     ___FILE_ONLY___ 

2026-05-07 14:15:51,690 INFO     ___FILE_ONLY___     
2026-05-07 14:15:51,690 INFO     ___FILE_ONLY___  
2026-05-07 14:15:51,691 INFO     ___FILE_ONLY___ At
2026-05-07 14:15:51,691 INFO     ___FILE_ONLY___  
2026-05-07 14:15:51,692 INFO     ___FILE_ONLY___ most
2026-05-07 14:15:51,692 INFO     ___FILE_ONLY___  
2026-05-07 14:15:51,693 INFO     ___FILE_ONLY___ one
2026-05-07 14:15:51,693 INFO     ___FILE_ONLY___  
2026-05-07 14:15:51,694 INFO     ___FILE_ONLY___ of
2026-05-07 14:15:51,694 INFO     ___FILE_ONLY___  
2026-05-07 14:15:51,694 INFO     ___FILE_ONLY___ these
2026-05-07 14:15:51,695 INFO     ___FILE_ONLY___  
2026-05-07 14:15:51,695 INFO     ___FILE_ONLY___ can
2026-05-07 14:15:51,696 INFO     ___FILE_ONLY___  
2026-05-07 14:15:51,697 INFO     ___FILE_ONLY___ be
2026-05-07 14:15:51,697 INFO     ___FILE_ONLY___  
2026-05-07 14:15:51,698 INFO     ___FILE_ONLY___ specified:
2026-05-07 14:15:51,698 INFO     ___FILE_ONLY___ 

2026-05-07 14:15:51,699 INFO     ___FILE_ONLY___ 

2026-05-07 14:15:51,699 INFO     ___FILE_ONLY___        --add-cloudsql-instances=[CLOUDSQL-INSTANCES,...]

2026-05-07 14:15:51,700 INFO     ___FILE_ONLY___          
2026-05-07 14:15:51,700 INFO     ___FILE_ONLY___  
2026-05-07 14:15:51,700 INFO     ___FILE_ONLY___ Append
2026-05-07 14:15:51,701 INFO     ___FILE_ONLY___  
2026-05-07 14:15:51,701 INFO     ___FILE_ONLY___ the
2026-05-07 14:15:51,702 INFO     ___FILE_ONLY___  
2026-05-07 14:15:51,702 INFO     ___FILE_ONLY___ given
2026-05-07 14:15:51,703 INFO     ___FILE_ONLY___  
2026-05-07 14:15:51,703 INFO     ___FILE_ONLY___ values
2026-05-07 14:15:51,704 INFO     ___FILE_ONLY___  
2026-05-07 14:15:51,704 INFO     ___FILE_ONLY___ to
2026-05-07 14:15:51,704 INFO     ___FILE_ONLY___  
2026-05-07 14:15:51,705 INFO     ___FILE_ONLY___ the
2026-05-07 14:15:51,705 INFO     ___FILE_ONLY___  
2026-05-07 14:15:51,706 INFO     ___FILE_ONLY___ current
2026-05-07 14:15:51,706 INFO     ___FILE_ONLY___  
2026-05-07 14:15:51,707 INFO     ___FILE_ONLY___ Cloud
2026-05-07 14:15:51,707 INFO     ___FILE_ONLY___  
2026-05-07 14:15:51,708 INFO     ___FILE_ONLY___ SQL
2026-05-07 14:15:51,708 INFO     ___FILE_ONLY___  
2026-05-07 14:15:51,708 INFO     ___FILE_ONLY___ instances.
2026-05-07 14:15:51,709 INFO     ___FILE_ONLY___ 

2026-05-07 14:15:51,709 INFO     ___FILE_ONLY___ 

2026-05-07 14:15:51,710 INFO     ___FILE_ONLY___        --clear-cloudsql-instances

2026-05-07 14:15:51,710 INFO     ___FILE_ONLY___          
2026-05-07 14:15:51,711 INFO     ___FILE_ONLY___  
2026-05-07 14:15:51,711 INFO     ___FILE_ONLY___ Empty
2026-05-07 14:15:51,712 INFO     ___FILE_ONLY___  
2026-05-07 14:15:51,712 INFO     ___FILE_ONLY___ the
2026-05-07 14:15:51,713 INFO     ___FILE_ONLY___  
2026-05-07 14:15:51,713 INFO     ___FILE_ONLY___ current
2026-05-07 14:15:51,714 INFO     ___FILE_ONLY___  
2026-05-07 14:15:51,714 INFO     ___FILE_ONLY___ Cloud
2026-05-07 14:15:51,715 INFO     ___FILE_ONLY___  
2026-05-07 14:15:51,715 INFO     ___FILE_ONLY___ SQL
2026-05-07 14:15:51,716 INFO     ___FILE_ONLY___  
2026-05-07 14:15:51,716 INFO     ___FILE_ONLY___ instances.
2026-05-07 14:15:51,717 INFO     ___FILE_ONLY___ 

2026-05-07 14:15:51,717 INFO     ___FILE_ONLY___ 

2026-05-07 14:15:51,717 INFO     ___FILE_ONLY___        --remove-cloudsql-instances=[CLOUDSQL-INSTANCES,...]

2026-05-07 14:15:51,718 INFO     ___FILE_ONLY___          
2026-05-07 14:15:51,718 INFO     ___FILE_ONLY___  
2026-05-07 14:15:51,719 INFO     ___FILE_ONLY___ Remove
2026-05-07 14:15:51,719 INFO     ___FILE_ONLY___  
2026-05-07 14:15:51,720 INFO     ___FILE_ONLY___ the
2026-05-07 14:15:51,720 INFO     ___FILE_ONLY___  
2026-05-07 14:15:51,721 INFO     ___FILE_ONLY___ given
2026-05-07 14:15:51,721 INFO     ___FILE_ONLY___  
2026-05-07 14:15:51,722 INFO     ___FILE_ONLY___ values
2026-05-07 14:15:51,722 INFO     ___FILE_ONLY___  
2026-05-07 14:15:51,722 INFO     ___FILE_ONLY___ from
2026-05-07 14:15:51,723 INFO     ___FILE_ONLY___  
2026-05-07 14:15:51,723 INFO     ___FILE_ONLY___ the
2026-05-07 14:15:51,724 INFO     ___FILE_ONLY___  
2026-05-07 14:15:51,724 INFO     ___FILE_ONLY___ current
2026-05-07 14:15:51,725 INFO     ___FILE_ONLY___  
2026-05-07 14:15:51,725 INFO     ___FILE_ONLY___ Cloud
2026-05-07 14:15:51,726 INFO     ___FILE_ONLY___  
2026-05-07 14:15:51,726 INFO     ___FILE_ONLY___ SQL
2026-05-07 14:15:51,726 INFO     ___FILE_ONLY___  
2026-05-07 14:15:51,727 INFO     ___FILE_ONLY___ instances.
2026-05-07 14:15:51,727 INFO     ___FILE_ONLY___ 

2026-05-07 14:15:51,728 INFO     ___FILE_ONLY___ 

2026-05-07 14:15:51,728 INFO     ___FILE_ONLY___        --set-cloudsql-instances=[CLOUDSQL-INSTANCES,...]

2026-05-07 14:15:51,729 INFO     ___FILE_ONLY___          
2026-05-07 14:15:51,729 INFO     ___FILE_ONLY___  
2026-05-07 14:15:51,730 INFO     ___FILE_ONLY___ Completely
2026-05-07 14:15:51,730 INFO     ___FILE_ONLY___  
2026-05-07 14:15:51,731 INFO     ___FILE_ONLY___ replace
2026-05-07 14:15:51,731 INFO     ___FILE_ONLY___  
2026-05-07 14:15:51,732 INFO     ___FILE_ONLY___ the
2026-05-07 14:15:51,732 INFO     ___FILE_ONLY___  
2026-05-07 14:15:51,733 INFO     ___FILE_ONLY___ current
2026-05-07 14:15:51,733 INFO     ___FILE_ONLY___  
2026-05-07 14:15:51,734 INFO     ___FILE_ONLY___ Cloud
2026-05-07 14:15:51,734 INFO     ___FILE_ONLY___  
2026-05-07 14:15:51,734 INFO     ___FILE_ONLY___ SQL
2026-05-07 14:15:51,735 INFO     ___FILE_ONLY___  
2026-05-07 14:15:51,735 INFO     ___FILE_ONLY___ instances
2026-05-07 14:15:51,736 INFO     ___FILE_ONLY___  
2026-05-07 14:15:51,736 INFO     ___FILE_ONLY___ with
2026-05-07 14:15:51,737 INFO     ___FILE_ONLY___  
2026-05-07 14:15:51,737 INFO     ___FILE_ONLY___ the
2026-05-07 14:15:51,738 INFO     ___FILE_ONLY___  
2026-05-07 14:15:51,738 INFO     ___FILE_ONLY___ given
2026-05-07 14:15:51,738 INFO     ___FILE_ONLY___ 

2026-05-07 14:15:51,739 INFO     ___FILE_ONLY___           
2026-05-07 14:15:51,739 INFO     ___FILE_ONLY___ values.
2026-05-07 14:15:51,740 INFO     ___FILE_ONLY___ 

2026-05-07 14:15:51,740 INFO     ___FILE_ONLY___ 

2026-05-07 14:15:51,741 INFO     ___FILE_ONLY___     
2026-05-07 14:15:51,741 INFO     ___FILE_ONLY___  
2026-05-07 14:15:51,742 INFO     ___FILE_ONLY___ These
2026-05-07 14:15:51,742 INFO     ___FILE_ONLY___  
2026-05-07 14:15:51,743 INFO     ___FILE_ONLY___ flags
2026-05-07 14:15:51,743 INFO     ___FILE_ONLY___  
2026-05-07 14:15:51,743 INFO     ___FILE_ONLY___ modify
2026-05-07 14:15:51,744 INFO     ___FILE_ONLY___  
2026-05-07 14:15:51,744 INFO     ___FILE_ONLY___ the
2026-05-07 14:15:51,745 INFO     ___FILE_ONLY___  
2026-05-07 14:15:51,745 INFO     ___FILE_ONLY___ custom
2026-05-07 14:15:51,746 INFO     ___FILE_ONLY___  
2026-05-07 14:15:51,747 INFO     ___FILE_ONLY___ audiences
2026-05-07 14:15:51,747 INFO     ___FILE_ONLY___  
2026-05-07 14:15:51,747 INFO     ___FILE_ONLY___ that
2026-05-07 14:15:51,748 INFO     ___FILE_ONLY___  
2026-05-07 14:15:51,748 INFO     ___FILE_ONLY___ can
2026-05-07 14:15:51,749 INFO     ___FILE_ONLY___  
2026-05-07 14:15:51,749 INFO     ___FILE_ONLY___ be
2026-05-07 14:15:51,750 INFO     ___FILE_ONLY___  
2026-05-07 14:15:51,750 INFO     ___FILE_ONLY___ used
2026-05-07 14:15:51,751 INFO     ___FILE_ONLY___  
2026-05-07 14:15:51,751 INFO     ___FILE_ONLY___ in
2026-05-07 14:15:51,752 INFO     ___FILE_ONLY___  
2026-05-07 14:15:51,752 INFO     ___FILE_ONLY___ the
2026-05-07 14:15:51,752 INFO     ___FILE_ONLY___  
2026-05-07 14:15:51,753 INFO     ___FILE_ONLY___ audience
2026-05-07 14:15:51,753 INFO     ___FILE_ONLY___ 

2026-05-07 14:15:51,754 INFO     ___FILE_ONLY___      
2026-05-07 14:15:51,754 INFO     ___FILE_ONLY___ field
2026-05-07 14:15:51,755 INFO     ___FILE_ONLY___  
2026-05-07 14:15:51,755 INFO     ___FILE_ONLY___ of
2026-05-07 14:15:51,755 INFO     ___FILE_ONLY___  
2026-05-07 14:15:51,756 INFO     ___FILE_ONLY___ ID
2026-05-07 14:15:51,756 INFO     ___FILE_ONLY___  
2026-05-07 14:15:51,757 INFO     ___FILE_ONLY___ token
2026-05-07 14:15:51,757 INFO     ___FILE_ONLY___  
2026-05-07 14:15:51,758 INFO     ___FILE_ONLY___ for
2026-05-07 14:15:51,758 INFO     ___FILE_ONLY___  
2026-05-07 14:15:51,759 INFO     ___FILE_ONLY___ authenticated
2026-05-07 14:15:51,759 INFO     ___FILE_ONLY___  
2026-05-07 14:15:51,759 INFO     ___FILE_ONLY___ requests.
2026-05-07 14:15:51,760 INFO     ___FILE_ONLY___ 

2026-05-07 14:15:51,760 INFO     ___FILE_ONLY___ 

2026-05-07 14:15:51,761 INFO     ___FILE_ONLY___     
2026-05-07 14:15:51,761 INFO     ___FILE_ONLY___  
2026-05-07 14:15:51,762 INFO     ___FILE_ONLY___ At
2026-05-07 14:15:51,762 INFO     ___FILE_ONLY___  
2026-05-07 14:15:51,763 INFO     ___FILE_ONLY___ most
2026-05-07 14:15:51,764 INFO     ___FILE_ONLY___  
2026-05-07 14:15:51,764 INFO     ___FILE_ONLY___ one
2026-05-07 14:15:51,764 INFO     ___FILE_ONLY___  
2026-05-07 14:15:51,765 INFO     ___FILE_ONLY___ of
2026-05-07 14:15:51,765 INFO     ___FILE_ONLY___  
2026-05-07 14:15:51,766 INFO     ___FILE_ONLY___ these
2026-05-07 14:15:51,766 INFO     ___FILE_ONLY___  
2026-05-07 14:15:51,767 INFO     ___FILE_ONLY___ can
2026-05-07 14:15:51,767 INFO     ___FILE_ONLY___  
2026-05-07 14:15:51,768 INFO     ___FILE_ONLY___ be
2026-05-07 14:15:51,768 INFO     ___FILE_ONLY___  
2026-05-07 14:15:51,769 INFO     ___FILE_ONLY___ specified:
2026-05-07 14:15:51,769 INFO     ___FILE_ONLY___ 

2026-05-07 14:15:51,770 INFO     ___FILE_ONLY___ 

2026-05-07 14:15:51,770 INFO     ___FILE_ONLY___        --add-custom-audiences=[CUSTOM-AUDIENCES,...]

2026-05-07 14:15:51,771 INFO     ___FILE_ONLY___          
2026-05-07 14:15:51,771 INFO     ___FILE_ONLY___  
2026-05-07 14:15:51,771 INFO     ___FILE_ONLY___ Append
2026-05-07 14:15:51,772 INFO     ___FILE_ONLY___  
2026-05-07 14:15:51,772 INFO     ___FILE_ONLY___ the
2026-05-07 14:15:51,773 INFO     ___FILE_ONLY___  
2026-05-07 14:15:51,773 INFO     ___FILE_ONLY___ given
2026-05-07 14:15:51,774 INFO     ___FILE_ONLY___  
2026-05-07 14:15:51,774 INFO     ___FILE_ONLY___ values
2026-05-07 14:15:51,775 INFO     ___FILE_ONLY___  
2026-05-07 14:15:51,775 INFO     ___FILE_ONLY___ to
2026-05-07 14:15:51,776 INFO     ___FILE_ONLY___  
2026-05-07 14:15:51,776 INFO     ___FILE_ONLY___ the
2026-05-07 14:15:51,776 INFO     ___FILE_ONLY___  
2026-05-07 14:15:51,777 INFO     ___FILE_ONLY___ current
2026-05-07 14:15:51,777 INFO     ___FILE_ONLY___  
2026-05-07 14:15:51,778 INFO     ___FILE_ONLY___ custom
2026-05-07 14:15:51,778 INFO     ___FILE_ONLY___  
2026-05-07 14:15:51,779 INFO     ___FILE_ONLY___ audiences.
2026-05-07 14:15:51,779 INFO     ___FILE_ONLY___ 

2026-05-07 14:15:51,780 INFO     ___FILE_ONLY___ 

2026-05-07 14:15:51,781 INFO     ___FILE_ONLY___        --clear-custom-audiences

2026-05-07 14:15:51,781 INFO     ___FILE_ONLY___          
2026-05-07 14:15:51,782 INFO     ___FILE_ONLY___  
2026-05-07 14:15:51,782 INFO     ___FILE_ONLY___ Empty
2026-05-07 14:15:51,782 INFO     ___FILE_ONLY___  
2026-05-07 14:15:51,783 INFO     ___FILE_ONLY___ the
2026-05-07 14:15:51,783 INFO     ___FILE_ONLY___  
2026-05-07 14:15:51,784 INFO     ___FILE_ONLY___ current
2026-05-07 14:15:51,784 INFO     ___FILE_ONLY___  
2026-05-07 14:15:51,785 INFO     ___FILE_ONLY___ custom
2026-05-07 14:15:51,785 INFO     ___FILE_ONLY___  
2026-05-07 14:15:51,786 INFO     ___FILE_ONLY___ audiences.
2026-05-07 14:15:51,786 INFO     ___FILE_ONLY___ 

2026-05-07 14:15:51,787 INFO     ___FILE_ONLY___ 

2026-05-07 14:15:51,787 INFO     ___FILE_ONLY___        --remove-custom-audiences=[CUSTOM-AUDIENCES,...]

2026-05-07 14:15:51,787 INFO     ___FILE_ONLY___          
2026-05-07 14:15:51,788 INFO     ___FILE_ONLY___  
2026-05-07 14:15:51,788 INFO     ___FILE_ONLY___ Remove
2026-05-07 14:15:51,789 INFO     ___FILE_ONLY___  
2026-05-07 14:15:51,789 INFO     ___FILE_ONLY___ the
2026-05-07 14:15:51,790 INFO     ___FILE_ONLY___  
2026-05-07 14:15:51,790 INFO     ___FILE_ONLY___ given
2026-05-07 14:15:51,791 INFO     ___FILE_ONLY___  
2026-05-07 14:15:51,791 INFO     ___FILE_ONLY___ values
2026-05-07 14:15:51,792 INFO     ___FILE_ONLY___  
2026-05-07 14:15:51,792 INFO     ___FILE_ONLY___ from
2026-05-07 14:15:51,792 INFO     ___FILE_ONLY___  
2026-05-07 14:15:51,793 INFO     ___FILE_ONLY___ the
2026-05-07 14:15:51,793 INFO     ___FILE_ONLY___  
2026-05-07 14:15:51,794 INFO     ___FILE_ONLY___ current
2026-05-07 14:15:51,794 INFO     ___FILE_ONLY___  
2026-05-07 14:15:51,795 INFO     ___FILE_ONLY___ custom
2026-05-07 14:15:51,795 INFO     ___FILE_ONLY___  
2026-05-07 14:15:51,795 INFO     ___FILE_ONLY___ audiences.
2026-05-07 14:15:51,796 INFO     ___FILE_ONLY___ 

2026-05-07 14:15:51,797 INFO     ___FILE_ONLY___ 

2026-05-07 14:15:51,797 INFO     ___FILE_ONLY___        --set-custom-audiences=[CUSTOM-AUDIENCES,...]

2026-05-07 14:15:51,798 INFO     ___FILE_ONLY___          
2026-05-07 14:15:51,798 INFO     ___FILE_ONLY___  
2026-05-07 14:15:51,799 INFO     ___FILE_ONLY___ Completely
2026-05-07 14:15:51,799 INFO     ___FILE_ONLY___  
2026-05-07 14:15:51,800 INFO     ___FILE_ONLY___ replace
2026-05-07 14:15:51,800 INFO     ___FILE_ONLY___  
2026-05-07 14:15:51,801 INFO     ___FILE_ONLY___ the
2026-05-07 14:15:51,801 INFO     ___FILE_ONLY___  
2026-05-07 14:15:51,801 INFO     ___FILE_ONLY___ current
2026-05-07 14:15:51,802 INFO     ___FILE_ONLY___  
2026-05-07 14:15:51,802 INFO     ___FILE_ONLY___ custom
2026-05-07 14:15:51,803 INFO     ___FILE_ONLY___  
2026-05-07 14:15:51,803 INFO     ___FILE_ONLY___ audiences
2026-05-07 14:15:51,804 INFO     ___FILE_ONLY___  
2026-05-07 14:15:51,804 INFO     ___FILE_ONLY___ with
2026-05-07 14:15:51,805 INFO     ___FILE_ONLY___  
2026-05-07 14:15:51,805 INFO     ___FILE_ONLY___ the
2026-05-07 14:15:51,805 INFO     ___FILE_ONLY___  
2026-05-07 14:15:51,806 INFO     ___FILE_ONLY___ given
2026-05-07 14:15:51,806 INFO     ___FILE_ONLY___ 

2026-05-07 14:15:51,807 INFO     ___FILE_ONLY___           
2026-05-07 14:15:51,807 INFO     ___FILE_ONLY___ values.
2026-05-07 14:15:51,808 INFO     ___FILE_ONLY___ 

2026-05-07 14:15:51,808 INFO     ___FILE_ONLY___ 

2026-05-07 14:15:51,809 INFO     ___FILE_ONLY___      --add-volume=[KEY=VALUE,...]

2026-05-07 14:15:51,809 INFO     ___FILE_ONLY___        
2026-05-07 14:15:51,810 INFO     ___FILE_ONLY___  
2026-05-07 14:15:51,810 INFO     ___FILE_ONLY___ Adds
2026-05-07 14:15:51,810 INFO     ___FILE_ONLY___  
2026-05-07 14:15:51,811 INFO     ___FILE_ONLY___ a
2026-05-07 14:15:51,811 INFO     ___FILE_ONLY___  
2026-05-07 14:15:51,812 INFO     ___FILE_ONLY___ volume
2026-05-07 14:15:51,812 INFO     ___FILE_ONLY___  
2026-05-07 14:15:51,813 INFO     ___FILE_ONLY___ to
2026-05-07 14:15:51,814 INFO     ___FILE_ONLY___  
2026-05-07 14:15:51,814 INFO     ___FILE_ONLY___ the
2026-05-07 14:15:51,814 INFO     ___FILE_ONLY___  
2026-05-07 14:15:51,815 INFO     ___FILE_ONLY___ Cloud
2026-05-07 14:15:51,815 INFO     ___FILE_ONLY___  
2026-05-07 14:15:51,816 INFO     ___FILE_ONLY___ Run
2026-05-07 14:15:51,816 INFO     ___FILE_ONLY___  
2026-05-07 14:15:51,817 INFO     ___FILE_ONLY___ resource.
2026-05-07 14:15:51,817 INFO     ___FILE_ONLY___  
2026-05-07 14:15:51,818 INFO     ___FILE_ONLY___ To
2026-05-07 14:15:51,818 INFO     ___FILE_ONLY___  
2026-05-07 14:15:51,819 INFO     ___FILE_ONLY___ add
2026-05-07 14:15:51,819 INFO     ___FILE_ONLY___  
2026-05-07 14:15:51,819 INFO     ___FILE_ONLY___ more
2026-05-07 14:15:51,820 INFO     ___FILE_ONLY___  
2026-05-07 14:15:51,820 INFO     ___FILE_ONLY___ than
2026-05-07 14:15:51,821 INFO     ___FILE_ONLY___  
2026-05-07 14:15:51,821 INFO     ___FILE_ONLY___ one
2026-05-07 14:15:51,822 INFO     ___FILE_ONLY___  
2026-05-07 14:15:51,822 INFO     ___FILE_ONLY___ volume,
2026-05-07 14:15:51,822 INFO     ___FILE_ONLY___ 

2026-05-07 14:15:51,823 INFO     ___FILE_ONLY___         
2026-05-07 14:15:51,823 INFO     ___FILE_ONLY___ specify
2026-05-07 14:15:51,824 INFO     ___FILE_ONLY___  
2026-05-07 14:15:51,824 INFO     ___FILE_ONLY___ this
2026-05-07 14:15:51,825 INFO     ___FILE_ONLY___  
2026-05-07 14:15:51,825 INFO     ___FILE_ONLY___ flag
2026-05-07 14:15:51,826 INFO     ___FILE_ONLY___  
2026-05-07 14:15:51,826 INFO     ___FILE_ONLY___ multiple
2026-05-07 14:15:51,826 INFO     ___FILE_ONLY___  
2026-05-07 14:15:51,827 INFO     ___FILE_ONLY___ times.
2026-05-07 14:15:51,827 INFO     ___FILE_ONLY___  
2026-05-07 14:15:51,828 INFO     ___FILE_ONLY___ Volumes
2026-05-07 14:15:51,828 INFO     ___FILE_ONLY___  
2026-05-07 14:15:51,829 INFO     ___FILE_ONLY___ must
2026-05-07 14:15:51,830 INFO     ___FILE_ONLY___  
2026-05-07 14:15:51,830 INFO     ___FILE_ONLY___ have
2026-05-07 14:15:51,831 INFO     ___FILE_ONLY___  
2026-05-07 14:15:51,831 INFO     ___FILE_ONLY___ a
2026-05-07 14:15:51,831 INFO     ___FILE_ONLY___  
2026-05-07 14:15:51,832 INFO     ___FILE_ONLY___ type
2026-05-07 14:15:51,832 INFO     ___FILE_ONLY___  
2026-05-07 14:15:51,833 INFO     ___FILE_ONLY___ key.
2026-05-07 14:15:51,833 INFO     ___FILE_ONLY___  
2026-05-07 14:15:51,834 INFO     ___FILE_ONLY___ Volumes
2026-05-07 14:15:51,834 INFO     ___FILE_ONLY___ 

2026-05-07 14:15:51,835 INFO     ___FILE_ONLY___         
2026-05-07 14:15:51,835 INFO     ___FILE_ONLY___ must
2026-05-07 14:15:51,836 INFO     ___FILE_ONLY___  
2026-05-07 14:15:51,836 INFO     ___FILE_ONLY___ have
2026-05-07 14:15:51,836 INFO     ___FILE_ONLY___  
2026-05-07 14:15:51,837 INFO     ___FILE_ONLY___ a
2026-05-07 14:15:51,837 INFO     ___FILE_ONLY___  
2026-05-07 14:15:51,838 INFO     ___FILE_ONLY___ name
2026-05-07 14:15:51,838 INFO     ___FILE_ONLY___  
2026-05-07 14:15:51,839 INFO     ___FILE_ONLY___ key
2026-05-07 14:15:51,839 INFO     ___FILE_ONLY___  
2026-05-07 14:15:51,840 INFO     ___FILE_ONLY___ if
2026-05-07 14:15:51,840 INFO     ___FILE_ONLY___  
2026-05-07 14:15:51,841 INFO     ___FILE_ONLY___ mount-path
2026-05-07 14:15:51,841 INFO     ___FILE_ONLY___  
2026-05-07 14:15:51,841 INFO     ___FILE_ONLY___ is
2026-05-07 14:15:51,842 INFO     ___FILE_ONLY___  
2026-05-07 14:15:51,842 INFO     ___FILE_ONLY___ not
2026-05-07 14:15:51,843 INFO     ___FILE_ONLY___  
2026-05-07 14:15:51,843 INFO     ___FILE_ONLY___ specified.
2026-05-07 14:15:51,844 INFO     ___FILE_ONLY___  
2026-05-07 14:15:51,844 INFO     ___FILE_ONLY___ A
2026-05-07 14:15:51,845 INFO     ___FILE_ONLY___  
2026-05-07 14:15:51,845 INFO     ___FILE_ONLY___ name
2026-05-07 14:15:51,845 INFO     ___FILE_ONLY___  
2026-05-07 14:15:51,846 INFO     ___FILE_ONLY___ key
2026-05-07 14:15:51,847 INFO     ___FILE_ONLY___  
2026-05-07 14:15:51,847 INFO     ___FILE_ONLY___ is
2026-05-07 14:15:51,848 INFO     ___FILE_ONLY___ 

2026-05-07 14:15:51,848 INFO     ___FILE_ONLY___         
2026-05-07 14:15:51,849 INFO     ___FILE_ONLY___ optional
2026-05-07 14:15:51,849 INFO     ___FILE_ONLY___  
2026-05-07 14:15:51,850 INFO     ___FILE_ONLY___ if
2026-05-07 14:15:51,850 INFO     ___FILE_ONLY___  
2026-05-07 14:15:51,851 INFO     ___FILE_ONLY___ mount-path
2026-05-07 14:15:51,851 INFO     ___FILE_ONLY___  
2026-05-07 14:15:51,851 INFO     ___FILE_ONLY___ is
2026-05-07 14:15:51,852 INFO     ___FILE_ONLY___  
2026-05-07 14:15:51,852 INFO     ___FILE_ONLY___ specified.Only
2026-05-07 14:15:51,853 INFO     ___FILE_ONLY___  
2026-05-07 14:15:51,853 INFO     ___FILE_ONLY___ certain
2026-05-07 14:15:51,854 INFO     ___FILE_ONLY___  
2026-05-07 14:15:51,854 INFO     ___FILE_ONLY___ values
2026-05-07 14:15:51,854 INFO     ___FILE_ONLY___  
2026-05-07 14:15:51,855 INFO     ___FILE_ONLY___ are
2026-05-07 14:15:51,855 INFO     ___FILE_ONLY___  
2026-05-07 14:15:51,856 INFO     ___FILE_ONLY___ supported
2026-05-07 14:15:51,856 INFO     ___FILE_ONLY___ 

2026-05-07 14:15:51,856 INFO     ___FILE_ONLY___         
2026-05-07 14:15:51,857 INFO     ___FILE_ONLY___ for
2026-05-07 14:15:51,857 INFO     ___FILE_ONLY___  
2026-05-07 14:15:51,858 INFO     ___FILE_ONLY___ type.
2026-05-07 14:15:51,858 INFO     ___FILE_ONLY___  
2026-05-07 14:15:51,859 INFO     ___FILE_ONLY___ Depending
2026-05-07 14:15:51,859 INFO     ___FILE_ONLY___  
2026-05-07 14:15:51,859 INFO     ___FILE_ONLY___ on
2026-05-07 14:15:51,860 INFO     ___FILE_ONLY___  
2026-05-07 14:15:51,860 INFO     ___FILE_ONLY___ the
2026-05-07 14:15:51,861 INFO     ___FILE_ONLY___  
2026-05-07 14:15:51,861 INFO     ___FILE_ONLY___ provided
2026-05-07 14:15:51,861 INFO     ___FILE_ONLY___  
2026-05-07 14:15:51,862 INFO     ___FILE_ONLY___ type,
2026-05-07 14:15:51,862 INFO     ___FILE_ONLY___  
2026-05-07 14:15:51,863 INFO     ___FILE_ONLY___ other
2026-05-07 14:15:51,863 INFO     ___FILE_ONLY___  
2026-05-07 14:15:51,864 INFO     ___FILE_ONLY___ keys
2026-05-07 14:15:51,864 INFO     ___FILE_ONLY___  
2026-05-07 14:15:51,865 INFO     ___FILE_ONLY___ will
2026-05-07 14:15:51,865 INFO     ___FILE_ONLY___  
2026-05-07 14:15:51,866 INFO     ___FILE_ONLY___ be
2026-05-07 14:15:51,866 INFO     ___FILE_ONLY___  
2026-05-07 14:15:51,867 INFO     ___FILE_ONLY___ required.
2026-05-07 14:15:51,867 INFO     ___FILE_ONLY___ 

2026-05-07 14:15:51,868 INFO     ___FILE_ONLY___         
2026-05-07 14:15:51,868 INFO     ___FILE_ONLY___ The
2026-05-07 14:15:51,868 INFO     ___FILE_ONLY___  
2026-05-07 14:15:51,869 INFO     ___FILE_ONLY___ following
2026-05-07 14:15:51,869 INFO     ___FILE_ONLY___  
2026-05-07 14:15:51,870 INFO     ___FILE_ONLY___ types
2026-05-07 14:15:51,870 INFO     ___FILE_ONLY___  
2026-05-07 14:15:51,871 INFO     ___FILE_ONLY___ are
2026-05-07 14:15:51,871 INFO     ___FILE_ONLY___  
2026-05-07 14:15:51,871 INFO     ___FILE_ONLY___ supported
2026-05-07 14:15:51,872 INFO     ___FILE_ONLY___  
2026-05-07 14:15:51,872 INFO     ___FILE_ONLY___ with
2026-05-07 14:15:51,873 INFO     ___FILE_ONLY___  
2026-05-07 14:15:51,873 INFO     ___FILE_ONLY___ the
2026-05-07 14:15:51,874 INFO     ___FILE_ONLY___  
2026-05-07 14:15:51,874 INFO     ___FILE_ONLY___ specified
2026-05-07 14:15:51,875 INFO     ___FILE_ONLY___  
2026-05-07 14:15:51,875 INFO     ___FILE_ONLY___ additional
2026-05-07 14:15:51,875 INFO     ___FILE_ONLY___  
2026-05-07 14:15:51,876 INFO     ___FILE_ONLY___ keys:
2026-05-07 14:15:51,876 INFO     ___FILE_ONLY___ 

2026-05-07 14:15:51,877 INFO     ___FILE_ONLY___ 

2026-05-07 14:15:51,877 INFO     ___FILE_ONLY___        
2026-05-07 14:15:51,878 INFO     ___FILE_ONLY___  
2026-05-07 14:15:51,878 INFO     ___FILE_ONLY___ cloud-storage:
2026-05-07 14:15:51,879 INFO     ___FILE_ONLY___  
2026-05-07 14:15:51,879 INFO     ___FILE_ONLY___ A
2026-05-07 14:15:51,880 INFO     ___FILE_ONLY___  
2026-05-07 14:15:51,880 INFO     ___FILE_ONLY___ volume
2026-05-07 14:15:51,881 INFO     ___FILE_ONLY___  
2026-05-07 14:15:51,881 INFO     ___FILE_ONLY___ representing
2026-05-07 14:15:51,882 INFO     ___FILE_ONLY___  
2026-05-07 14:15:51,882 INFO     ___FILE_ONLY___ a
2026-05-07 14:15:51,883 INFO     ___FILE_ONLY___  
2026-05-07 14:15:51,883 INFO     ___FILE_ONLY___ Cloud
2026-05-07 14:15:51,884 INFO     ___FILE_ONLY___  
2026-05-07 14:15:51,884 INFO     ___FILE_ONLY___ Storage
2026-05-07 14:15:51,885 INFO     ___FILE_ONLY___  
2026-05-07 14:15:51,885 INFO     ___FILE_ONLY___ bucket.
2026-05-07 14:15:51,885 INFO     ___FILE_ONLY___  
2026-05-07 14:15:51,886 INFO     ___FILE_ONLY___ This
2026-05-07 14:15:51,886 INFO     ___FILE_ONLY___ 

2026-05-07 14:15:51,887 INFO     ___FILE_ONLY___         
2026-05-07 14:15:51,887 INFO     ___FILE_ONLY___ volume
2026-05-07 14:15:51,888 INFO     ___FILE_ONLY___  
2026-05-07 14:15:51,888 INFO     ___FILE_ONLY___ type
2026-05-07 14:15:51,889 INFO     ___FILE_ONLY___  
2026-05-07 14:15:51,889 INFO     ___FILE_ONLY___ is
2026-05-07 14:15:51,889 INFO     ___FILE_ONLY___  
2026-05-07 14:15:51,890 INFO     ___FILE_ONLY___ mounted
2026-05-07 14:15:51,890 INFO     ___FILE_ONLY___  
2026-05-07 14:15:51,891 INFO     ___FILE_ONLY___ using
2026-05-07 14:15:51,891 INFO     ___FILE_ONLY___  
2026-05-07 14:15:51,892 INFO     ___FILE_ONLY___ Cloud
2026-05-07 14:15:51,892 INFO     ___FILE_ONLY___  
2026-05-07 14:15:51,893 INFO     ___FILE_ONLY___ Storage
2026-05-07 14:15:51,893 INFO     ___FILE_ONLY___  
2026-05-07 14:15:51,893 INFO     ___FILE_ONLY___ FUSE.
2026-05-07 14:15:51,894 INFO     ___FILE_ONLY___  
2026-05-07 14:15:51,894 INFO     ___FILE_ONLY___ See
2026-05-07 14:15:51,895 INFO     ___FILE_ONLY___ 

2026-05-07 14:15:51,895 INFO     ___FILE_ONLY___         
2026-05-07 14:15:51,896 INFO     ___FILE_ONLY___ https://cloud.google.com/storage/docs/gcs-fuse
2026-05-07 14:15:51,897 INFO     ___FILE_ONLY___  
2026-05-07 14:15:51,897 INFO     ___FILE_ONLY___ for
2026-05-07 14:15:51,897 INFO     ___FILE_ONLY___  
2026-05-07 14:15:51,898 INFO     ___FILE_ONLY___ the
2026-05-07 14:15:51,898 INFO     ___FILE_ONLY___  
2026-05-07 14:15:51,899 INFO     ___FILE_ONLY___ details
2026-05-07 14:15:51,899 INFO     ___FILE_ONLY___  
2026-05-07 14:15:51,900 INFO     ___FILE_ONLY___ and
2026-05-07 14:15:51,900 INFO     ___FILE_ONLY___ 

2026-05-07 14:15:51,901 INFO     ___FILE_ONLY___         
2026-05-07 14:15:51,901 INFO     ___FILE_ONLY___ limitations
2026-05-07 14:15:51,902 INFO     ___FILE_ONLY___  
2026-05-07 14:15:51,902 INFO     ___FILE_ONLY___ of
2026-05-07 14:15:51,902 INFO     ___FILE_ONLY___  
2026-05-07 14:15:51,903 INFO     ___FILE_ONLY___ this
2026-05-07 14:15:51,903 INFO     ___FILE_ONLY___  
2026-05-07 14:15:51,904 INFO     ___FILE_ONLY___ filesystem.
2026-05-07 14:15:51,904 INFO     ___FILE_ONLY___  
2026-05-07 14:15:51,905 INFO     ___FILE_ONLY___ Additional
2026-05-07 14:15:51,905 INFO     ___FILE_ONLY___  
2026-05-07 14:15:51,905 INFO     ___FILE_ONLY___ keys:
2026-05-07 14:15:51,906 INFO     ___FILE_ONLY___ 

2026-05-07 14:15:51,906 INFO     ___FILE_ONLY___         ◆
2026-05-07 14:15:51,907 INFO     ___FILE_ONLY___  
2026-05-07 14:15:51,907 INFO     ___FILE_ONLY___ bucket:
2026-05-07 14:15:51,908 INFO     ___FILE_ONLY___  
2026-05-07 14:15:51,908 INFO     ___FILE_ONLY___ (required)
2026-05-07 14:15:51,909 INFO     ___FILE_ONLY___  
2026-05-07 14:15:51,909 INFO     ___FILE_ONLY___ the
2026-05-07 14:15:51,910 INFO     ___FILE_ONLY___  
2026-05-07 14:15:51,910 INFO     ___FILE_ONLY___ name
2026-05-07 14:15:51,910 INFO     ___FILE_ONLY___  
2026-05-07 14:15:51,911 INFO     ___FILE_ONLY___ of
2026-05-07 14:15:51,911 INFO     ___FILE_ONLY___  
2026-05-07 14:15:51,912 INFO     ___FILE_ONLY___ the
2026-05-07 14:15:51,912 INFO     ___FILE_ONLY___  
2026-05-07 14:15:51,913 INFO     ___FILE_ONLY___ bucket
2026-05-07 14:15:51,913 INFO     ___FILE_ONLY___  
2026-05-07 14:15:51,914 INFO     ___FILE_ONLY___ to
2026-05-07 14:15:51,914 INFO     ___FILE_ONLY___  
2026-05-07 14:15:51,915 INFO     ___FILE_ONLY___ use
2026-05-07 14:15:51,915 INFO     ___FILE_ONLY___  
2026-05-07 14:15:51,916 INFO     ___FILE_ONLY___ as
2026-05-07 14:15:51,916 INFO     ___FILE_ONLY___  
2026-05-07 14:15:51,917 INFO     ___FILE_ONLY___ the
2026-05-07 14:15:51,917 INFO     ___FILE_ONLY___  
2026-05-07 14:15:51,917 INFO     ___FILE_ONLY___ source
2026-05-07 14:15:51,918 INFO     ___FILE_ONLY___  
2026-05-07 14:15:51,918 INFO     ___FILE_ONLY___ of
2026-05-07 14:15:51,919 INFO     ___FILE_ONLY___ 

2026-05-07 14:15:51,919 INFO     ___FILE_ONLY___           
2026-05-07 14:15:51,920 INFO     ___FILE_ONLY___ this
2026-05-07 14:15:51,920 INFO     ___FILE_ONLY___  
2026-05-07 14:15:51,921 INFO     ___FILE_ONLY___ volume
2026-05-07 14:15:51,921 INFO     ___FILE_ONLY___ 

2026-05-07 14:15:51,921 INFO     ___FILE_ONLY___         ◆
2026-05-07 14:15:51,922 INFO     ___FILE_ONLY___  
2026-05-07 14:15:51,922 INFO     ___FILE_ONLY___ readonly:
2026-05-07 14:15:51,923 INFO     ___FILE_ONLY___  
2026-05-07 14:15:51,923 INFO     ___FILE_ONLY___ (optional)
2026-05-07 14:15:51,924 INFO     ___FILE_ONLY___  
2026-05-07 14:15:51,924 INFO     ___FILE_ONLY___ A
2026-05-07 14:15:51,925 INFO     ___FILE_ONLY___  
2026-05-07 14:15:51,925 INFO     ___FILE_ONLY___ boolean.
2026-05-07 14:15:51,925 INFO     ___FILE_ONLY___  
2026-05-07 14:15:51,926 INFO     ___FILE_ONLY___ If
2026-05-07 14:15:51,926 INFO     ___FILE_ONLY___  
2026-05-07 14:15:51,927 INFO     ___FILE_ONLY___ true,
2026-05-07 14:15:51,927 INFO     ___FILE_ONLY___  
2026-05-07 14:15:51,928 INFO     ___FILE_ONLY___ this
2026-05-07 14:15:51,928 INFO     ___FILE_ONLY___  
2026-05-07 14:15:51,929 INFO     ___FILE_ONLY___ volume
2026-05-07 14:15:51,929 INFO     ___FILE_ONLY___  
2026-05-07 14:15:51,930 INFO     ___FILE_ONLY___ will
2026-05-07 14:15:51,930 INFO     ___FILE_ONLY___  
2026-05-07 14:15:51,931 INFO     ___FILE_ONLY___ be
2026-05-07 14:15:51,931 INFO     ___FILE_ONLY___ 

2026-05-07 14:15:51,932 INFO     ___FILE_ONLY___           
2026-05-07 14:15:51,932 INFO     ___FILE_ONLY___ read-only
2026-05-07 14:15:51,933 INFO     ___FILE_ONLY___  
2026-05-07 14:15:51,933 INFO     ___FILE_ONLY___ from
2026-05-07 14:15:51,933 INFO     ___FILE_ONLY___  
2026-05-07 14:15:51,934 INFO     ___FILE_ONLY___ all
2026-05-07 14:15:51,934 INFO     ___FILE_ONLY___  
2026-05-07 14:15:51,935 INFO     ___FILE_ONLY___ mounts.
2026-05-07 14:15:51,935 INFO     ___FILE_ONLY___ 

2026-05-07 14:15:51,936 INFO     ___FILE_ONLY___         ◆
2026-05-07 14:15:51,936 INFO     ___FILE_ONLY___  
2026-05-07 14:15:51,937 INFO     ___FILE_ONLY___ mount-options:
2026-05-07 14:15:51,937 INFO     ___FILE_ONLY___  
2026-05-07 14:15:51,937 INFO     ___FILE_ONLY___ (optional)
2026-05-07 14:15:51,938 INFO     ___FILE_ONLY___  
2026-05-07 14:15:51,938 INFO     ___FILE_ONLY___ A
2026-05-07 14:15:51,939 INFO     ___FILE_ONLY___  
2026-05-07 14:15:51,939 INFO     ___FILE_ONLY___ list
2026-05-07 14:15:51,940 INFO     ___FILE_ONLY___  
2026-05-07 14:15:51,940 INFO     ___FILE_ONLY___ of
2026-05-07 14:15:51,941 INFO     ___FILE_ONLY___  
2026-05-07 14:15:51,941 INFO     ___FILE_ONLY___ flags
2026-05-07 14:15:51,941 INFO     ___FILE_ONLY___  
2026-05-07 14:15:51,942 INFO     ___FILE_ONLY___ to
2026-05-07 14:15:51,942 INFO     ___FILE_ONLY___  
2026-05-07 14:15:51,943 INFO     ___FILE_ONLY___ pass
2026-05-07 14:15:51,943 INFO     ___FILE_ONLY___  
2026-05-07 14:15:51,944 INFO     ___FILE_ONLY___ to
2026-05-07 14:15:51,944 INFO     ___FILE_ONLY___  
2026-05-07 14:15:51,944 INFO     ___FILE_ONLY___ GCSFuse.
2026-05-07 14:15:51,945 INFO     ___FILE_ONLY___  
2026-05-07 14:15:51,945 INFO     ___FILE_ONLY___ Flags
2026-05-07 14:15:51,946 INFO     ___FILE_ONLY___ 

2026-05-07 14:15:51,947 INFO     ___FILE_ONLY___           
2026-05-07 14:15:51,947 INFO     ___FILE_ONLY___ should
2026-05-07 14:15:51,948 INFO     ___FILE_ONLY___  
2026-05-07 14:15:51,948 INFO     ___FILE_ONLY___ be
2026-05-07 14:15:51,949 INFO     ___FILE_ONLY___  
2026-05-07 14:15:51,949 INFO     ___FILE_ONLY___ specified
2026-05-07 14:15:51,950 INFO     ___FILE_ONLY___  
2026-05-07 14:15:51,950 INFO     ___FILE_ONLY___ without
2026-05-07 14:15:51,950 INFO     ___FILE_ONLY___  
2026-05-07 14:15:51,951 INFO     ___FILE_ONLY___ leading
2026-05-07 14:15:51,951 INFO     ___FILE_ONLY___  
2026-05-07 14:15:51,952 INFO     ___FILE_ONLY___ dashes
2026-05-07 14:15:51,952 INFO     ___FILE_ONLY___  
2026-05-07 14:15:51,953 INFO     ___FILE_ONLY___ and
2026-05-07 14:15:51,953 INFO     ___FILE_ONLY___  
2026-05-07 14:15:51,953 INFO     ___FILE_ONLY___ separated
2026-05-07 14:15:51,954 INFO     ___FILE_ONLY___  
2026-05-07 14:15:51,954 INFO     ___FILE_ONLY___ by
2026-05-07 14:15:51,955 INFO     ___FILE_ONLY___ 

2026-05-07 14:15:51,956 INFO     ___FILE_ONLY___           
2026-05-07 14:15:51,956 INFO     ___FILE_ONLY___ semicolons.
2026-05-07 14:15:51,957 INFO     ___FILE_ONLY___ 

2026-05-07 14:15:51,957 INFO     ___FILE_ONLY___         ◆
2026-05-07 14:15:51,958 INFO     ___FILE_ONLY___  
2026-05-07 14:15:51,958 INFO     ___FILE_ONLY___ mount-path:
2026-05-07 14:15:51,959 INFO     ___FILE_ONLY___  
2026-05-07 14:15:51,962 INFO     ___FILE_ONLY___ (optional)
2026-05-07 14:15:51,963 INFO     ___FILE_ONLY___  
2026-05-07 14:15:51,964 INFO     ___FILE_ONLY___ The
2026-05-07 14:15:51,964 INFO     ___FILE_ONLY___  
2026-05-07 14:15:51,965 INFO     ___FILE_ONLY___ path
2026-05-07 14:15:51,965 INFO     ___FILE_ONLY___  
2026-05-07 14:15:51,966 INFO     ___FILE_ONLY___ at
2026-05-07 14:15:51,966 INFO     ___FILE_ONLY___  
2026-05-07 14:15:51,967 INFO     ___FILE_ONLY___ which
2026-05-07 14:15:51,967 INFO     ___FILE_ONLY___  
2026-05-07 14:15:51,967 INFO     ___FILE_ONLY___ the
2026-05-07 14:15:51,968 INFO     ___FILE_ONLY___  
2026-05-07 14:15:51,968 INFO     ___FILE_ONLY___ volume
2026-05-07 14:15:51,969 INFO     ___FILE_ONLY___  
2026-05-07 14:15:51,969 INFO     ___FILE_ONLY___ should
2026-05-07 14:15:51,970 INFO     ___FILE_ONLY___  
2026-05-07 14:15:51,970 INFO     ___FILE_ONLY___ be
2026-05-07 14:15:51,971 INFO     ___FILE_ONLY___ 

2026-05-07 14:15:51,972 INFO     ___FILE_ONLY___           
2026-05-07 14:15:51,972 INFO     ___FILE_ONLY___ mounted.
2026-05-07 14:15:51,973 INFO     ___FILE_ONLY___  
2026-05-07 14:15:51,973 INFO     ___FILE_ONLY___ The
2026-05-07 14:15:51,973 INFO     ___FILE_ONLY___  
2026-05-07 14:15:51,974 INFO     ___FILE_ONLY___ mount-path
2026-05-07 14:15:51,974 INFO     ___FILE_ONLY___  
2026-05-07 14:15:51,975 INFO     ___FILE_ONLY___ parameter
2026-05-07 14:15:51,975 INFO     ___FILE_ONLY___  
2026-05-07 14:15:51,976 INFO     ___FILE_ONLY___ is
2026-05-07 14:15:51,976 INFO     ___FILE_ONLY___  
2026-05-07 14:15:51,977 INFO     ___FILE_ONLY___ only
2026-05-07 14:15:51,977 INFO     ___FILE_ONLY___  
2026-05-07 14:15:51,978 INFO     ___FILE_ONLY___ supported
2026-05-07 14:15:51,978 INFO     ___FILE_ONLY___  
2026-05-07 14:15:51,979 INFO     ___FILE_ONLY___ for
2026-05-07 14:15:51,979 INFO     ___FILE_ONLY___  
2026-05-07 14:15:51,980 INFO     ___FILE_ONLY___ single
2026-05-07 14:15:51,981 INFO     ___FILE_ONLY___ 

2026-05-07 14:15:51,981 INFO     ___FILE_ONLY___           
2026-05-07 14:15:51,982 INFO     ___FILE_ONLY___ container
2026-05-07 14:15:51,982 INFO     ___FILE_ONLY___  
2026-05-07 14:15:51,983 INFO     ___FILE_ONLY___ services
2026-05-07 14:15:51,983 INFO     ___FILE_ONLY___  
2026-05-07 14:15:51,984 INFO     ___FILE_ONLY___ which
2026-05-07 14:15:51,985 INFO     ___FILE_ONLY___  
2026-05-07 14:15:51,986 INFO     ___FILE_ONLY___ do
2026-05-07 14:15:51,986 INFO     ___FILE_ONLY___  
2026-05-07 14:15:51,987 INFO     ___FILE_ONLY___ not
2026-05-07 14:15:51,987 INFO     ___FILE_ONLY___  
2026-05-07 14:15:51,988 INFO     ___FILE_ONLY___ make
2026-05-07 14:15:51,988 INFO     ___FILE_ONLY___  
2026-05-07 14:15:51,989 INFO     ___FILE_ONLY___ use
2026-05-07 14:15:51,989 INFO     ___FILE_ONLY___  
2026-05-07 14:15:51,990 INFO     ___FILE_ONLY___ of
2026-05-07 14:15:51,990 INFO     ___FILE_ONLY___  
2026-05-07 14:15:51,991 INFO     ___FILE_ONLY___ the
2026-05-07 14:15:51,991 INFO     ___FILE_ONLY___  
2026-05-07 14:15:51,992 INFO     ___FILE_ONLY___ --container
2026-05-07 14:15:51,992 INFO     ___FILE_ONLY___  
2026-05-07 14:15:51,993 INFO     ___FILE_ONLY___ flag.
2026-05-07 14:15:51,993 INFO     ___FILE_ONLY___  
2026-05-07 14:15:51,994 INFO     ___FILE_ONLY___ For
2026-05-07 14:15:51,994 INFO     ___FILE_ONLY___ 

2026-05-07 14:15:51,995 INFO     ___FILE_ONLY___           
2026-05-07 14:15:51,995 INFO     ___FILE_ONLY___ multi-container
2026-05-07 14:15:51,995 INFO     ___FILE_ONLY___  
2026-05-07 14:15:51,996 INFO     ___FILE_ONLY___ services,
2026-05-07 14:15:51,997 INFO     ___FILE_ONLY___  
2026-05-07 14:15:51,997 INFO     ___FILE_ONLY___ specify
2026-05-07 14:15:51,998 INFO     ___FILE_ONLY___  
2026-05-07 14:15:51,998 INFO     ___FILE_ONLY___ the
2026-05-07 14:15:51,999 INFO     ___FILE_ONLY___  
2026-05-07 14:15:51,999 INFO     ___FILE_ONLY___ mount-path
2026-05-07 14:15:52,000 INFO     ___FILE_ONLY___  
2026-05-07 14:15:52,000 INFO     ___FILE_ONLY___ parameter
2026-05-07 14:15:52,001 INFO     ___FILE_ONLY___  
2026-05-07 14:15:52,001 INFO     ___FILE_ONLY___ under
2026-05-07 14:15:52,001 INFO     ___FILE_ONLY___  
2026-05-07 14:15:52,002 INFO     ___FILE_ONLY___ the
2026-05-07 14:15:52,002 INFO     ___FILE_ONLY___ 

2026-05-07 14:15:52,003 INFO     ___FILE_ONLY___           
2026-05-07 14:15:52,003 INFO     ___FILE_ONLY___ --add-volume-mount
2026-05-07 14:15:52,004 INFO     ___FILE_ONLY___  
2026-05-07 14:15:52,004 INFO     ___FILE_ONLY___ flag.
2026-05-07 14:15:52,005 INFO     ___FILE_ONLY___ 

2026-05-07 14:15:52,005 INFO     ___FILE_ONLY___ 

2026-05-07 14:15:52,006 INFO     ___FILE_ONLY___        
2026-05-07 14:15:52,006 INFO     ___FILE_ONLY___  
2026-05-07 14:15:52,006 INFO     ___FILE_ONLY___ in-memory:
2026-05-07 14:15:52,007 INFO     ___FILE_ONLY___  
2026-05-07 14:15:52,007 INFO     ___FILE_ONLY___ An
2026-05-07 14:15:52,008 INFO     ___FILE_ONLY___  
2026-05-07 14:15:52,008 INFO     ___FILE_ONLY___ ephemeral
2026-05-07 14:15:52,009 INFO     ___FILE_ONLY___  
2026-05-07 14:15:52,009 INFO     ___FILE_ONLY___ volume
2026-05-07 14:15:52,010 INFO     ___FILE_ONLY___  
2026-05-07 14:15:52,010 INFO     ___FILE_ONLY___ that
2026-05-07 14:15:52,010 INFO     ___FILE_ONLY___  
2026-05-07 14:15:52,011 INFO     ___FILE_ONLY___ stores
2026-05-07 14:15:52,011 INFO     ___FILE_ONLY___  
2026-05-07 14:15:52,012 INFO     ___FILE_ONLY___ data
2026-05-07 14:15:52,012 INFO     ___FILE_ONLY___  
2026-05-07 14:15:52,013 INFO     ___FILE_ONLY___ in
2026-05-07 14:15:52,014 INFO     ___FILE_ONLY___  
2026-05-07 14:15:52,014 INFO     ___FILE_ONLY___ the
2026-05-07 14:15:52,014 INFO     ___FILE_ONLY___  
2026-05-07 14:15:52,015 INFO     ___FILE_ONLY___ instance's
2026-05-07 14:15:52,015 INFO     ___FILE_ONLY___ 

2026-05-07 14:15:52,016 INFO     ___FILE_ONLY___         
2026-05-07 14:15:52,016 INFO     ___FILE_ONLY___ memory.
2026-05-07 14:15:52,017 INFO     ___FILE_ONLY___  
2026-05-07 14:15:52,017 INFO     ___FILE_ONLY___ With
2026-05-07 14:15:52,018 INFO     ___FILE_ONLY___  
2026-05-07 14:15:52,018 INFO     ___FILE_ONLY___ this
2026-05-07 14:15:52,019 INFO     ___FILE_ONLY___  
2026-05-07 14:15:52,019 INFO     ___FILE_ONLY___ type
2026-05-07 14:15:52,019 INFO     ___FILE_ONLY___  
2026-05-07 14:15:52,020 INFO     ___FILE_ONLY___ of
2026-05-07 14:15:52,020 INFO     ___FILE_ONLY___  
2026-05-07 14:15:52,021 INFO     ___FILE_ONLY___ volume,
2026-05-07 14:15:52,021 INFO     ___FILE_ONLY___  
2026-05-07 14:15:52,022 INFO     ___FILE_ONLY___ data
2026-05-07 14:15:52,022 INFO     ___FILE_ONLY___  
2026-05-07 14:15:52,023 INFO     ___FILE_ONLY___ is
2026-05-07 14:15:52,023 INFO     ___FILE_ONLY___  
2026-05-07 14:15:52,023 INFO     ___FILE_ONLY___ not
2026-05-07 14:15:52,024 INFO     ___FILE_ONLY___  
2026-05-07 14:15:52,024 INFO     ___FILE_ONLY___ shared
2026-05-07 14:15:52,025 INFO     ___FILE_ONLY___  
2026-05-07 14:15:52,025 INFO     ___FILE_ONLY___ between
2026-05-07 14:15:52,026 INFO     ___FILE_ONLY___  
2026-05-07 14:15:52,026 INFO     ___FILE_ONLY___ instances
2026-05-07 14:15:52,027 INFO     ___FILE_ONLY___ 

2026-05-07 14:15:52,027 INFO     ___FILE_ONLY___         
2026-05-07 14:15:52,027 INFO     ___FILE_ONLY___ and
2026-05-07 14:15:52,028 INFO     ___FILE_ONLY___  
2026-05-07 14:15:52,028 INFO     ___FILE_ONLY___ all
2026-05-07 14:15:52,029 INFO     ___FILE_ONLY___  
2026-05-07 14:15:52,029 INFO     ___FILE_ONLY___ data
2026-05-07 14:15:52,030 INFO     ___FILE_ONLY___  
2026-05-07 14:15:52,030 INFO     ___FILE_ONLY___ will
2026-05-07 14:15:52,031 INFO     ___FILE_ONLY___  
2026-05-07 14:15:52,031 INFO     ___FILE_ONLY___ be
2026-05-07 14:15:52,032 INFO     ___FILE_ONLY___  
2026-05-07 14:15:52,032 INFO     ___FILE_ONLY___ lost
2026-05-07 14:15:52,033 INFO     ___FILE_ONLY___  
2026-05-07 14:15:52,033 INFO     ___FILE_ONLY___ when
2026-05-07 14:15:52,034 INFO     ___FILE_ONLY___  
2026-05-07 14:15:52,034 INFO     ___FILE_ONLY___ the
2026-05-07 14:15:52,035 INFO     ___FILE_ONLY___  
2026-05-07 14:15:52,035 INFO     ___FILE_ONLY___ instance
2026-05-07 14:15:52,036 INFO     ___FILE_ONLY___  
2026-05-07 14:15:52,036 INFO     ___FILE_ONLY___ it
2026-05-07 14:15:52,037 INFO     ___FILE_ONLY___  
2026-05-07 14:15:52,037 INFO     ___FILE_ONLY___ is
2026-05-07 14:15:52,038 INFO     ___FILE_ONLY___  
2026-05-07 14:15:52,038 INFO     ___FILE_ONLY___ on
2026-05-07 14:15:52,038 INFO     ___FILE_ONLY___  
2026-05-07 14:15:52,039 INFO     ___FILE_ONLY___ is
2026-05-07 14:15:52,039 INFO     ___FILE_ONLY___  
2026-05-07 14:15:52,040 INFO     ___FILE_ONLY___ terminated.
2026-05-07 14:15:52,040 INFO     ___FILE_ONLY___ 

2026-05-07 14:15:52,041 INFO     ___FILE_ONLY___         
2026-05-07 14:15:52,041 INFO     ___FILE_ONLY___ Additional
2026-05-07 14:15:52,042 INFO     ___FILE_ONLY___  
2026-05-07 14:15:52,042 INFO     ___FILE_ONLY___ keys:
2026-05-07 14:15:52,043 INFO     ___FILE_ONLY___ 

2026-05-07 14:15:52,043 INFO     ___FILE_ONLY___         ◆
2026-05-07 14:15:52,044 INFO     ___FILE_ONLY___  
2026-05-07 14:15:52,044 INFO     ___FILE_ONLY___ mount-path:
2026-05-07 14:15:52,044 INFO     ___FILE_ONLY___  
2026-05-07 14:15:52,045 INFO     ___FILE_ONLY___ (optional)
2026-05-07 14:15:52,045 INFO     ___FILE_ONLY___  
2026-05-07 14:15:52,046 INFO     ___FILE_ONLY___ The
2026-05-07 14:15:52,047 INFO     ___FILE_ONLY___  
2026-05-07 14:15:52,047 INFO     ___FILE_ONLY___ path
2026-05-07 14:15:52,048 INFO     ___FILE_ONLY___  
2026-05-07 14:15:52,048 INFO     ___FILE_ONLY___ at
2026-05-07 14:15:52,048 INFO     ___FILE_ONLY___  
2026-05-07 14:15:52,049 INFO     ___FILE_ONLY___ which
2026-05-07 14:15:52,049 INFO     ___FILE_ONLY___  
2026-05-07 14:15:52,050 INFO     ___FILE_ONLY___ the
2026-05-07 14:15:52,050 INFO     ___FILE_ONLY___  
2026-05-07 14:15:52,051 INFO     ___FILE_ONLY___ volume
2026-05-07 14:15:52,051 INFO     ___FILE_ONLY___  
2026-05-07 14:15:52,052 INFO     ___FILE_ONLY___ should
2026-05-07 14:15:52,052 INFO     ___FILE_ONLY___  
2026-05-07 14:15:52,053 INFO     ___FILE_ONLY___ be
2026-05-07 14:15:52,053 INFO     ___FILE_ONLY___ 

2026-05-07 14:15:52,053 INFO     ___FILE_ONLY___           
2026-05-07 14:15:52,054 INFO     ___FILE_ONLY___ mounted.
2026-05-07 14:15:52,054 INFO     ___FILE_ONLY___  
2026-05-07 14:15:52,055 INFO     ___FILE_ONLY___ The
2026-05-07 14:15:52,055 INFO     ___FILE_ONLY___  
2026-05-07 14:15:52,056 INFO     ___FILE_ONLY___ mount-path
2026-05-07 14:15:52,056 INFO     ___FILE_ONLY___  
2026-05-07 14:15:52,057 INFO     ___FILE_ONLY___ parameter
2026-05-07 14:15:52,057 INFO     ___FILE_ONLY___  
2026-05-07 14:15:52,057 INFO     ___FILE_ONLY___ is
2026-05-07 14:15:52,058 INFO     ___FILE_ONLY___  
2026-05-07 14:15:52,058 INFO     ___FILE_ONLY___ only
2026-05-07 14:15:52,059 INFO     ___FILE_ONLY___  
2026-05-07 14:15:52,059 INFO     ___FILE_ONLY___ supported
2026-05-07 14:15:52,060 INFO     ___FILE_ONLY___  
2026-05-07 14:15:52,060 INFO     ___FILE_ONLY___ for
2026-05-07 14:15:52,061 INFO     ___FILE_ONLY___  
2026-05-07 14:15:52,063 INFO     ___FILE_ONLY___ single
2026-05-07 14:15:52,064 INFO     ___FILE_ONLY___ 

2026-05-07 14:15:52,066 INFO     ___FILE_ONLY___           
2026-05-07 14:15:52,066 INFO     ___FILE_ONLY___ container
2026-05-07 14:15:52,067 INFO     ___FILE_ONLY___  
2026-05-07 14:15:52,067 INFO     ___FILE_ONLY___ services
2026-05-07 14:15:52,068 INFO     ___FILE_ONLY___  
2026-05-07 14:15:52,068 INFO     ___FILE_ONLY___ which
2026-05-07 14:15:52,069 INFO     ___FILE_ONLY___  
2026-05-07 14:15:52,069 INFO     ___FILE_ONLY___ do
2026-05-07 14:15:52,069 INFO     ___FILE_ONLY___  
2026-05-07 14:15:52,070 INFO     ___FILE_ONLY___ not
2026-05-07 14:15:52,070 INFO     ___FILE_ONLY___  
2026-05-07 14:15:52,071 INFO     ___FILE_ONLY___ make
2026-05-07 14:15:52,071 INFO     ___FILE_ONLY___  
2026-05-07 14:15:52,072 INFO     ___FILE_ONLY___ use
2026-05-07 14:15:52,072 INFO     ___FILE_ONLY___  
2026-05-07 14:15:52,072 INFO     ___FILE_ONLY___ of
2026-05-07 14:15:52,073 INFO     ___FILE_ONLY___  
2026-05-07 14:15:52,073 INFO     ___FILE_ONLY___ the
2026-05-07 14:15:52,074 INFO     ___FILE_ONLY___  
2026-05-07 14:15:52,074 INFO     ___FILE_ONLY___ --container
2026-05-07 14:15:52,075 INFO     ___FILE_ONLY___  
2026-05-07 14:15:52,075 INFO     ___FILE_ONLY___ flag.
2026-05-07 14:15:52,075 INFO     ___FILE_ONLY___  
2026-05-07 14:15:52,076 INFO     ___FILE_ONLY___ For
2026-05-07 14:15:52,076 INFO     ___FILE_ONLY___ 

2026-05-07 14:15:52,077 INFO     ___FILE_ONLY___           
2026-05-07 14:15:52,077 INFO     ___FILE_ONLY___ multi-container
2026-05-07 14:15:52,077 INFO     ___FILE_ONLY___  
2026-05-07 14:15:52,078 INFO     ___FILE_ONLY___ services,
2026-05-07 14:15:52,078 INFO     ___FILE_ONLY___  
2026-05-07 14:15:52,079 INFO     ___FILE_ONLY___ specify
2026-05-07 14:15:52,080 INFO     ___FILE_ONLY___  
2026-05-07 14:15:52,080 INFO     ___FILE_ONLY___ the
2026-05-07 14:15:52,081 INFO     ___FILE_ONLY___  
2026-05-07 14:15:52,081 INFO     ___FILE_ONLY___ mount-path
2026-05-07 14:15:52,082 INFO     ___FILE_ONLY___  
2026-05-07 14:15:52,082 INFO     ___FILE_ONLY___ parameter
2026-05-07 14:15:52,082 INFO     ___FILE_ONLY___  
2026-05-07 14:15:52,083 INFO     ___FILE_ONLY___ under
2026-05-07 14:15:52,083 INFO     ___FILE_ONLY___  
2026-05-07 14:15:52,084 INFO     ___FILE_ONLY___ the
2026-05-07 14:15:52,084 INFO     ___FILE_ONLY___ 

2026-05-07 14:15:52,085 INFO     ___FILE_ONLY___           
2026-05-07 14:15:52,085 INFO     ___FILE_ONLY___ --add-volume-mount
2026-05-07 14:15:52,086 INFO     ___FILE_ONLY___  
2026-05-07 14:15:52,086 INFO     ___FILE_ONLY___ flag.
2026-05-07 14:15:52,087 INFO     ___FILE_ONLY___ 

2026-05-07 14:15:52,087 INFO     ___FILE_ONLY___         ◆
2026-05-07 14:15:52,088 INFO     ___FILE_ONLY___  
2026-05-07 14:15:52,088 INFO     ___FILE_ONLY___ size-limit:
2026-05-07 14:15:52,089 INFO     ___FILE_ONLY___  
2026-05-07 14:15:52,089 INFO     ___FILE_ONLY___ (optional)
2026-05-07 14:15:52,090 INFO     ___FILE_ONLY___  
2026-05-07 14:15:52,090 INFO     ___FILE_ONLY___ A
2026-05-07 14:15:52,091 INFO     ___FILE_ONLY___  
2026-05-07 14:15:52,091 INFO     ___FILE_ONLY___ quantity
2026-05-07 14:15:52,091 INFO     ___FILE_ONLY___  
2026-05-07 14:15:52,092 INFO     ___FILE_ONLY___ representing
2026-05-07 14:15:52,092 INFO     ___FILE_ONLY___  
2026-05-07 14:15:52,093 INFO     ___FILE_ONLY___ the
2026-05-07 14:15:52,093 INFO     ___FILE_ONLY___  
2026-05-07 14:15:52,094 INFO     ___FILE_ONLY___ maximum
2026-05-07 14:15:52,094 INFO     ___FILE_ONLY___  
2026-05-07 14:15:52,095 INFO     ___FILE_ONLY___ amount
2026-05-07 14:15:52,095 INFO     ___FILE_ONLY___ 

2026-05-07 14:15:52,096 INFO     ___FILE_ONLY___           
2026-05-07 14:15:52,097 INFO     ___FILE_ONLY___ of
2026-05-07 14:15:52,098 INFO     ___FILE_ONLY___  
2026-05-07 14:15:52,098 INFO     ___FILE_ONLY___ memory
2026-05-07 14:15:52,099 INFO     ___FILE_ONLY___  
2026-05-07 14:15:52,099 INFO     ___FILE_ONLY___ allocated
2026-05-07 14:15:52,100 INFO     ___FILE_ONLY___  
2026-05-07 14:15:52,100 INFO     ___FILE_ONLY___ to
2026-05-07 14:15:52,100 INFO     ___FILE_ONLY___  
2026-05-07 14:15:52,101 INFO     ___FILE_ONLY___ this
2026-05-07 14:15:52,101 INFO     ___FILE_ONLY___  
2026-05-07 14:15:52,102 INFO     ___FILE_ONLY___ volume,
2026-05-07 14:15:52,102 INFO     ___FILE_ONLY___  
2026-05-07 14:15:52,103 INFO     ___FILE_ONLY___ such
2026-05-07 14:15:52,103 INFO     ___FILE_ONLY___  
2026-05-07 14:15:52,104 INFO     ___FILE_ONLY___ as
2026-05-07 14:15:52,104 INFO     ___FILE_ONLY___  
2026-05-07 14:15:52,105 INFO     ___FILE_ONLY___ "512Mi"
2026-05-07 14:15:52,105 INFO     ___FILE_ONLY___  
2026-05-07 14:15:52,105 INFO     ___FILE_ONLY___ or
2026-05-07 14:15:52,106 INFO     ___FILE_ONLY___  
2026-05-07 14:15:52,106 INFO     ___FILE_ONLY___ "3G".
2026-05-07 14:15:52,107 INFO     ___FILE_ONLY___  
2026-05-07 14:15:52,107 INFO     ___FILE_ONLY___ Data
2026-05-07 14:15:52,108 INFO     ___FILE_ONLY___ 

2026-05-07 14:15:52,108 INFO     ___FILE_ONLY___           
2026-05-07 14:15:52,109 INFO     ___FILE_ONLY___ stored
2026-05-07 14:15:52,109 INFO     ___FILE_ONLY___  
2026-05-07 14:15:52,109 INFO     ___FILE_ONLY___ in
2026-05-07 14:15:52,110 INFO     ___FILE_ONLY___  
2026-05-07 14:15:52,110 INFO     ___FILE_ONLY___ an
2026-05-07 14:15:52,111 INFO     ___FILE_ONLY___  
2026-05-07 14:15:52,111 INFO     ___FILE_ONLY___ in-memory
2026-05-07 14:15:52,112 INFO     ___FILE_ONLY___  
2026-05-07 14:15:52,112 INFO     ___FILE_ONLY___ volume
2026-05-07 14:15:52,113 INFO     ___FILE_ONLY___  
2026-05-07 14:15:52,114 INFO     ___FILE_ONLY___ consumes
2026-05-07 14:15:52,114 INFO     ___FILE_ONLY___  
2026-05-07 14:15:52,115 INFO     ___FILE_ONLY___ the
2026-05-07 14:15:52,115 INFO     ___FILE_ONLY___  
2026-05-07 14:15:52,115 INFO     ___FILE_ONLY___ memory
2026-05-07 14:15:52,116 INFO     ___FILE_ONLY___  
2026-05-07 14:15:52,116 INFO     ___FILE_ONLY___ allocation
2026-05-07 14:15:52,117 INFO     ___FILE_ONLY___  
2026-05-07 14:15:52,117 INFO     ___FILE_ONLY___ of
2026-05-07 14:15:52,118 INFO     ___FILE_ONLY___  
2026-05-07 14:15:52,118 INFO     ___FILE_ONLY___ the
2026-05-07 14:15:52,119 INFO     ___FILE_ONLY___ 

2026-05-07 14:15:52,119 INFO     ___FILE_ONLY___           
2026-05-07 14:15:52,119 INFO     ___FILE_ONLY___ container
2026-05-07 14:15:52,120 INFO     ___FILE_ONLY___  
2026-05-07 14:15:52,120 INFO     ___FILE_ONLY___ that
2026-05-07 14:15:52,121 INFO     ___FILE_ONLY___  
2026-05-07 14:15:52,121 INFO     ___FILE_ONLY___ wrote
2026-05-07 14:15:52,122 INFO     ___FILE_ONLY___  
2026-05-07 14:15:52,122 INFO     ___FILE_ONLY___ the
2026-05-07 14:15:52,123 INFO     ___FILE_ONLY___  
2026-05-07 14:15:52,123 INFO     ___FILE_ONLY___ data.
2026-05-07 14:15:52,123 INFO     ___FILE_ONLY___  
2026-05-07 14:15:52,124 INFO     ___FILE_ONLY___ If
2026-05-07 14:15:52,124 INFO     ___FILE_ONLY___  
2026-05-07 14:15:52,125 INFO     ___FILE_ONLY___ size-limit
2026-05-07 14:15:52,125 INFO     ___FILE_ONLY___  
2026-05-07 14:15:52,126 INFO     ___FILE_ONLY___ is
2026-05-07 14:15:52,126 INFO     ___FILE_ONLY___  
2026-05-07 14:15:52,126 INFO     ___FILE_ONLY___ not
2026-05-07 14:15:52,127 INFO     ___FILE_ONLY___  
2026-05-07 14:15:52,127 INFO     ___FILE_ONLY___ specified,
2026-05-07 14:15:52,128 INFO     ___FILE_ONLY___  
2026-05-07 14:15:52,128 INFO     ___FILE_ONLY___ the
2026-05-07 14:15:52,129 INFO     ___FILE_ONLY___ 

2026-05-07 14:15:52,129 INFO     ___FILE_ONLY___           
2026-05-07 14:15:52,130 INFO     ___FILE_ONLY___ maximum
2026-05-07 14:15:52,130 INFO     ___FILE_ONLY___  
2026-05-07 14:15:52,131 INFO     ___FILE_ONLY___ size
2026-05-07 14:15:52,131 INFO     ___FILE_ONLY___  
2026-05-07 14:15:52,132 INFO     ___FILE_ONLY___ will
2026-05-07 14:15:52,132 INFO     ___FILE_ONLY___  
2026-05-07 14:15:52,133 INFO     ___FILE_ONLY___ be
2026-05-07 14:15:52,133 INFO     ___FILE_ONLY___  
2026-05-07 14:15:52,134 INFO     ___FILE_ONLY___ half
2026-05-07 14:15:52,134 INFO     ___FILE_ONLY___  
2026-05-07 14:15:52,135 INFO     ___FILE_ONLY___ the
2026-05-07 14:15:52,135 INFO     ___FILE_ONLY___  
2026-05-07 14:15:52,136 INFO     ___FILE_ONLY___ total
2026-05-07 14:15:52,136 INFO     ___FILE_ONLY___  
2026-05-07 14:15:52,136 INFO     ___FILE_ONLY___ memory
2026-05-07 14:15:52,137 INFO     ___FILE_ONLY___  
2026-05-07 14:15:52,137 INFO     ___FILE_ONLY___ limit
2026-05-07 14:15:52,138 INFO     ___FILE_ONLY___  
2026-05-07 14:15:52,138 INFO     ___FILE_ONLY___ of
2026-05-07 14:15:52,139 INFO     ___FILE_ONLY___  
2026-05-07 14:15:52,139 INFO     ___FILE_ONLY___ all
2026-05-07 14:15:52,140 INFO     ___FILE_ONLY___  
2026-05-07 14:15:52,140 INFO     ___FILE_ONLY___ containers.
2026-05-07 14:15:52,141 INFO     ___FILE_ONLY___ 

2026-05-07 14:15:52,141 INFO     ___FILE_ONLY___ 

2026-05-07 14:15:52,142 INFO     ___FILE_ONLY___        
2026-05-07 14:15:52,142 INFO     ___FILE_ONLY___  
2026-05-07 14:15:52,142 INFO     ___FILE_ONLY___ nfs:
2026-05-07 14:15:52,143 INFO     ___FILE_ONLY___  
2026-05-07 14:15:52,143 INFO     ___FILE_ONLY___ Represents
2026-05-07 14:15:52,144 INFO     ___FILE_ONLY___  
2026-05-07 14:15:52,144 INFO     ___FILE_ONLY___ a
2026-05-07 14:15:52,145 INFO     ___FILE_ONLY___  
2026-05-07 14:15:52,145 INFO     ___FILE_ONLY___ volume
2026-05-07 14:15:52,146 INFO     ___FILE_ONLY___  
2026-05-07 14:15:52,146 INFO     ___FILE_ONLY___ backed
2026-05-07 14:15:52,147 INFO     ___FILE_ONLY___  
2026-05-07 14:15:52,147 INFO     ___FILE_ONLY___ by
2026-05-07 14:15:52,148 INFO     ___FILE_ONLY___  
2026-05-07 14:15:52,148 INFO     ___FILE_ONLY___ an
2026-05-07 14:15:52,149 INFO     ___FILE_ONLY___  
2026-05-07 14:15:52,149 INFO     ___FILE_ONLY___ NFS
2026-05-07 14:15:52,150 INFO     ___FILE_ONLY___  
2026-05-07 14:15:52,150 INFO     ___FILE_ONLY___ server.
2026-05-07 14:15:52,151 INFO     ___FILE_ONLY___  
2026-05-07 14:15:52,151 INFO     ___FILE_ONLY___ Additional
2026-05-07 14:15:52,151 INFO     ___FILE_ONLY___  
2026-05-07 14:15:52,152 INFO     ___FILE_ONLY___ keys:
2026-05-07 14:15:52,152 INFO     ___FILE_ONLY___ 

2026-05-07 14:15:52,153 INFO     ___FILE_ONLY___         ◆
2026-05-07 14:15:52,153 INFO     ___FILE_ONLY___  
2026-05-07 14:15:52,154 INFO     ___FILE_ONLY___ location:
2026-05-07 14:15:52,154 INFO     ___FILE_ONLY___  
2026-05-07 14:15:52,155 INFO     ___FILE_ONLY___ (required)
2026-05-07 14:15:52,155 INFO     ___FILE_ONLY___  
2026-05-07 14:15:52,156 INFO     ___FILE_ONLY___ The
2026-05-07 14:15:52,156 INFO     ___FILE_ONLY___  
2026-05-07 14:15:52,156 INFO     ___FILE_ONLY___ location
2026-05-07 14:15:52,157 INFO     ___FILE_ONLY___  
2026-05-07 14:15:52,157 INFO     ___FILE_ONLY___ of
2026-05-07 14:15:52,158 INFO     ___FILE_ONLY___  
2026-05-07 14:15:52,158 INFO     ___FILE_ONLY___ the
2026-05-07 14:15:52,159 INFO     ___FILE_ONLY___  
2026-05-07 14:15:52,159 INFO     ___FILE_ONLY___ NFS
2026-05-07 14:15:52,160 INFO     ___FILE_ONLY___  
2026-05-07 14:15:52,160 INFO     ___FILE_ONLY___ Server,
2026-05-07 14:15:52,160 INFO     ___FILE_ONLY___  
2026-05-07 14:15:52,161 INFO     ___FILE_ONLY___ in
2026-05-07 14:15:52,161 INFO     ___FILE_ONLY___  
2026-05-07 14:15:52,162 INFO     ___FILE_ONLY___ the
2026-05-07 14:15:52,162 INFO     ___FILE_ONLY___  
2026-05-07 14:15:52,163 INFO     ___FILE_ONLY___ form
2026-05-07 14:15:52,164 INFO     ___FILE_ONLY___ 

2026-05-07 14:15:52,164 INFO     ___FILE_ONLY___           
2026-05-07 14:15:52,165 INFO     ___FILE_ONLY___ SERVER:/PATH
2026-05-07 14:15:52,165 INFO     ___FILE_ONLY___ 

2026-05-07 14:15:52,166 INFO     ___FILE_ONLY___         ◆
2026-05-07 14:15:52,166 INFO     ___FILE_ONLY___  
2026-05-07 14:15:52,167 INFO     ___FILE_ONLY___ mount-path:
2026-05-07 14:15:52,167 INFO     ___FILE_ONLY___  
2026-05-07 14:15:52,167 INFO     ___FILE_ONLY___ (optional)
2026-05-07 14:15:52,168 INFO     ___FILE_ONLY___  
2026-05-07 14:15:52,168 INFO     ___FILE_ONLY___ The
2026-05-07 14:15:52,169 INFO     ___FILE_ONLY___  
2026-05-07 14:15:52,169 INFO     ___FILE_ONLY___ path
2026-05-07 14:15:52,170 INFO     ___FILE_ONLY___  
2026-05-07 14:15:52,170 INFO     ___FILE_ONLY___ at
2026-05-07 14:15:52,171 INFO     ___FILE_ONLY___  
2026-05-07 14:15:52,171 INFO     ___FILE_ONLY___ which
2026-05-07 14:15:52,171 INFO     ___FILE_ONLY___  
2026-05-07 14:15:52,172 INFO     ___FILE_ONLY___ the
2026-05-07 14:15:52,172 INFO     ___FILE_ONLY___  
2026-05-07 14:15:52,173 INFO     ___FILE_ONLY___ volume
2026-05-07 14:15:52,173 INFO     ___FILE_ONLY___  
2026-05-07 14:15:52,174 INFO     ___FILE_ONLY___ should
2026-05-07 14:15:52,174 INFO     ___FILE_ONLY___  
2026-05-07 14:15:52,175 INFO     ___FILE_ONLY___ be
2026-05-07 14:15:52,175 INFO     ___FILE_ONLY___ 

2026-05-07 14:15:52,175 INFO     ___FILE_ONLY___           
2026-05-07 14:15:52,176 INFO     ___FILE_ONLY___ mounted.
2026-05-07 14:15:52,176 INFO     ___FILE_ONLY___  
2026-05-07 14:15:52,177 INFO     ___FILE_ONLY___ The
2026-05-07 14:15:52,177 INFO     ___FILE_ONLY___  
2026-05-07 14:15:52,178 INFO     ___FILE_ONLY___ mount-path
2026-05-07 14:15:52,178 INFO     ___FILE_ONLY___  
2026-05-07 14:15:52,179 INFO     ___FILE_ONLY___ parameter
2026-05-07 14:15:52,179 INFO     ___FILE_ONLY___  
2026-05-07 14:15:52,180 INFO     ___FILE_ONLY___ is
2026-05-07 14:15:52,180 INFO     ___FILE_ONLY___  
2026-05-07 14:15:52,181 INFO     ___FILE_ONLY___ only
2026-05-07 14:15:52,181 INFO     ___FILE_ONLY___  
2026-05-07 14:15:52,182 INFO     ___FILE_ONLY___ supported
2026-05-07 14:15:52,182 INFO     ___FILE_ONLY___  
2026-05-07 14:15:52,182 INFO     ___FILE_ONLY___ for
2026-05-07 14:15:52,183 INFO     ___FILE_ONLY___  
2026-05-07 14:15:52,183 INFO     ___FILE_ONLY___ single
2026-05-07 14:15:52,184 INFO     ___FILE_ONLY___ 

2026-05-07 14:15:52,184 INFO     ___FILE_ONLY___           
2026-05-07 14:15:52,185 INFO     ___FILE_ONLY___ container
2026-05-07 14:15:52,185 INFO     ___FILE_ONLY___  
2026-05-07 14:15:52,186 INFO     ___FILE_ONLY___ services
2026-05-07 14:15:52,186 INFO     ___FILE_ONLY___  
2026-05-07 14:15:52,186 INFO     ___FILE_ONLY___ which
2026-05-07 14:15:52,187 INFO     ___FILE_ONLY___  
2026-05-07 14:15:52,187 INFO     ___FILE_ONLY___ do
2026-05-07 14:15:52,188 INFO     ___FILE_ONLY___  
2026-05-07 14:15:52,188 INFO     ___FILE_ONLY___ not
2026-05-07 14:15:52,189 INFO     ___FILE_ONLY___  
2026-05-07 14:15:52,189 INFO     ___FILE_ONLY___ make
2026-05-07 14:15:52,190 INFO     ___FILE_ONLY___  
2026-05-07 14:15:52,190 INFO     ___FILE_ONLY___ use
2026-05-07 14:15:52,190 INFO     ___FILE_ONLY___  
2026-05-07 14:15:52,191 INFO     ___FILE_ONLY___ of
2026-05-07 14:15:52,191 INFO     ___FILE_ONLY___  
2026-05-07 14:15:52,192 INFO     ___FILE_ONLY___ the
2026-05-07 14:15:52,192 INFO     ___FILE_ONLY___  
2026-05-07 14:15:52,193 INFO     ___FILE_ONLY___ --container
2026-05-07 14:15:52,193 INFO     ___FILE_ONLY___  
2026-05-07 14:15:52,194 INFO     ___FILE_ONLY___ flag.
2026-05-07 14:15:52,194 INFO     ___FILE_ONLY___  
2026-05-07 14:15:52,194 INFO     ___FILE_ONLY___ For
2026-05-07 14:15:52,195 INFO     ___FILE_ONLY___ 

2026-05-07 14:15:52,195 INFO     ___FILE_ONLY___           
2026-05-07 14:15:52,196 INFO     ___FILE_ONLY___ multi-container
2026-05-07 14:15:52,197 INFO     ___FILE_ONLY___  
2026-05-07 14:15:52,197 INFO     ___FILE_ONLY___ services,
2026-05-07 14:15:52,198 INFO     ___FILE_ONLY___  
2026-05-07 14:15:52,198 INFO     ___FILE_ONLY___ specify
2026-05-07 14:15:52,198 INFO     ___FILE_ONLY___  
2026-05-07 14:15:52,199 INFO     ___FILE_ONLY___ the
2026-05-07 14:15:52,199 INFO     ___FILE_ONLY___  
2026-05-07 14:15:52,200 INFO     ___FILE_ONLY___ mount-path
2026-05-07 14:15:52,200 INFO     ___FILE_ONLY___  
2026-05-07 14:15:52,201 INFO     ___FILE_ONLY___ parameter
2026-05-07 14:15:52,201 INFO     ___FILE_ONLY___  
2026-05-07 14:15:52,202 INFO     ___FILE_ONLY___ under
2026-05-07 14:15:52,202 INFO     ___FILE_ONLY___  
2026-05-07 14:15:52,202 INFO     ___FILE_ONLY___ the
2026-05-07 14:15:52,203 INFO     ___FILE_ONLY___ 

2026-05-07 14:15:52,203 INFO     ___FILE_ONLY___           
2026-05-07 14:15:52,204 INFO     ___FILE_ONLY___ --add-volume-mount
2026-05-07 14:15:52,204 INFO     ___FILE_ONLY___  
2026-05-07 14:15:52,205 INFO     ___FILE_ONLY___ flag.
2026-05-07 14:15:52,205 INFO     ___FILE_ONLY___ 

2026-05-07 14:15:52,206 INFO     ___FILE_ONLY___         ◆
2026-05-07 14:15:52,206 INFO     ___FILE_ONLY___  
2026-05-07 14:15:52,206 INFO     ___FILE_ONLY___ readonly:
2026-05-07 14:15:52,207 INFO     ___FILE_ONLY___  
2026-05-07 14:15:52,207 INFO     ___FILE_ONLY___ (optional)
2026-05-07 14:15:52,208 INFO     ___FILE_ONLY___  
2026-05-07 14:15:52,208 INFO     ___FILE_ONLY___ A
2026-05-07 14:15:52,209 INFO     ___FILE_ONLY___  
2026-05-07 14:15:52,209 INFO     ___FILE_ONLY___ boolean.
2026-05-07 14:15:52,210 INFO     ___FILE_ONLY___  
2026-05-07 14:15:52,210 INFO     ___FILE_ONLY___ If
2026-05-07 14:15:52,210 INFO     ___FILE_ONLY___  
2026-05-07 14:15:52,211 INFO     ___FILE_ONLY___ true,
2026-05-07 14:15:52,212 INFO     ___FILE_ONLY___  
2026-05-07 14:15:52,212 INFO     ___FILE_ONLY___ this
2026-05-07 14:15:52,213 INFO     ___FILE_ONLY___  
2026-05-07 14:15:52,213 INFO     ___FILE_ONLY___ volume
2026-05-07 14:15:52,214 INFO     ___FILE_ONLY___  
2026-05-07 14:15:52,214 INFO     ___FILE_ONLY___ will
2026-05-07 14:15:52,214 INFO     ___FILE_ONLY___  
2026-05-07 14:15:52,215 INFO     ___FILE_ONLY___ be
2026-05-07 14:15:52,215 INFO     ___FILE_ONLY___ 

2026-05-07 14:15:52,216 INFO     ___FILE_ONLY___           
2026-05-07 14:15:52,216 INFO     ___FILE_ONLY___ read-only
2026-05-07 14:15:52,217 INFO     ___FILE_ONLY___  
2026-05-07 14:15:52,217 INFO     ___FILE_ONLY___ from
2026-05-07 14:15:52,218 INFO     ___FILE_ONLY___  
2026-05-07 14:15:52,218 INFO     ___FILE_ONLY___ all
2026-05-07 14:15:52,218 INFO     ___FILE_ONLY___  
2026-05-07 14:15:52,219 INFO     ___FILE_ONLY___ mounts.
2026-05-07 14:15:52,219 INFO     ___FILE_ONLY___ 

2026-05-07 14:15:52,220 INFO     ___FILE_ONLY___ 

2026-05-07 14:15:52,220 INFO     ___FILE_ONLY___      --clear-volumes

2026-05-07 14:15:52,221 INFO     ___FILE_ONLY___        
2026-05-07 14:15:52,221 INFO     ___FILE_ONLY___  
2026-05-07 14:15:52,222 INFO     ___FILE_ONLY___ Remove
2026-05-07 14:15:52,222 INFO     ___FILE_ONLY___  
2026-05-07 14:15:52,222 INFO     ___FILE_ONLY___ all
2026-05-07 14:15:52,223 INFO     ___FILE_ONLY___  
2026-05-07 14:15:52,223 INFO     ___FILE_ONLY___ existing
2026-05-07 14:15:52,224 INFO     ___FILE_ONLY___  
2026-05-07 14:15:52,224 INFO     ___FILE_ONLY___ volumes
2026-05-07 14:15:52,225 INFO     ___FILE_ONLY___  
2026-05-07 14:15:52,225 INFO     ___FILE_ONLY___ from
2026-05-07 14:15:52,226 INFO     ___FILE_ONLY___  
2026-05-07 14:15:52,226 INFO     ___FILE_ONLY___ the
2026-05-07 14:15:52,227 INFO     ___FILE_ONLY___  
2026-05-07 14:15:52,227 INFO     ___FILE_ONLY___ Cloud
2026-05-07 14:15:52,227 INFO     ___FILE_ONLY___  
2026-05-07 14:15:52,228 INFO     ___FILE_ONLY___ Run
2026-05-07 14:15:52,228 INFO     ___FILE_ONLY___  
2026-05-07 14:15:52,229 INFO     ___FILE_ONLY___ resource,
2026-05-07 14:15:52,230 INFO     ___FILE_ONLY___  
2026-05-07 14:15:52,230 INFO     ___FILE_ONLY___ including
2026-05-07 14:15:52,231 INFO     ___FILE_ONLY___ 

2026-05-07 14:15:52,231 INFO     ___FILE_ONLY___         
2026-05-07 14:15:52,231 INFO     ___FILE_ONLY___ volumes
2026-05-07 14:15:52,232 INFO     ___FILE_ONLY___  
2026-05-07 14:15:52,232 INFO     ___FILE_ONLY___ mounted
2026-05-07 14:15:52,233 INFO     ___FILE_ONLY___  
2026-05-07 14:15:52,233 INFO     ___FILE_ONLY___ as
2026-05-07 14:15:52,234 INFO     ___FILE_ONLY___  
2026-05-07 14:15:52,234 INFO     ___FILE_ONLY___ secrets
2026-05-07 14:15:52,235 INFO     ___FILE_ONLY___ 

2026-05-07 14:15:52,235 INFO     ___FILE_ONLY___ 

2026-05-07 14:15:52,236 INFO     ___FILE_ONLY___      --remove-volume=[VOLUME,...]

2026-05-07 14:15:52,236 INFO     ___FILE_ONLY___        
2026-05-07 14:15:52,236 INFO     ___FILE_ONLY___  
2026-05-07 14:15:52,237 INFO     ___FILE_ONLY___ Removes
2026-05-07 14:15:52,237 INFO     ___FILE_ONLY___  
2026-05-07 14:15:52,238 INFO     ___FILE_ONLY___ volumes
2026-05-07 14:15:52,238 INFO     ___FILE_ONLY___  
2026-05-07 14:15:52,239 INFO     ___FILE_ONLY___ from
2026-05-07 14:15:52,239 INFO     ___FILE_ONLY___  
2026-05-07 14:15:52,240 INFO     ___FILE_ONLY___ the
2026-05-07 14:15:52,240 INFO     ___FILE_ONLY___  
2026-05-07 14:15:52,240 INFO     ___FILE_ONLY___ Cloud
2026-05-07 14:15:52,241 INFO     ___FILE_ONLY___  
2026-05-07 14:15:52,241 INFO     ___FILE_ONLY___ Run
2026-05-07 14:15:52,242 INFO     ___FILE_ONLY___  
2026-05-07 14:15:52,242 INFO     ___FILE_ONLY___ resource.
2026-05-07 14:15:52,243 INFO     ___FILE_ONLY___ 

2026-05-07 14:15:52,243 INFO     ___FILE_ONLY___ 

2026-05-07 14:15:52,244 INFO     ___FILE_ONLY___    
2026-05-07 14:15:52,244 INFO     ___FILE_ONLY___  
2026-05-07 14:15:52,244 INFO     ___FILE_ONLY___ Container
2026-05-07 14:15:52,245 INFO     ___FILE_ONLY___  
2026-05-07 14:15:52,245 INFO     ___FILE_ONLY___ Flags
2026-05-07 14:15:52,246 INFO     ___FILE_ONLY___ 

2026-05-07 14:15:52,247 INFO     ___FILE_ONLY___ 

2026-05-07 14:15:52,247 INFO     ___FILE_ONLY___    
2026-05-07 14:15:52,248 INFO     ___FILE_ONLY___  
2026-05-07 14:15:52,248 INFO     ___FILE_ONLY___ The
2026-05-07 14:15:52,249 INFO     ___FILE_ONLY___  
2026-05-07 14:15:52,249 INFO     ___FILE_ONLY___ following
2026-05-07 14:15:52,250 INFO     ___FILE_ONLY___  
2026-05-07 14:15:52,250 INFO     ___FILE_ONLY___ flags
2026-05-07 14:15:52,250 INFO     ___FILE_ONLY___  
2026-05-07 14:15:52,251 INFO     ___FILE_ONLY___ apply
2026-05-07 14:15:52,251 INFO     ___FILE_ONLY___  
2026-05-07 14:15:52,252 INFO     ___FILE_ONLY___ to
2026-05-07 14:15:52,252 INFO     ___FILE_ONLY___  
2026-05-07 14:15:52,253 INFO     ___FILE_ONLY___ a
2026-05-07 14:15:52,253 INFO     ___FILE_ONLY___  
2026-05-07 14:15:52,253 INFO     ___FILE_ONLY___ single
2026-05-07 14:15:52,254 INFO     ___FILE_ONLY___  
2026-05-07 14:15:52,254 INFO     ___FILE_ONLY___ container.
2026-05-07 14:15:52,255 INFO     ___FILE_ONLY___  
2026-05-07 14:15:52,255 INFO     ___FILE_ONLY___ If
2026-05-07 14:15:52,256 INFO     ___FILE_ONLY___  
2026-05-07 14:15:52,256 INFO     ___FILE_ONLY___ the
2026-05-07 14:15:52,257 INFO     ___FILE_ONLY___  
2026-05-07 14:15:52,257 INFO     ___FILE_ONLY___ --container
2026-05-07 14:15:52,257 INFO     ___FILE_ONLY___  
2026-05-07 14:15:52,258 INFO     ___FILE_ONLY___ flag
2026-05-07 14:15:52,258 INFO     ___FILE_ONLY___  
2026-05-07 14:15:52,259 INFO     ___FILE_ONLY___ is
2026-05-07 14:15:52,259 INFO     ___FILE_ONLY___ 

2026-05-07 14:15:52,260 INFO     ___FILE_ONLY___     
2026-05-07 14:15:52,260 INFO     ___FILE_ONLY___ specified
2026-05-07 14:15:52,261 INFO     ___FILE_ONLY___  
2026-05-07 14:15:52,261 INFO     ___FILE_ONLY___ these
2026-05-07 14:15:52,261 INFO     ___FILE_ONLY___  
2026-05-07 14:15:52,262 INFO     ___FILE_ONLY___ flags
2026-05-07 14:15:52,263 INFO     ___FILE_ONLY___  
2026-05-07 14:15:52,263 INFO     ___FILE_ONLY___ may
2026-05-07 14:15:52,264 INFO     ___FILE_ONLY___  
2026-05-07 14:15:52,264 INFO     ___FILE_ONLY___ only
2026-05-07 14:15:52,265 INFO     ___FILE_ONLY___  
2026-05-07 14:15:52,265 INFO     ___FILE_ONLY___ be
2026-05-07 14:15:52,266 INFO     ___FILE_ONLY___  
2026-05-07 14:15:52,266 INFO     ___FILE_ONLY___ specified
2026-05-07 14:15:52,266 INFO     ___FILE_ONLY___  
2026-05-07 14:15:52,267 INFO     ___FILE_ONLY___ after
2026-05-07 14:15:52,267 INFO     ___FILE_ONLY___  
2026-05-07 14:15:52,268 INFO     ___FILE_ONLY___ a
2026-05-07 14:15:52,268 INFO     ___FILE_ONLY___  
2026-05-07 14:15:52,269 INFO     ___FILE_ONLY___ --container
2026-05-07 14:15:52,269 INFO     ___FILE_ONLY___  
2026-05-07 14:15:52,270 INFO     ___FILE_ONLY___ flag.
2026-05-07 14:15:52,270 INFO     ___FILE_ONLY___ 

2026-05-07 14:15:52,270 INFO     ___FILE_ONLY___     
2026-05-07 14:15:52,271 INFO     ___FILE_ONLY___ Otherwise
2026-05-07 14:15:52,271 INFO     ___FILE_ONLY___  
2026-05-07 14:15:52,272 INFO     ___FILE_ONLY___ they
2026-05-07 14:15:52,272 INFO     ___FILE_ONLY___  
2026-05-07 14:15:52,273 INFO     ___FILE_ONLY___ will
2026-05-07 14:15:52,273 INFO     ___FILE_ONLY___  
2026-05-07 14:15:52,273 INFO     ___FILE_ONLY___ apply
2026-05-07 14:15:52,274 INFO     ___FILE_ONLY___  
2026-05-07 14:15:52,274 INFO     ___FILE_ONLY___ to
2026-05-07 14:15:52,275 INFO     ___FILE_ONLY___  
2026-05-07 14:15:52,275 INFO     ___FILE_ONLY___ the
2026-05-07 14:15:52,276 INFO     ___FILE_ONLY___  
2026-05-07 14:15:52,276 INFO     ___FILE_ONLY___ primary
2026-05-07 14:15:52,277 INFO     ___FILE_ONLY___  
2026-05-07 14:15:52,277 INFO     ___FILE_ONLY___ ingress
2026-05-07 14:15:52,277 INFO     ___FILE_ONLY___  
2026-05-07 14:15:52,278 INFO     ___FILE_ONLY___ container.
2026-05-07 14:15:52,278 INFO     ___FILE_ONLY___ 

2026-05-07 14:15:52,279 INFO     ___FILE_ONLY___ 

2026-05-07 14:15:52,280 INFO     ___FILE_ONLY___      --add-volume-mount=[volume=NAME,mount-path=MOUNT_PATH,...]

2026-05-07 14:15:52,280 INFO     ___FILE_ONLY___        
2026-05-07 14:15:52,281 INFO     ___FILE_ONLY___  
2026-05-07 14:15:52,281 INFO     ___FILE_ONLY___ Adds
2026-05-07 14:15:52,282 INFO     ___FILE_ONLY___  
2026-05-07 14:15:52,283 INFO     ___FILE_ONLY___ a
2026-05-07 14:15:52,283 INFO     ___FILE_ONLY___  
2026-05-07 14:15:52,284 INFO     ___FILE_ONLY___ mount
2026-05-07 14:15:52,284 INFO     ___FILE_ONLY___  
2026-05-07 14:15:52,285 INFO     ___FILE_ONLY___ to
2026-05-07 14:15:52,285 INFO     ___FILE_ONLY___  
2026-05-07 14:15:52,286 INFO     ___FILE_ONLY___ the
2026-05-07 14:15:52,287 INFO     ___FILE_ONLY___  
2026-05-07 14:15:52,287 INFO     ___FILE_ONLY___ current
2026-05-07 14:15:52,288 INFO     ___FILE_ONLY___  
2026-05-07 14:15:52,288 INFO     ___FILE_ONLY___ container.
2026-05-07 14:15:52,289 INFO     ___FILE_ONLY___  
2026-05-07 14:15:52,289 INFO     ___FILE_ONLY___ Must
2026-05-07 14:15:52,290 INFO     ___FILE_ONLY___  
2026-05-07 14:15:52,290 INFO     ___FILE_ONLY___ contain
2026-05-07 14:15:52,294 INFO     ___FILE_ONLY___  
2026-05-07 14:15:52,294 INFO     ___FILE_ONLY___ the
2026-05-07 14:15:52,295 INFO     ___FILE_ONLY___  
2026-05-07 14:15:52,295 INFO     ___FILE_ONLY___ keys
2026-05-07 14:15:52,296 INFO     ___FILE_ONLY___ 

2026-05-07 14:15:52,297 INFO     ___FILE_ONLY___         
2026-05-07 14:15:52,298 INFO     ___FILE_ONLY___ volume=NAME
2026-05-07 14:15:52,298 INFO     ___FILE_ONLY___  
2026-05-07 14:15:52,299 INFO     ___FILE_ONLY___ and
2026-05-07 14:15:52,300 INFO     ___FILE_ONLY___  
2026-05-07 14:15:52,301 INFO     ___FILE_ONLY___ mount-path=/PATH
2026-05-07 14:15:52,301 INFO     ___FILE_ONLY___  
2026-05-07 14:15:52,302 INFO     ___FILE_ONLY___ where
2026-05-07 14:15:52,302 INFO     ___FILE_ONLY___  
2026-05-07 14:15:52,303 INFO     ___FILE_ONLY___ NAME
2026-05-07 14:15:52,303 INFO     ___FILE_ONLY___  
2026-05-07 14:15:52,304 INFO     ___FILE_ONLY___ is
2026-05-07 14:15:52,304 INFO     ___FILE_ONLY___  
2026-05-07 14:15:52,305 INFO     ___FILE_ONLY___ the
2026-05-07 14:15:52,305 INFO     ___FILE_ONLY___  
2026-05-07 14:15:52,305 INFO     ___FILE_ONLY___ name
2026-05-07 14:15:52,306 INFO     ___FILE_ONLY___  
2026-05-07 14:15:52,306 INFO     ___FILE_ONLY___ of
2026-05-07 14:15:52,307 INFO     ___FILE_ONLY___  
2026-05-07 14:15:52,307 INFO     ___FILE_ONLY___ a
2026-05-07 14:15:52,308 INFO     ___FILE_ONLY___  
2026-05-07 14:15:52,308 INFO     ___FILE_ONLY___ volume
2026-05-07 14:15:52,309 INFO     ___FILE_ONLY___  
2026-05-07 14:15:52,309 INFO     ___FILE_ONLY___ on
2026-05-07 14:15:52,309 INFO     ___FILE_ONLY___ 

2026-05-07 14:15:52,310 INFO     ___FILE_ONLY___         
2026-05-07 14:15:52,310 INFO     ___FILE_ONLY___ this
2026-05-07 14:15:52,311 INFO     ___FILE_ONLY___  
2026-05-07 14:15:52,311 INFO     ___FILE_ONLY___ resource
2026-05-07 14:15:52,312 INFO     ___FILE_ONLY___  
2026-05-07 14:15:52,313 INFO     ___FILE_ONLY___ and
2026-05-07 14:15:52,313 INFO     ___FILE_ONLY___  
2026-05-07 14:15:52,313 INFO     ___FILE_ONLY___ PATH
2026-05-07 14:15:52,314 INFO     ___FILE_ONLY___  
2026-05-07 14:15:52,314 INFO     ___FILE_ONLY___ is
2026-05-07 14:15:52,315 INFO     ___FILE_ONLY___  
2026-05-07 14:15:52,315 INFO     ___FILE_ONLY___ the
2026-05-07 14:15:52,316 INFO     ___FILE_ONLY___  
2026-05-07 14:15:52,316 INFO     ___FILE_ONLY___ path
2026-05-07 14:15:52,317 INFO     ___FILE_ONLY___  
2026-05-07 14:15:52,317 INFO     ___FILE_ONLY___ within
2026-05-07 14:15:52,318 INFO     ___FILE_ONLY___  
2026-05-07 14:15:52,318 INFO     ___FILE_ONLY___ the
2026-05-07 14:15:52,318 INFO     ___FILE_ONLY___  
2026-05-07 14:15:52,319 INFO     ___FILE_ONLY___ container's
2026-05-07 14:15:52,319 INFO     ___FILE_ONLY___  
2026-05-07 14:15:52,320 INFO     ___FILE_ONLY___ filesystem
2026-05-07 14:15:52,320 INFO     ___FILE_ONLY___  
2026-05-07 14:15:52,321 INFO     ___FILE_ONLY___ to
2026-05-07 14:15:52,321 INFO     ___FILE_ONLY___ 

2026-05-07 14:15:52,322 INFO     ___FILE_ONLY___         
2026-05-07 14:15:52,322 INFO     ___FILE_ONLY___ mount
2026-05-07 14:15:52,322 INFO     ___FILE_ONLY___  
2026-05-07 14:15:52,323 INFO     ___FILE_ONLY___ this
2026-05-07 14:15:52,323 INFO     ___FILE_ONLY___  
2026-05-07 14:15:52,324 INFO     ___FILE_ONLY___ volume.
2026-05-07 14:15:52,324 INFO     ___FILE_ONLY___ 

2026-05-07 14:15:52,325 INFO     ___FILE_ONLY___ 

2026-05-07 14:15:52,325 INFO     ___FILE_ONLY___      --args=[ARG,...]

2026-05-07 14:15:52,326 INFO     ___FILE_ONLY___        
2026-05-07 14:15:52,326 INFO     ___FILE_ONLY___  
2026-05-07 14:15:52,327 INFO     ___FILE_ONLY___ Comma-separated
2026-05-07 14:15:52,327 INFO     ___FILE_ONLY___  
2026-05-07 14:15:52,327 INFO     ___FILE_ONLY___ arguments
2026-05-07 14:15:52,328 INFO     ___FILE_ONLY___  
2026-05-07 14:15:52,328 INFO     ___FILE_ONLY___ passed
2026-05-07 14:15:52,329 INFO     ___FILE_ONLY___  
2026-05-07 14:15:52,330 INFO     ___FILE_ONLY___ to
2026-05-07 14:15:52,330 INFO     ___FILE_ONLY___  
2026-05-07 14:15:52,330 INFO     ___FILE_ONLY___ the
2026-05-07 14:15:52,331 INFO     ___FILE_ONLY___  
2026-05-07 14:15:52,331 INFO     ___FILE_ONLY___ command
2026-05-07 14:15:52,332 INFO     ___FILE_ONLY___  
2026-05-07 14:15:52,332 INFO     ___FILE_ONLY___ run
2026-05-07 14:15:52,333 INFO     ___FILE_ONLY___  
2026-05-07 14:15:52,333 INFO     ___FILE_ONLY___ by
2026-05-07 14:15:52,334 INFO     ___FILE_ONLY___  
2026-05-07 14:15:52,334 INFO     ___FILE_ONLY___ the
2026-05-07 14:15:52,335 INFO     ___FILE_ONLY___  
2026-05-07 14:15:52,335 INFO     ___FILE_ONLY___ container
2026-05-07 14:15:52,335 INFO     ___FILE_ONLY___ 

2026-05-07 14:15:52,336 INFO     ___FILE_ONLY___         
2026-05-07 14:15:52,336 INFO     ___FILE_ONLY___ image.
2026-05-07 14:15:52,337 INFO     ___FILE_ONLY___  
2026-05-07 14:15:52,337 INFO     ___FILE_ONLY___ If
2026-05-07 14:15:52,338 INFO     ___FILE_ONLY___  
2026-05-07 14:15:52,338 INFO     ___FILE_ONLY___ not
2026-05-07 14:15:52,338 INFO     ___FILE_ONLY___  
2026-05-07 14:15:52,339 INFO     ___FILE_ONLY___ specified
2026-05-07 14:15:52,339 INFO     ___FILE_ONLY___  
2026-05-07 14:15:52,340 INFO     ___FILE_ONLY___ and
2026-05-07 14:15:52,340 INFO     ___FILE_ONLY___  
2026-05-07 14:15:52,341 INFO     ___FILE_ONLY___ no
2026-05-07 14:15:52,341 INFO     ___FILE_ONLY___  
2026-05-07 14:15:52,342 INFO     ___FILE_ONLY___ '--command'
2026-05-07 14:15:52,342 INFO     ___FILE_ONLY___  
2026-05-07 14:15:52,342 INFO     ___FILE_ONLY___ is
2026-05-07 14:15:52,343 INFO     ___FILE_ONLY___  
2026-05-07 14:15:52,343 INFO     ___FILE_ONLY___ provided,
2026-05-07 14:15:52,344 INFO     ___FILE_ONLY___  
2026-05-07 14:15:52,344 INFO     ___FILE_ONLY___ the
2026-05-07 14:15:52,345 INFO     ___FILE_ONLY___  
2026-05-07 14:15:52,345 INFO     ___FILE_ONLY___ container
2026-05-07 14:15:52,346 INFO     ___FILE_ONLY___ 

2026-05-07 14:15:52,346 INFO     ___FILE_ONLY___         
2026-05-07 14:15:52,347 INFO     ___FILE_ONLY___ image's
2026-05-07 14:15:52,347 INFO     ___FILE_ONLY___  
2026-05-07 14:15:52,348 INFO     ___FILE_ONLY___ default
2026-05-07 14:15:52,348 INFO     ___FILE_ONLY___  
2026-05-07 14:15:52,349 INFO     ___FILE_ONLY___ Cmd
2026-05-07 14:15:52,349 INFO     ___FILE_ONLY___  
2026-05-07 14:15:52,350 INFO     ___FILE_ONLY___ is
2026-05-07 14:15:52,350 INFO     ___FILE_ONLY___  
2026-05-07 14:15:52,350 INFO     ___FILE_ONLY___ used.
2026-05-07 14:15:52,351 INFO     ___FILE_ONLY___  
2026-05-07 14:15:52,351 INFO     ___FILE_ONLY___ Otherwise,
2026-05-07 14:15:52,352 INFO     ___FILE_ONLY___  
2026-05-07 14:15:52,352 INFO     ___FILE_ONLY___ if
2026-05-07 14:15:52,353 INFO     ___FILE_ONLY___  
2026-05-07 14:15:52,353 INFO     ___FILE_ONLY___ not
2026-05-07 14:15:52,354 INFO     ___FILE_ONLY___  
2026-05-07 14:15:52,354 INFO     ___FILE_ONLY___ specified,
2026-05-07 14:15:52,354 INFO     ___FILE_ONLY___  
2026-05-07 14:15:52,355 INFO     ___FILE_ONLY___ no
2026-05-07 14:15:52,355 INFO     ___FILE_ONLY___  
2026-05-07 14:15:52,356 INFO     ___FILE_ONLY___ arguments
2026-05-07 14:15:52,356 INFO     ___FILE_ONLY___ 

2026-05-07 14:15:52,357 INFO     ___FILE_ONLY___         
2026-05-07 14:15:52,357 INFO     ___FILE_ONLY___ are
2026-05-07 14:15:52,358 INFO     ___FILE_ONLY___  
2026-05-07 14:15:52,358 INFO     ___FILE_ONLY___ passed.
2026-05-07 14:15:52,358 INFO     ___FILE_ONLY___  
2026-05-07 14:15:52,359 INFO     ___FILE_ONLY___ To
2026-05-07 14:15:52,359 INFO     ___FILE_ONLY___  
2026-05-07 14:15:52,360 INFO     ___FILE_ONLY___ reset
2026-05-07 14:15:52,360 INFO     ___FILE_ONLY___  
2026-05-07 14:15:52,361 INFO     ___FILE_ONLY___ this
2026-05-07 14:15:52,361 INFO     ___FILE_ONLY___  
2026-05-07 14:15:52,362 INFO     ___FILE_ONLY___ field
2026-05-07 14:15:52,362 INFO     ___FILE_ONLY___  
2026-05-07 14:15:52,363 INFO     ___FILE_ONLY___ to
2026-05-07 14:15:52,363 INFO     ___FILE_ONLY___  
2026-05-07 14:15:52,364 INFO     ___FILE_ONLY___ its
2026-05-07 14:15:52,364 INFO     ___FILE_ONLY___  
2026-05-07 14:15:52,365 INFO     ___FILE_ONLY___ default,
2026-05-07 14:15:52,365 INFO     ___FILE_ONLY___  
2026-05-07 14:15:52,366 INFO     ___FILE_ONLY___ pass
2026-05-07 14:15:52,366 INFO     ___FILE_ONLY___  
2026-05-07 14:15:52,366 INFO     ___FILE_ONLY___ an
2026-05-07 14:15:52,367 INFO     ___FILE_ONLY___  
2026-05-07 14:15:52,367 INFO     ___FILE_ONLY___ empty
2026-05-07 14:15:52,368 INFO     ___FILE_ONLY___  
2026-05-07 14:15:52,368 INFO     ___FILE_ONLY___ string.
2026-05-07 14:15:52,369 INFO     ___FILE_ONLY___ 

2026-05-07 14:15:52,369 INFO     ___FILE_ONLY___ 

2026-05-07 14:15:52,370 INFO     ___FILE_ONLY___      --[no-]automatic-updates

2026-05-07 14:15:52,370 INFO     ___FILE_ONLY___        
2026-05-07 14:15:52,371 INFO     ___FILE_ONLY___  
2026-05-07 14:15:52,371 INFO     ___FILE_ONLY___ Indicates
2026-05-07 14:15:52,371 INFO     ___FILE_ONLY___  
2026-05-07 14:15:52,372 INFO     ___FILE_ONLY___ whether
2026-05-07 14:15:52,372 INFO     ___FILE_ONLY___  
2026-05-07 14:15:52,373 INFO     ___FILE_ONLY___ automatic
2026-05-07 14:15:52,373 INFO     ___FILE_ONLY___  
2026-05-07 14:15:52,374 INFO     ___FILE_ONLY___ base
2026-05-07 14:15:52,374 INFO     ___FILE_ONLY___  
2026-05-07 14:15:52,375 INFO     ___FILE_ONLY___ image
2026-05-07 14:15:52,375 INFO     ___FILE_ONLY___  
2026-05-07 14:15:52,376 INFO     ___FILE_ONLY___ updates
2026-05-07 14:15:52,376 INFO     ___FILE_ONLY___  
2026-05-07 14:15:52,376 INFO     ___FILE_ONLY___ should
2026-05-07 14:15:52,377 INFO     ___FILE_ONLY___  
2026-05-07 14:15:52,377 INFO     ___FILE_ONLY___ be
2026-05-07 14:15:52,378 INFO     ___FILE_ONLY___  
2026-05-07 14:15:52,378 INFO     ___FILE_ONLY___ enabled
2026-05-07 14:15:52,379 INFO     ___FILE_ONLY___  
2026-05-07 14:15:52,379 INFO     ___FILE_ONLY___ for
2026-05-07 14:15:52,380 INFO     ___FILE_ONLY___  
2026-05-07 14:15:52,380 INFO     ___FILE_ONLY___ an
2026-05-07 14:15:52,381 INFO     ___FILE_ONLY___ 

2026-05-07 14:15:52,381 INFO     ___FILE_ONLY___         
2026-05-07 14:15:52,382 INFO     ___FILE_ONLY___ image
2026-05-07 14:15:52,382 INFO     ___FILE_ONLY___  
2026-05-07 14:15:52,383 INFO     ___FILE_ONLY___ built
2026-05-07 14:15:52,383 INFO     ___FILE_ONLY___  
2026-05-07 14:15:52,384 INFO     ___FILE_ONLY___ from
2026-05-07 14:15:52,384 INFO     ___FILE_ONLY___  
2026-05-07 14:15:52,385 INFO     ___FILE_ONLY___ source.
2026-05-07 14:15:52,385 INFO     ___FILE_ONLY___  
2026-05-07 14:15:52,385 INFO     ___FILE_ONLY___ Use
2026-05-07 14:15:52,386 INFO     ___FILE_ONLY___  
2026-05-07 14:15:52,386 INFO     ___FILE_ONLY___ --automatic-updates
2026-05-07 14:15:52,387 INFO     ___FILE_ONLY___  
2026-05-07 14:15:52,387 INFO     ___FILE_ONLY___ to
2026-05-07 14:15:52,388 INFO     ___FILE_ONLY___  
2026-05-07 14:15:52,388 INFO     ___FILE_ONLY___ enable
2026-05-07 14:15:52,389 INFO     ___FILE_ONLY___  
2026-05-07 14:15:52,389 INFO     ___FILE_ONLY___ and
2026-05-07 14:15:52,389 INFO     ___FILE_ONLY___ 

2026-05-07 14:15:52,390 INFO     ___FILE_ONLY___         
2026-05-07 14:15:52,390 INFO     ___FILE_ONLY___ --no-automatic-updates
2026-05-07 14:15:52,391 INFO     ___FILE_ONLY___  
2026-05-07 14:15:52,391 INFO     ___FILE_ONLY___ to
2026-05-07 14:15:52,392 INFO     ___FILE_ONLY___  
2026-05-07 14:15:52,392 INFO     ___FILE_ONLY___ disable.
2026-05-07 14:15:52,393 INFO     ___FILE_ONLY___ 

2026-05-07 14:15:52,393 INFO     ___FILE_ONLY___ 

2026-05-07 14:15:52,393 INFO     ___FILE_ONLY___      --clear-volume-mounts

2026-05-07 14:15:52,394 INFO     ___FILE_ONLY___        
2026-05-07 14:15:52,394 INFO     ___FILE_ONLY___  
2026-05-07 14:15:52,395 INFO     ___FILE_ONLY___ Remove
2026-05-07 14:15:52,396 INFO     ___FILE_ONLY___  
2026-05-07 14:15:52,396 INFO     ___FILE_ONLY___ all
2026-05-07 14:15:52,397 INFO     ___FILE_ONLY___  
2026-05-07 14:15:52,397 INFO     ___FILE_ONLY___ existing
2026-05-07 14:15:52,398 INFO     ___FILE_ONLY___  
2026-05-07 14:15:52,398 INFO     ___FILE_ONLY___ mounts
2026-05-07 14:15:52,399 INFO     ___FILE_ONLY___  
2026-05-07 14:15:52,399 INFO     ___FILE_ONLY___ from
2026-05-07 14:15:52,399 INFO     ___FILE_ONLY___  
2026-05-07 14:15:52,400 INFO     ___FILE_ONLY___ the
2026-05-07 14:15:52,400 INFO     ___FILE_ONLY___  
2026-05-07 14:15:52,401 INFO     ___FILE_ONLY___ current
2026-05-07 14:15:52,401 INFO     ___FILE_ONLY___  
2026-05-07 14:15:52,402 INFO     ___FILE_ONLY___ container.
2026-05-07 14:15:52,402 INFO     ___FILE_ONLY___ 

2026-05-07 14:15:52,403 INFO     ___FILE_ONLY___ 

2026-05-07 14:15:52,403 INFO     ___FILE_ONLY___      --cpu=CPU

2026-05-07 14:15:52,404 INFO     ___FILE_ONLY___        
2026-05-07 14:15:52,404 INFO     ___FILE_ONLY___  
2026-05-07 14:15:52,404 INFO     ___FILE_ONLY___ Set
2026-05-07 14:15:52,405 INFO     ___FILE_ONLY___  
2026-05-07 14:15:52,405 INFO     ___FILE_ONLY___ a
2026-05-07 14:15:52,406 INFO     ___FILE_ONLY___  
2026-05-07 14:15:52,406 INFO     ___FILE_ONLY___ CPU
2026-05-07 14:15:52,407 INFO     ___FILE_ONLY___  
2026-05-07 14:15:52,407 INFO     ___FILE_ONLY___ limit
2026-05-07 14:15:52,408 INFO     ___FILE_ONLY___  
2026-05-07 14:15:52,408 INFO     ___FILE_ONLY___ in
2026-05-07 14:15:52,409 INFO     ___FILE_ONLY___  
2026-05-07 14:15:52,409 INFO     ___FILE_ONLY___ Kubernetes
2026-05-07 14:15:52,409 INFO     ___FILE_ONLY___  
2026-05-07 14:15:52,410 INFO     ___FILE_ONLY___ cpu
2026-05-07 14:15:52,410 INFO     ___FILE_ONLY___  
2026-05-07 14:15:52,411 INFO     ___FILE_ONLY___ units.
2026-05-07 14:15:52,411 INFO     ___FILE_ONLY___ 

2026-05-07 14:15:52,412 INFO     ___FILE_ONLY___ 

2026-05-07 14:15:52,412 INFO     ___FILE_ONLY___        
2026-05-07 14:15:52,413 INFO     ___FILE_ONLY___  
2026-05-07 14:15:52,414 INFO     ___FILE_ONLY___ Cloud
2026-05-07 14:15:52,414 INFO     ___FILE_ONLY___  
2026-05-07 14:15:52,415 INFO     ___FILE_ONLY___ Run
2026-05-07 14:15:52,415 INFO     ___FILE_ONLY___  
2026-05-07 14:15:52,416 INFO     ___FILE_ONLY___ supports
2026-05-07 14:15:52,416 INFO     ___FILE_ONLY___  
2026-05-07 14:15:52,417 INFO     ___FILE_ONLY___ values
2026-05-07 14:15:52,417 INFO     ___FILE_ONLY___  
2026-05-07 14:15:52,418 INFO     ___FILE_ONLY___ fractional
2026-05-07 14:15:52,418 INFO     ___FILE_ONLY___  
2026-05-07 14:15:52,418 INFO     ___FILE_ONLY___ values
2026-05-07 14:15:52,419 INFO     ___FILE_ONLY___  
2026-05-07 14:15:52,419 INFO     ___FILE_ONLY___ below
2026-05-07 14:15:52,420 INFO     ___FILE_ONLY___  
2026-05-07 14:15:52,420 INFO     ___FILE_ONLY___ 1,
2026-05-07 14:15:52,421 INFO     ___FILE_ONLY___  
2026-05-07 14:15:52,421 INFO     ___FILE_ONLY___ 1,
2026-05-07 14:15:52,422 INFO     ___FILE_ONLY___  
2026-05-07 14:15:52,422 INFO     ___FILE_ONLY___ 2,
2026-05-07 14:15:52,422 INFO     ___FILE_ONLY___  
2026-05-07 14:15:52,423 INFO     ___FILE_ONLY___ 4,
2026-05-07 14:15:52,423 INFO     ___FILE_ONLY___  
2026-05-07 14:15:52,424 INFO     ___FILE_ONLY___ and
2026-05-07 14:15:52,424 INFO     ___FILE_ONLY___  
2026-05-07 14:15:52,425 INFO     ___FILE_ONLY___ 8.
2026-05-07 14:15:52,425 INFO     ___FILE_ONLY___ 

2026-05-07 14:15:52,426 INFO     ___FILE_ONLY___         
2026-05-07 14:15:52,426 INFO     ___FILE_ONLY___ Some
2026-05-07 14:15:52,427 INFO     ___FILE_ONLY___  
2026-05-07 14:15:52,428 INFO     ___FILE_ONLY___ CPU
2026-05-07 14:15:52,428 INFO     ___FILE_ONLY___  
2026-05-07 14:15:52,429 INFO     ___FILE_ONLY___ values
2026-05-07 14:15:52,430 INFO     ___FILE_ONLY___  
2026-05-07 14:15:52,431 INFO     ___FILE_ONLY___ requires
2026-05-07 14:15:52,431 INFO     ___FILE_ONLY___  
2026-05-07 14:15:52,432 INFO     ___FILE_ONLY___ a
2026-05-07 14:15:52,432 INFO     ___FILE_ONLY___  
2026-05-07 14:15:52,433 INFO     ___FILE_ONLY___ minimum
2026-05-07 14:15:52,433 INFO     ___FILE_ONLY___  
2026-05-07 14:15:52,434 INFO     ___FILE_ONLY___ Memory
2026-05-07 14:15:52,434 INFO     ___FILE_ONLY___  
2026-05-07 14:15:52,435 INFO     ___FILE_ONLY___ --memory
2026-05-07 14:15:52,435 INFO     ___FILE_ONLY___  
2026-05-07 14:15:52,436 INFO     ___FILE_ONLY___ value.
2026-05-07 14:15:52,436 INFO     ___FILE_ONLY___ 

2026-05-07 14:15:52,437 INFO     ___FILE_ONLY___ 

2026-05-07 14:15:52,437 INFO     ___FILE_ONLY___      --depends-on=[CONTAINER,...]

2026-05-07 14:15:52,437 INFO     ___FILE_ONLY___        
2026-05-07 14:15:52,438 INFO     ___FILE_ONLY___  
2026-05-07 14:15:52,438 INFO     ___FILE_ONLY___ List
2026-05-07 14:15:52,439 INFO     ___FILE_ONLY___  
2026-05-07 14:15:52,439 INFO     ___FILE_ONLY___ of
2026-05-07 14:15:52,440 INFO     ___FILE_ONLY___  
2026-05-07 14:15:52,440 INFO     ___FILE_ONLY___ container
2026-05-07 14:15:52,441 INFO     ___FILE_ONLY___  
2026-05-07 14:15:52,441 INFO     ___FILE_ONLY___ dependencies
2026-05-07 14:15:52,442 INFO     ___FILE_ONLY___  
2026-05-07 14:15:52,442 INFO     ___FILE_ONLY___ to
2026-05-07 14:15:52,442 INFO     ___FILE_ONLY___  
2026-05-07 14:15:52,443 INFO     ___FILE_ONLY___ add
2026-05-07 14:15:52,443 INFO     ___FILE_ONLY___  
2026-05-07 14:15:52,444 INFO     ___FILE_ONLY___ to
2026-05-07 14:15:52,444 INFO     ___FILE_ONLY___  
2026-05-07 14:15:52,445 INFO     ___FILE_ONLY___ the
2026-05-07 14:15:52,445 INFO     ___FILE_ONLY___  
2026-05-07 14:15:52,446 INFO     ___FILE_ONLY___ current
2026-05-07 14:15:52,447 INFO     ___FILE_ONLY___  
2026-05-07 14:15:52,447 INFO     ___FILE_ONLY___ container.
2026-05-07 14:15:52,448 INFO     ___FILE_ONLY___ 

2026-05-07 14:15:52,448 INFO     ___FILE_ONLY___ 

2026-05-07 14:15:52,450 INFO     ___FILE_ONLY___      --gpu=GPU

2026-05-07 14:15:52,452 INFO     ___FILE_ONLY___        
2026-05-07 14:15:52,456 INFO     ___FILE_ONLY___  
2026-05-07 14:15:52,456 INFO     ___FILE_ONLY___ Cloud
2026-05-07 14:15:52,458 INFO     ___FILE_ONLY___  
2026-05-07 14:15:52,459 INFO     ___FILE_ONLY___ Run
2026-05-07 14:15:52,460 INFO     ___FILE_ONLY___  
2026-05-07 14:15:52,461 INFO     ___FILE_ONLY___ supports
2026-05-07 14:15:52,462 INFO     ___FILE_ONLY___  
2026-05-07 14:15:52,462 INFO     ___FILE_ONLY___ values
2026-05-07 14:15:52,463 INFO     ___FILE_ONLY___  
2026-05-07 14:15:52,464 INFO     ___FILE_ONLY___ 0
2026-05-07 14:15:52,464 INFO     ___FILE_ONLY___  
2026-05-07 14:15:52,465 INFO     ___FILE_ONLY___ or
2026-05-07 14:15:52,465 INFO     ___FILE_ONLY___  
2026-05-07 14:15:52,466 INFO     ___FILE_ONLY___ 1.
2026-05-07 14:15:52,466 INFO     ___FILE_ONLY___  
2026-05-07 14:15:52,467 INFO     ___FILE_ONLY___ 1
2026-05-07 14:15:52,467 INFO     ___FILE_ONLY___  
2026-05-07 14:15:52,468 INFO     ___FILE_ONLY___ gpu
2026-05-07 14:15:52,468 INFO     ___FILE_ONLY___  
2026-05-07 14:15:52,469 INFO     ___FILE_ONLY___ also
2026-05-07 14:15:52,469 INFO     ___FILE_ONLY___  
2026-05-07 14:15:52,470 INFO     ___FILE_ONLY___ requires
2026-05-07 14:15:52,470 INFO     ___FILE_ONLY___  
2026-05-07 14:15:52,471 INFO     ___FILE_ONLY___ a
2026-05-07 14:15:52,471 INFO     ___FILE_ONLY___  
2026-05-07 14:15:52,472 INFO     ___FILE_ONLY___ minimum
2026-05-07 14:15:52,472 INFO     ___FILE_ONLY___  
2026-05-07 14:15:52,472 INFO     ___FILE_ONLY___ 4
2026-05-07 14:15:52,473 INFO     ___FILE_ONLY___  
2026-05-07 14:15:52,473 INFO     ___FILE_ONLY___ --cpu
2026-05-07 14:15:52,474 INFO     ___FILE_ONLY___ 

2026-05-07 14:15:52,474 INFO     ___FILE_ONLY___         
2026-05-07 14:15:52,475 INFO     ___FILE_ONLY___ value
2026-05-07 14:15:52,475 INFO     ___FILE_ONLY___  
2026-05-07 14:15:52,476 INFO     ___FILE_ONLY___ and
2026-05-07 14:15:52,476 INFO     ___FILE_ONLY___  
2026-05-07 14:15:52,477 INFO     ___FILE_ONLY___ a
2026-05-07 14:15:52,477 INFO     ___FILE_ONLY___  
2026-05-07 14:15:52,478 INFO     ___FILE_ONLY___ minimum
2026-05-07 14:15:52,478 INFO     ___FILE_ONLY___  
2026-05-07 14:15:52,479 INFO     ___FILE_ONLY___ 16Gi
2026-05-07 14:15:52,480 INFO     ___FILE_ONLY___  
2026-05-07 14:15:52,481 INFO     ___FILE_ONLY___ --memory
2026-05-07 14:15:52,481 INFO     ___FILE_ONLY___  
2026-05-07 14:15:52,482 INFO     ___FILE_ONLY___ value.
2026-05-07 14:15:52,482 INFO     ___FILE_ONLY___ 

2026-05-07 14:15:52,483 INFO     ___FILE_ONLY___ 

2026-05-07 14:15:52,483 INFO     ___FILE_ONLY___      --liveness-probe=[KEY=VALUE,...]

2026-05-07 14:15:52,484 INFO     ___FILE_ONLY___        
2026-05-07 14:15:52,484 INFO     ___FILE_ONLY___  
2026-05-07 14:15:52,485 INFO     ___FILE_ONLY___ Comma
2026-05-07 14:15:52,485 INFO     ___FILE_ONLY___  
2026-05-07 14:15:52,486 INFO     ___FILE_ONLY___ separated
2026-05-07 14:15:52,486 INFO     ___FILE_ONLY___  
2026-05-07 14:15:52,487 INFO     ___FILE_ONLY___ settings
2026-05-07 14:15:52,487 INFO     ___FILE_ONLY___  
2026-05-07 14:15:52,487 INFO     ___FILE_ONLY___ for
2026-05-07 14:15:52,488 INFO     ___FILE_ONLY___  
2026-05-07 14:15:52,488 INFO     ___FILE_ONLY___ liveness
2026-05-07 14:15:52,489 INFO     ___FILE_ONLY___  
2026-05-07 14:15:52,489 INFO     ___FILE_ONLY___ probe
2026-05-07 14:15:52,490 INFO     ___FILE_ONLY___  
2026-05-07 14:15:52,490 INFO     ___FILE_ONLY___ in
2026-05-07 14:15:52,491 INFO     ___FILE_ONLY___  
2026-05-07 14:15:52,491 INFO     ___FILE_ONLY___ the
2026-05-07 14:15:52,492 INFO     ___FILE_ONLY___  
2026-05-07 14:15:52,492 INFO     ___FILE_ONLY___ form
2026-05-07 14:15:52,493 INFO     ___FILE_ONLY___  
2026-05-07 14:15:52,493 INFO     ___FILE_ONLY___ KEY=VALUE.
2026-05-07 14:15:52,494 INFO     ___FILE_ONLY___  
2026-05-07 14:15:52,494 INFO     ___FILE_ONLY___ Each
2026-05-07 14:15:52,494 INFO     ___FILE_ONLY___ 

2026-05-07 14:15:52,495 INFO     ___FILE_ONLY___         
2026-05-07 14:15:52,495 INFO     ___FILE_ONLY___ key
2026-05-07 14:15:52,496 INFO     ___FILE_ONLY___  
2026-05-07 14:15:52,497 INFO     ___FILE_ONLY___ stands
2026-05-07 14:15:52,497 INFO     ___FILE_ONLY___  
2026-05-07 14:15:52,498 INFO     ___FILE_ONLY___ for
2026-05-07 14:15:52,498 INFO     ___FILE_ONLY___  
2026-05-07 14:15:52,499 INFO     ___FILE_ONLY___ a
2026-05-07 14:15:52,499 INFO     ___FILE_ONLY___  
2026-05-07 14:15:52,500 INFO     ___FILE_ONLY___ field
2026-05-07 14:15:52,500 INFO     ___FILE_ONLY___  
2026-05-07 14:15:52,501 INFO     ___FILE_ONLY___ of
2026-05-07 14:15:52,501 INFO     ___FILE_ONLY___  
2026-05-07 14:15:52,502 INFO     ___FILE_ONLY___ the
2026-05-07 14:15:52,502 INFO     ___FILE_ONLY___  
2026-05-07 14:15:52,503 INFO     ___FILE_ONLY___ probe
2026-05-07 14:15:52,503 INFO     ___FILE_ONLY___  
2026-05-07 14:15:52,504 INFO     ___FILE_ONLY___ described
2026-05-07 14:15:52,504 INFO     ___FILE_ONLY___  
2026-05-07 14:15:52,504 INFO     ___FILE_ONLY___ in
2026-05-07 14:15:52,505 INFO     ___FILE_ONLY___ 

2026-05-07 14:15:52,505 INFO     ___FILE_ONLY___         
2026-05-07 14:15:52,506 INFO     ___FILE_ONLY___ https://cloud.google.com/run/docs/reference/rest/v1/Container#Probe.
2026-05-07 14:15:52,506 INFO     ___FILE_ONLY___ 

2026-05-07 14:15:52,507 INFO     ___FILE_ONLY___         
2026-05-07 14:15:52,507 INFO     ___FILE_ONLY___ Currently
2026-05-07 14:15:52,508 INFO     ___FILE_ONLY___  
2026-05-07 14:15:52,508 INFO     ___FILE_ONLY___ supported
2026-05-07 14:15:52,509 INFO     ___FILE_ONLY___  
2026-05-07 14:15:52,509 INFO     ___FILE_ONLY___ keys
2026-05-07 14:15:52,509 INFO     ___FILE_ONLY___  
2026-05-07 14:15:52,510 INFO     ___FILE_ONLY___ are:
2026-05-07 14:15:52,510 INFO     ___FILE_ONLY___  
2026-05-07 14:15:52,511 INFO     ___FILE_ONLY___ initialDelaySeconds,
2026-05-07 14:15:52,511 INFO     ___FILE_ONLY___  
2026-05-07 14:15:52,512 INFO     ___FILE_ONLY___ timeoutSeconds,
2026-05-07 14:15:52,512 INFO     ___FILE_ONLY___ 

2026-05-07 14:15:52,513 INFO     ___FILE_ONLY___         
2026-05-07 14:15:52,514 INFO     ___FILE_ONLY___ periodSeconds,
2026-05-07 14:15:52,515 INFO     ___FILE_ONLY___  
2026-05-07 14:15:52,515 INFO     ___FILE_ONLY___ failureThreshold,
2026-05-07 14:15:52,515 INFO     ___FILE_ONLY___  
2026-05-07 14:15:52,516 INFO     ___FILE_ONLY___ httpGet.port,
2026-05-07 14:15:52,516 INFO     ___FILE_ONLY___  
2026-05-07 14:15:52,517 INFO     ___FILE_ONLY___ httpGet.path,
2026-05-07 14:15:52,517 INFO     ___FILE_ONLY___  
2026-05-07 14:15:52,518 INFO     ___FILE_ONLY___ grpc.port,
2026-05-07 14:15:52,518 INFO     ___FILE_ONLY___ 

2026-05-07 14:15:52,519 INFO     ___FILE_ONLY___         
2026-05-07 14:15:52,519 INFO     ___FILE_ONLY___ grpc.service.
2026-05-07 14:15:52,519 INFO     ___FILE_ONLY___ 

2026-05-07 14:15:52,520 INFO     ___FILE_ONLY___ 

2026-05-07 14:15:52,520 INFO     ___FILE_ONLY___        
2026-05-07 14:15:52,521 INFO     ___FILE_ONLY___  
2026-05-07 14:15:52,521 INFO     ___FILE_ONLY___ For
2026-05-07 14:15:52,522 INFO     ___FILE_ONLY___  
2026-05-07 14:15:52,522 INFO     ___FILE_ONLY___ example,
2026-05-07 14:15:52,523 INFO     ___FILE_ONLY___  
2026-05-07 14:15:52,523 INFO     ___FILE_ONLY___ to
2026-05-07 14:15:52,524 INFO     ___FILE_ONLY___  
2026-05-07 14:15:52,524 INFO     ___FILE_ONLY___ set
2026-05-07 14:15:52,524 INFO     ___FILE_ONLY___  
2026-05-07 14:15:52,525 INFO     ___FILE_ONLY___ a
2026-05-07 14:15:52,525 INFO     ___FILE_ONLY___  
2026-05-07 14:15:52,526 INFO     ___FILE_ONLY___ probe
2026-05-07 14:15:52,526 INFO     ___FILE_ONLY___  
2026-05-07 14:15:52,527 INFO     ___FILE_ONLY___ with
2026-05-07 14:15:52,527 INFO     ___FILE_ONLY___  
2026-05-07 14:15:52,528 INFO     ___FILE_ONLY___ 10s
2026-05-07 14:15:52,528 INFO     ___FILE_ONLY___  
2026-05-07 14:15:52,529 INFO     ___FILE_ONLY___ timeout
2026-05-07 14:15:52,529 INFO     ___FILE_ONLY___  
2026-05-07 14:15:52,530 INFO     ___FILE_ONLY___ and
2026-05-07 14:15:52,530 INFO     ___FILE_ONLY___  
2026-05-07 14:15:52,531 INFO     ___FILE_ONLY___ HTTP
2026-05-07 14:15:52,531 INFO     ___FILE_ONLY___  
2026-05-07 14:15:52,532 INFO     ___FILE_ONLY___ probe
2026-05-07 14:15:52,532 INFO     ___FILE_ONLY___  
2026-05-07 14:15:52,532 INFO     ___FILE_ONLY___ requests
2026-05-07 14:15:52,533 INFO     ___FILE_ONLY___ 

2026-05-07 14:15:52,533 INFO     ___FILE_ONLY___         
2026-05-07 14:15:52,534 INFO     ___FILE_ONLY___ sent
2026-05-07 14:15:52,534 INFO     ___FILE_ONLY___  
2026-05-07 14:15:52,535 INFO     ___FILE_ONLY___ to
2026-05-07 14:15:52,535 INFO     ___FILE_ONLY___  
2026-05-07 14:15:52,536 INFO     ___FILE_ONLY___ 8080
2026-05-07 14:15:52,536 INFO     ___FILE_ONLY___  
2026-05-07 14:15:52,536 INFO     ___FILE_ONLY___ port
2026-05-07 14:15:52,537 INFO     ___FILE_ONLY___  
2026-05-07 14:15:52,537 INFO     ___FILE_ONLY___ of
2026-05-07 14:15:52,538 INFO     ___FILE_ONLY___  
2026-05-07 14:15:52,538 INFO     ___FILE_ONLY___ the
2026-05-07 14:15:52,539 INFO     ___FILE_ONLY___  
2026-05-07 14:15:52,539 INFO     ___FILE_ONLY___ container:
2026-05-07 14:15:52,540 INFO     ___FILE_ONLY___ 

2026-05-07 14:15:52,540 INFO     ___FILE_ONLY___ 

2026-05-07 14:15:52,540 INFO     ___FILE_ONLY___             $ --liveness-probe=timeoutSeconds=10,httpGet.port=8080

2026-05-07 14:15:52,541 INFO     ___FILE_ONLY___ 

2026-05-07 14:15:52,541 INFO     ___FILE_ONLY___        
2026-05-07 14:15:52,542 INFO     ___FILE_ONLY___  
2026-05-07 14:15:52,542 INFO     ___FILE_ONLY___ To
2026-05-07 14:15:52,543 INFO     ___FILE_ONLY___  
2026-05-07 14:15:52,543 INFO     ___FILE_ONLY___ remove
2026-05-07 14:15:52,544 INFO     ___FILE_ONLY___  
2026-05-07 14:15:52,544 INFO     ___FILE_ONLY___ existing
2026-05-07 14:15:52,544 INFO     ___FILE_ONLY___  
2026-05-07 14:15:52,545 INFO     ___FILE_ONLY___ probe:
2026-05-07 14:15:52,545 INFO     ___FILE_ONLY___ 

2026-05-07 14:15:52,546 INFO     ___FILE_ONLY___ 

2026-05-07 14:15:52,547 INFO     ___FILE_ONLY___             $ --liveness-probe=""

2026-05-07 14:15:52,547 INFO     ___FILE_ONLY___ 

2026-05-07 14:15:52,548 INFO     ___FILE_ONLY___      --memory=MEMORY

2026-05-07 14:15:52,548 INFO     ___FILE_ONLY___        
2026-05-07 14:15:52,549 INFO     ___FILE_ONLY___  
2026-05-07 14:15:52,549 INFO     ___FILE_ONLY___ Set
2026-05-07 14:15:52,549 INFO     ___FILE_ONLY___  
2026-05-07 14:15:52,550 INFO     ___FILE_ONLY___ a
2026-05-07 14:15:52,550 INFO     ___FILE_ONLY___  
2026-05-07 14:15:52,551 INFO     ___FILE_ONLY___ memory
2026-05-07 14:15:52,551 INFO     ___FILE_ONLY___  
2026-05-07 14:15:52,552 INFO     ___FILE_ONLY___ limit.
2026-05-07 14:15:52,552 INFO     ___FILE_ONLY___  
2026-05-07 14:15:52,553 INFO     ___FILE_ONLY___ Ex:
2026-05-07 14:15:52,553 INFO     ___FILE_ONLY___  
2026-05-07 14:15:52,553 INFO     ___FILE_ONLY___ 1024Mi,
2026-05-07 14:15:52,554 INFO     ___FILE_ONLY___  
2026-05-07 14:15:52,554 INFO     ___FILE_ONLY___ 4Gi.
2026-05-07 14:15:52,555 INFO     ___FILE_ONLY___ 

2026-05-07 14:15:52,555 INFO     ___FILE_ONLY___ 

2026-05-07 14:15:52,556 INFO     ___FILE_ONLY___      --port=PORT

2026-05-07 14:15:52,556 INFO     ___FILE_ONLY___        
2026-05-07 14:15:52,557 INFO     ___FILE_ONLY___  
2026-05-07 14:15:52,557 INFO     ___FILE_ONLY___ Container
2026-05-07 14:15:52,558 INFO     ___FILE_ONLY___  
2026-05-07 14:15:52,558 INFO     ___FILE_ONLY___ port
2026-05-07 14:15:52,558 INFO     ___FILE_ONLY___  
2026-05-07 14:15:52,559 INFO     ___FILE_ONLY___ to
2026-05-07 14:15:52,559 INFO     ___FILE_ONLY___  
2026-05-07 14:15:52,560 INFO     ___FILE_ONLY___ receive
2026-05-07 14:15:52,560 INFO     ___FILE_ONLY___  
2026-05-07 14:15:52,561 INFO     ___FILE_ONLY___ requests
2026-05-07 14:15:52,561 INFO     ___FILE_ONLY___  
2026-05-07 14:15:52,562 INFO     ___FILE_ONLY___ at.
2026-05-07 14:15:52,562 INFO     ___FILE_ONLY___  
2026-05-07 14:15:52,563 INFO     ___FILE_ONLY___ Also
2026-05-07 14:15:52,563 INFO     ___FILE_ONLY___  
2026-05-07 14:15:52,564 INFO     ___FILE_ONLY___ sets
2026-05-07 14:15:52,564 INFO     ___FILE_ONLY___  
2026-05-07 14:15:52,565 INFO     ___FILE_ONLY___ the
2026-05-07 14:15:52,565 INFO     ___FILE_ONLY___  
2026-05-07 14:15:52,566 INFO     ___FILE_ONLY___ $PORT
2026-05-07 14:15:52,566 INFO     ___FILE_ONLY___  
2026-05-07 14:15:52,567 INFO     ___FILE_ONLY___ environment
2026-05-07 14:15:52,567 INFO     ___FILE_ONLY___ 

2026-05-07 14:15:52,567 INFO     ___FILE_ONLY___         
2026-05-07 14:15:52,568 INFO     ___FILE_ONLY___ variable.
2026-05-07 14:15:52,568 INFO     ___FILE_ONLY___  
2026-05-07 14:15:52,569 INFO     ___FILE_ONLY___ Must
2026-05-07 14:15:52,569 INFO     ___FILE_ONLY___  
2026-05-07 14:15:52,570 INFO     ___FILE_ONLY___ be
2026-05-07 14:15:52,570 INFO     ___FILE_ONLY___  
2026-05-07 14:15:52,571 INFO     ___FILE_ONLY___ a
2026-05-07 14:15:52,571 INFO     ___FILE_ONLY___  
2026-05-07 14:15:52,571 INFO     ___FILE_ONLY___ number
2026-05-07 14:15:52,572 INFO     ___FILE_ONLY___  
2026-05-07 14:15:52,572 INFO     ___FILE_ONLY___ between
2026-05-07 14:15:52,573 INFO     ___FILE_ONLY___  
2026-05-07 14:15:52,573 INFO     ___FILE_ONLY___ 1
2026-05-07 14:15:52,574 INFO     ___FILE_ONLY___  
2026-05-07 14:15:52,574 INFO     ___FILE_ONLY___ and
2026-05-07 14:15:52,575 INFO     ___FILE_ONLY___  
2026-05-07 14:15:52,575 INFO     ___FILE_ONLY___ 65535,
2026-05-07 14:15:52,575 INFO     ___FILE_ONLY___  
2026-05-07 14:15:52,576 INFO     ___FILE_ONLY___ inclusive.
2026-05-07 14:15:52,576 INFO     ___FILE_ONLY___  
2026-05-07 14:15:52,577 INFO     ___FILE_ONLY___ To
2026-05-07 14:15:52,577 INFO     ___FILE_ONLY___  
2026-05-07 14:15:52,578 INFO     ___FILE_ONLY___ unset
2026-05-07 14:15:52,578 INFO     ___FILE_ONLY___ 

2026-05-07 14:15:52,579 INFO     ___FILE_ONLY___         
2026-05-07 14:15:52,579 INFO     ___FILE_ONLY___ this
2026-05-07 14:15:52,580 INFO     ___FILE_ONLY___  
2026-05-07 14:15:52,580 INFO     ___FILE_ONLY___ field,
2026-05-07 14:15:52,581 INFO     ___FILE_ONLY___  
2026-05-07 14:15:52,581 INFO     ___FILE_ONLY___ pass
2026-05-07 14:15:52,582 INFO     ___FILE_ONLY___  
2026-05-07 14:15:52,582 INFO     ___FILE_ONLY___ the
2026-05-07 14:15:52,583 INFO     ___FILE_ONLY___  
2026-05-07 14:15:52,583 INFO     ___FILE_ONLY___ special
2026-05-07 14:15:52,584 INFO     ___FILE_ONLY___  
2026-05-07 14:15:52,584 INFO     ___FILE_ONLY___ value
2026-05-07 14:15:52,585 INFO     ___FILE_ONLY___  
2026-05-07 14:15:52,585 INFO     ___FILE_ONLY___ "default".
2026-05-07 14:15:52,585 INFO     ___FILE_ONLY___  
2026-05-07 14:15:52,586 INFO     ___FILE_ONLY___ If
2026-05-07 14:15:52,586 INFO     ___FILE_ONLY___  
2026-05-07 14:15:52,587 INFO     ___FILE_ONLY___ updating
2026-05-07 14:15:52,587 INFO     ___FILE_ONLY___  
2026-05-07 14:15:52,588 INFO     ___FILE_ONLY___ an
2026-05-07 14:15:52,588 INFO     ___FILE_ONLY___  
2026-05-07 14:15:52,589 INFO     ___FILE_ONLY___ existing
2026-05-07 14:15:52,589 INFO     ___FILE_ONLY___ 

2026-05-07 14:15:52,589 INFO     ___FILE_ONLY___         
2026-05-07 14:15:52,590 INFO     ___FILE_ONLY___ service
2026-05-07 14:15:52,590 INFO     ___FILE_ONLY___  
2026-05-07 14:15:52,591 INFO     ___FILE_ONLY___ with
2026-05-07 14:15:52,591 INFO     ___FILE_ONLY___  
2026-05-07 14:15:52,592 INFO     ___FILE_ONLY___ a
2026-05-07 14:15:52,592 INFO     ___FILE_ONLY___  
2026-05-07 14:15:52,592 INFO     ___FILE_ONLY___ TCP
2026-05-07 14:15:52,593 INFO     ___FILE_ONLY___  
2026-05-07 14:15:52,593 INFO     ___FILE_ONLY___ startup
2026-05-07 14:15:52,594 INFO     ___FILE_ONLY___  
2026-05-07 14:15:52,594 INFO     ___FILE_ONLY___ probe
2026-05-07 14:15:52,595 INFO     ___FILE_ONLY___  
2026-05-07 14:15:52,595 INFO     ___FILE_ONLY___ pointing
2026-05-07 14:15:52,596 INFO     ___FILE_ONLY___  
2026-05-07 14:15:52,596 INFO     ___FILE_ONLY___ to
2026-05-07 14:15:52,597 INFO     ___FILE_ONLY___  
2026-05-07 14:15:52,597 INFO     ___FILE_ONLY___ the
2026-05-07 14:15:52,598 INFO     ___FILE_ONLY___  
2026-05-07 14:15:52,598 INFO     ___FILE_ONLY___ previous
2026-05-07 14:15:52,599 INFO     ___FILE_ONLY___  
2026-05-07 14:15:52,599 INFO     ___FILE_ONLY___ container
2026-05-07 14:15:52,600 INFO     ___FILE_ONLY___ 

2026-05-07 14:15:52,600 INFO     ___FILE_ONLY___         
2026-05-07 14:15:52,601 INFO     ___FILE_ONLY___ port,
2026-05-07 14:15:52,601 INFO     ___FILE_ONLY___  
2026-05-07 14:15:52,601 INFO     ___FILE_ONLY___ this
2026-05-07 14:15:52,602 INFO     ___FILE_ONLY___  
2026-05-07 14:15:52,602 INFO     ___FILE_ONLY___ will
2026-05-07 14:15:52,603 INFO     ___FILE_ONLY___  
2026-05-07 14:15:52,603 INFO     ___FILE_ONLY___ also
2026-05-07 14:15:52,604 INFO     ___FILE_ONLY___  
2026-05-07 14:15:52,604 INFO     ___FILE_ONLY___ update
2026-05-07 14:15:52,605 INFO     ___FILE_ONLY___  
2026-05-07 14:15:52,605 INFO     ___FILE_ONLY___ the
2026-05-07 14:15:52,606 INFO     ___FILE_ONLY___  
2026-05-07 14:15:52,606 INFO     ___FILE_ONLY___ probe
2026-05-07 14:15:52,606 INFO     ___FILE_ONLY___  
2026-05-07 14:15:52,607 INFO     ___FILE_ONLY___ port.
2026-05-07 14:15:52,607 INFO     ___FILE_ONLY___ 

2026-05-07 14:15:52,608 INFO     ___FILE_ONLY___ 

2026-05-07 14:15:52,608 INFO     ___FILE_ONLY___      --remove-volume-mount=[MOUNT_PATH,...]

2026-05-07 14:15:52,609 INFO     ___FILE_ONLY___        
2026-05-07 14:15:52,609 INFO     ___FILE_ONLY___  
2026-05-07 14:15:52,609 INFO     ___FILE_ONLY___ Removes
2026-05-07 14:15:52,610 INFO     ___FILE_ONLY___  
2026-05-07 14:15:52,610 INFO     ___FILE_ONLY___ the
2026-05-07 14:15:52,611 INFO     ___FILE_ONLY___  
2026-05-07 14:15:52,611 INFO     ___FILE_ONLY___ volume
2026-05-07 14:15:52,612 INFO     ___FILE_ONLY___  
2026-05-07 14:15:52,612 INFO     ___FILE_ONLY___ mounted
2026-05-07 14:15:52,613 INFO     ___FILE_ONLY___  
2026-05-07 14:15:52,613 INFO     ___FILE_ONLY___ at
2026-05-07 14:15:52,614 INFO     ___FILE_ONLY___  
2026-05-07 14:15:52,614 INFO     ___FILE_ONLY___ the
2026-05-07 14:15:52,615 INFO     ___FILE_ONLY___  
2026-05-07 14:15:52,615 INFO     ___FILE_ONLY___ specified
2026-05-07 14:15:52,616 INFO     ___FILE_ONLY___  
2026-05-07 14:15:52,616 INFO     ___FILE_ONLY___ path
2026-05-07 14:15:52,617 INFO     ___FILE_ONLY___  
2026-05-07 14:15:52,617 INFO     ___FILE_ONLY___ from
2026-05-07 14:15:52,617 INFO     ___FILE_ONLY___  
2026-05-07 14:15:52,618 INFO     ___FILE_ONLY___ the
2026-05-07 14:15:52,618 INFO     ___FILE_ONLY___  
2026-05-07 14:15:52,619 INFO     ___FILE_ONLY___ current
2026-05-07 14:15:52,619 INFO     ___FILE_ONLY___ 

2026-05-07 14:15:52,620 INFO     ___FILE_ONLY___         
2026-05-07 14:15:52,620 INFO     ___FILE_ONLY___ container.
2026-05-07 14:15:52,621 INFO     ___FILE_ONLY___ 

2026-05-07 14:15:52,621 INFO     ___FILE_ONLY___ 

2026-05-07 14:15:52,621 INFO     ___FILE_ONLY___      --startup-probe=[KEY=VALUE,...]

2026-05-07 14:15:52,622 INFO     ___FILE_ONLY___        
2026-05-07 14:15:52,622 INFO     ___FILE_ONLY___  
2026-05-07 14:15:52,623 INFO     ___FILE_ONLY___ Comma
2026-05-07 14:15:52,623 INFO     ___FILE_ONLY___  
2026-05-07 14:15:52,624 INFO     ___FILE_ONLY___ separated
2026-05-07 14:15:52,624 INFO     ___FILE_ONLY___  
2026-05-07 14:15:52,625 INFO     ___FILE_ONLY___ settings
2026-05-07 14:15:52,625 INFO     ___FILE_ONLY___  
2026-05-07 14:15:52,626 INFO     ___FILE_ONLY___ for
2026-05-07 14:15:52,626 INFO     ___FILE_ONLY___  
2026-05-07 14:15:52,626 INFO     ___FILE_ONLY___ startup
2026-05-07 14:15:52,627 INFO     ___FILE_ONLY___  
2026-05-07 14:15:52,627 INFO     ___FILE_ONLY___ probe
2026-05-07 14:15:52,628 INFO     ___FILE_ONLY___  
2026-05-07 14:15:52,628 INFO     ___FILE_ONLY___ in
2026-05-07 14:15:52,629 INFO     ___FILE_ONLY___  
2026-05-07 14:15:52,629 INFO     ___FILE_ONLY___ the
2026-05-07 14:15:52,630 INFO     ___FILE_ONLY___  
2026-05-07 14:15:52,630 INFO     ___FILE_ONLY___ form
2026-05-07 14:15:52,631 INFO     ___FILE_ONLY___  
2026-05-07 14:15:52,631 INFO     ___FILE_ONLY___ KEY=VALUE.
2026-05-07 14:15:52,632 INFO     ___FILE_ONLY___  
2026-05-07 14:15:52,632 INFO     ___FILE_ONLY___ Each
2026-05-07 14:15:52,633 INFO     ___FILE_ONLY___ 

2026-05-07 14:15:52,633 INFO     ___FILE_ONLY___         
2026-05-07 14:15:52,634 INFO     ___FILE_ONLY___ key
2026-05-07 14:15:52,634 INFO     ___FILE_ONLY___  
2026-05-07 14:15:52,635 INFO     ___FILE_ONLY___ stands
2026-05-07 14:15:52,635 INFO     ___FILE_ONLY___  
2026-05-07 14:15:52,635 INFO     ___FILE_ONLY___ for
2026-05-07 14:15:52,636 INFO     ___FILE_ONLY___  
2026-05-07 14:15:52,636 INFO     ___FILE_ONLY___ a
2026-05-07 14:15:52,637 INFO     ___FILE_ONLY___  
2026-05-07 14:15:52,637 INFO     ___FILE_ONLY___ field
2026-05-07 14:15:52,638 INFO     ___FILE_ONLY___  
2026-05-07 14:15:52,638 INFO     ___FILE_ONLY___ of
2026-05-07 14:15:52,639 INFO     ___FILE_ONLY___  
2026-05-07 14:15:52,639 INFO     ___FILE_ONLY___ the
2026-05-07 14:15:52,639 INFO     ___FILE_ONLY___  
2026-05-07 14:15:52,640 INFO     ___FILE_ONLY___ probe
2026-05-07 14:15:52,640 INFO     ___FILE_ONLY___  
2026-05-07 14:15:52,641 INFO     ___FILE_ONLY___ described
2026-05-07 14:15:52,641 INFO     ___FILE_ONLY___  
2026-05-07 14:15:52,642 INFO     ___FILE_ONLY___ in
2026-05-07 14:15:52,642 INFO     ___FILE_ONLY___ 

2026-05-07 14:15:52,642 INFO     ___FILE_ONLY___         
2026-05-07 14:15:52,643 INFO     ___FILE_ONLY___ https://cloud.google.com/run/docs/reference/rest/v1/Container#Probe.
2026-05-07 14:15:52,643 INFO     ___FILE_ONLY___ 

2026-05-07 14:15:52,644 INFO     ___FILE_ONLY___         
2026-05-07 14:15:52,644 INFO     ___FILE_ONLY___ Currently
2026-05-07 14:15:52,645 INFO     ___FILE_ONLY___  
2026-05-07 14:15:52,645 INFO     ___FILE_ONLY___ supported
2026-05-07 14:15:52,646 INFO     ___FILE_ONLY___  
2026-05-07 14:15:52,646 INFO     ___FILE_ONLY___ keys
2026-05-07 14:15:52,647 INFO     ___FILE_ONLY___  
2026-05-07 14:15:52,647 INFO     ___FILE_ONLY___ are:
2026-05-07 14:15:52,648 INFO     ___FILE_ONLY___  
2026-05-07 14:15:52,648 INFO     ___FILE_ONLY___ initialDelaySeconds,
2026-05-07 14:15:52,649 INFO     ___FILE_ONLY___  
2026-05-07 14:15:52,649 INFO     ___FILE_ONLY___ timeoutSeconds,
2026-05-07 14:15:52,650 INFO     ___FILE_ONLY___ 

2026-05-07 14:15:52,650 INFO     ___FILE_ONLY___         
2026-05-07 14:15:52,651 INFO     ___FILE_ONLY___ periodSeconds,
2026-05-07 14:15:52,651 INFO     ___FILE_ONLY___  
2026-05-07 14:15:52,652 INFO     ___FILE_ONLY___ failureThreshold,
2026-05-07 14:15:52,652 INFO     ___FILE_ONLY___  
2026-05-07 14:15:52,652 INFO     ___FILE_ONLY___ httpGet.port,
2026-05-07 14:15:52,653 INFO     ___FILE_ONLY___  
2026-05-07 14:15:52,653 INFO     ___FILE_ONLY___ httpGet.path,
2026-05-07 14:15:52,654 INFO     ___FILE_ONLY___  
2026-05-07 14:15:52,654 INFO     ___FILE_ONLY___ grpc.port,
2026-05-07 14:15:52,655 INFO     ___FILE_ONLY___ 

2026-05-07 14:15:52,655 INFO     ___FILE_ONLY___         
2026-05-07 14:15:52,656 INFO     ___FILE_ONLY___ grpc.service,
2026-05-07 14:15:52,656 INFO     ___FILE_ONLY___  
2026-05-07 14:15:52,656 INFO     ___FILE_ONLY___ tcpSocket.port.
2026-05-07 14:15:52,657 INFO     ___FILE_ONLY___ 

2026-05-07 14:15:52,657 INFO     ___FILE_ONLY___ 

2026-05-07 14:15:52,658 INFO     ___FILE_ONLY___        
2026-05-07 14:15:52,658 INFO     ___FILE_ONLY___  
2026-05-07 14:15:52,659 INFO     ___FILE_ONLY___ For
2026-05-07 14:15:52,659 INFO     ___FILE_ONLY___  
2026-05-07 14:15:52,660 INFO     ___FILE_ONLY___ example,
2026-05-07 14:15:52,660 INFO     ___FILE_ONLY___  
2026-05-07 14:15:52,660 INFO     ___FILE_ONLY___ to
2026-05-07 14:15:52,661 INFO     ___FILE_ONLY___  
2026-05-07 14:15:52,662 INFO     ___FILE_ONLY___ set
2026-05-07 14:15:52,662 INFO     ___FILE_ONLY___  
2026-05-07 14:15:52,663 INFO     ___FILE_ONLY___ a
2026-05-07 14:15:52,663 INFO     ___FILE_ONLY___  
2026-05-07 14:15:52,664 INFO     ___FILE_ONLY___ probe
2026-05-07 14:15:52,664 INFO     ___FILE_ONLY___  
2026-05-07 14:15:52,664 INFO     ___FILE_ONLY___ with
2026-05-07 14:15:52,665 INFO     ___FILE_ONLY___  
2026-05-07 14:15:52,665 INFO     ___FILE_ONLY___ 10s
2026-05-07 14:15:52,666 INFO     ___FILE_ONLY___  
2026-05-07 14:15:52,666 INFO     ___FILE_ONLY___ timeout
2026-05-07 14:15:52,667 INFO     ___FILE_ONLY___  
2026-05-07 14:15:52,667 INFO     ___FILE_ONLY___ and
2026-05-07 14:15:52,668 INFO     ___FILE_ONLY___  
2026-05-07 14:15:52,668 INFO     ___FILE_ONLY___ HTTP
2026-05-07 14:15:52,669 INFO     ___FILE_ONLY___  
2026-05-07 14:15:52,669 INFO     ___FILE_ONLY___ probe
2026-05-07 14:15:52,669 INFO     ___FILE_ONLY___  
2026-05-07 14:15:52,670 INFO     ___FILE_ONLY___ requests
2026-05-07 14:15:52,670 INFO     ___FILE_ONLY___ 

2026-05-07 14:15:52,671 INFO     ___FILE_ONLY___         
2026-05-07 14:15:52,671 INFO     ___FILE_ONLY___ sent
2026-05-07 14:15:52,672 INFO     ___FILE_ONLY___  
2026-05-07 14:15:52,672 INFO     ___FILE_ONLY___ to
2026-05-07 14:15:52,673 INFO     ___FILE_ONLY___  
2026-05-07 14:15:52,673 INFO     ___FILE_ONLY___ 8080
2026-05-07 14:15:52,673 INFO     ___FILE_ONLY___  
2026-05-07 14:15:52,674 INFO     ___FILE_ONLY___ port
2026-05-07 14:15:52,674 INFO     ___FILE_ONLY___  
2026-05-07 14:15:52,675 INFO     ___FILE_ONLY___ of
2026-05-07 14:15:52,675 INFO     ___FILE_ONLY___  
2026-05-07 14:15:52,676 INFO     ___FILE_ONLY___ the
2026-05-07 14:15:52,676 INFO     ___FILE_ONLY___  
2026-05-07 14:15:52,677 INFO     ___FILE_ONLY___ container:
2026-05-07 14:15:52,677 INFO     ___FILE_ONLY___ 

2026-05-07 14:15:52,677 INFO     ___FILE_ONLY___ 

2026-05-07 14:15:52,678 INFO     ___FILE_ONLY___             $ --startup-probe=timeoutSeconds=10,httpGet.port=8080

2026-05-07 14:15:52,678 INFO     ___FILE_ONLY___ 

2026-05-07 14:15:52,679 INFO     ___FILE_ONLY___        
2026-05-07 14:15:52,680 INFO     ___FILE_ONLY___  
2026-05-07 14:15:52,680 INFO     ___FILE_ONLY___ To
2026-05-07 14:15:52,681 INFO     ___FILE_ONLY___  
2026-05-07 14:15:52,681 INFO     ___FILE_ONLY___ remove
2026-05-07 14:15:52,681 INFO     ___FILE_ONLY___  
2026-05-07 14:15:52,682 INFO     ___FILE_ONLY___ existing
2026-05-07 14:15:52,682 INFO     ___FILE_ONLY___  
2026-05-07 14:15:52,683 INFO     ___FILE_ONLY___ probe:
2026-05-07 14:15:52,683 INFO     ___FILE_ONLY___ 

2026-05-07 14:15:52,684 INFO     ___FILE_ONLY___ 

2026-05-07 14:15:52,684 INFO     ___FILE_ONLY___             $ --startup-probe=""

2026-05-07 14:15:52,685 INFO     ___FILE_ONLY___ 

2026-05-07 14:15:52,685 INFO     ___FILE_ONLY___      --[no-]use-http2

2026-05-07 14:15:52,686 INFO     ___FILE_ONLY___        
2026-05-07 14:15:52,686 INFO     ___FILE_ONLY___  
2026-05-07 14:15:52,686 INFO     ___FILE_ONLY___ Whether
2026-05-07 14:15:52,687 INFO     ___FILE_ONLY___  
2026-05-07 14:15:52,687 INFO     ___FILE_ONLY___ to
2026-05-07 14:15:52,688 INFO     ___FILE_ONLY___  
2026-05-07 14:15:52,688 INFO     ___FILE_ONLY___ use
2026-05-07 14:15:52,689 INFO     ___FILE_ONLY___  
2026-05-07 14:15:52,689 INFO     ___FILE_ONLY___ HTTP/2
2026-05-07 14:15:52,690 INFO     ___FILE_ONLY___  
2026-05-07 14:15:52,690 INFO     ___FILE_ONLY___ for
2026-05-07 14:15:52,690 INFO     ___FILE_ONLY___  
2026-05-07 14:15:52,691 INFO     ___FILE_ONLY___ connections
2026-05-07 14:15:52,691 INFO     ___FILE_ONLY___  
2026-05-07 14:15:52,692 INFO     ___FILE_ONLY___ to
2026-05-07 14:15:52,692 INFO     ___FILE_ONLY___  
2026-05-07 14:15:52,693 INFO     ___FILE_ONLY___ the
2026-05-07 14:15:52,693 INFO     ___FILE_ONLY___  
2026-05-07 14:15:52,694 INFO     ___FILE_ONLY___ service.
2026-05-07 14:15:52,694 INFO     ___FILE_ONLY___  
2026-05-07 14:15:52,694 INFO     ___FILE_ONLY___ Use
2026-05-07 14:15:52,695 INFO     ___FILE_ONLY___  
2026-05-07 14:15:52,695 INFO     ___FILE_ONLY___ --use-http2
2026-05-07 14:15:52,696 INFO     ___FILE_ONLY___ 

2026-05-07 14:15:52,697 INFO     ___FILE_ONLY___         
2026-05-07 14:15:52,697 INFO     ___FILE_ONLY___ to
2026-05-07 14:15:52,698 INFO     ___FILE_ONLY___  
2026-05-07 14:15:52,698 INFO     ___FILE_ONLY___ enable
2026-05-07 14:15:52,698 INFO     ___FILE_ONLY___  
2026-05-07 14:15:52,699 INFO     ___FILE_ONLY___ and
2026-05-07 14:15:52,699 INFO     ___FILE_ONLY___  
2026-05-07 14:15:52,700 INFO     ___FILE_ONLY___ --no-use-http2
2026-05-07 14:15:52,700 INFO     ___FILE_ONLY___  
2026-05-07 14:15:52,701 INFO     ___FILE_ONLY___ to
2026-05-07 14:15:52,701 INFO     ___FILE_ONLY___  
2026-05-07 14:15:52,702 INFO     ___FILE_ONLY___ disable.
2026-05-07 14:15:52,702 INFO     ___FILE_ONLY___ 

2026-05-07 14:15:52,702 INFO     ___FILE_ONLY___ 

2026-05-07 14:15:52,703 INFO     ___FILE_ONLY___     
2026-05-07 14:15:52,703 INFO     ___FILE_ONLY___  
2026-05-07 14:15:52,704 INFO     ___FILE_ONLY___ At
2026-05-07 14:15:52,704 INFO     ___FILE_ONLY___  
2026-05-07 14:15:52,705 INFO     ___FILE_ONLY___ most
2026-05-07 14:15:52,705 INFO     ___FILE_ONLY___  
2026-05-07 14:15:52,706 INFO     ___FILE_ONLY___ one
2026-05-07 14:15:52,706 INFO     ___FILE_ONLY___  
2026-05-07 14:15:52,707 INFO     ___FILE_ONLY___ of
2026-05-07 14:15:52,707 INFO     ___FILE_ONLY___  
2026-05-07 14:15:52,707 INFO     ___FILE_ONLY___ these
2026-05-07 14:15:52,708 INFO     ___FILE_ONLY___  
2026-05-07 14:15:52,708 INFO     ___FILE_ONLY___ can
2026-05-07 14:15:52,709 INFO     ___FILE_ONLY___  
2026-05-07 14:15:52,709 INFO     ___FILE_ONLY___ be
2026-05-07 14:15:52,710 INFO     ___FILE_ONLY___  
2026-05-07 14:15:52,710 INFO     ___FILE_ONLY___ specified:
2026-05-07 14:15:52,711 INFO     ___FILE_ONLY___ 

2026-05-07 14:15:52,711 INFO     ___FILE_ONLY___ 

2026-05-07 14:15:52,711 INFO     ___FILE_ONLY___        --base-image=BASE_IMAGE

2026-05-07 14:15:52,712 INFO     ___FILE_ONLY___          
2026-05-07 14:15:52,713 INFO     ___FILE_ONLY___  
2026-05-07 14:15:52,713 INFO     ___FILE_ONLY___ Specifies
2026-05-07 14:15:52,714 INFO     ___FILE_ONLY___  
2026-05-07 14:15:52,714 INFO     ___FILE_ONLY___ the
2026-05-07 14:15:52,715 INFO     ___FILE_ONLY___  
2026-05-07 14:15:52,715 INFO     ___FILE_ONLY___ base
2026-05-07 14:15:52,715 INFO     ___FILE_ONLY___  
2026-05-07 14:15:52,716 INFO     ___FILE_ONLY___ image
2026-05-07 14:15:52,716 INFO     ___FILE_ONLY___  
2026-05-07 14:15:52,717 INFO     ___FILE_ONLY___ to
2026-05-07 14:15:52,717 INFO     ___FILE_ONLY___  
2026-05-07 14:15:52,718 INFO     ___FILE_ONLY___ be
2026-05-07 14:15:52,718 INFO     ___FILE_ONLY___  
2026-05-07 14:15:52,719 INFO     ___FILE_ONLY___ used
2026-05-07 14:15:52,719 INFO     ___FILE_ONLY___  
2026-05-07 14:15:52,719 INFO     ___FILE_ONLY___ for
2026-05-07 14:15:52,720 INFO     ___FILE_ONLY___  
2026-05-07 14:15:52,720 INFO     ___FILE_ONLY___ automatic
2026-05-07 14:15:52,721 INFO     ___FILE_ONLY___  
2026-05-07 14:15:52,721 INFO     ___FILE_ONLY___ base
2026-05-07 14:15:52,722 INFO     ___FILE_ONLY___  
2026-05-07 14:15:52,722 INFO     ___FILE_ONLY___ image
2026-05-07 14:15:52,723 INFO     ___FILE_ONLY___  
2026-05-07 14:15:52,723 INFO     ___FILE_ONLY___ updates.
2026-05-07 14:15:52,723 INFO     ___FILE_ONLY___ 

2026-05-07 14:15:52,724 INFO     ___FILE_ONLY___           
2026-05-07 14:15:52,724 INFO     ___FILE_ONLY___ When
2026-05-07 14:15:52,725 INFO     ___FILE_ONLY___  
2026-05-07 14:15:52,725 INFO     ___FILE_ONLY___ deploying
2026-05-07 14:15:52,726 INFO     ___FILE_ONLY___  
2026-05-07 14:15:52,726 INFO     ___FILE_ONLY___ from
2026-05-07 14:15:52,726 INFO     ___FILE_ONLY___  
2026-05-07 14:15:52,727 INFO     ___FILE_ONLY___ source
2026-05-07 14:15:52,727 INFO     ___FILE_ONLY___  
2026-05-07 14:15:52,728 INFO     ___FILE_ONLY___ using
2026-05-07 14:15:52,728 INFO     ___FILE_ONLY___  
2026-05-07 14:15:52,729 INFO     ___FILE_ONLY___ the
2026-05-07 14:15:52,729 INFO     ___FILE_ONLY___  
2026-05-07 14:15:52,730 INFO     ___FILE_ONLY___ Google
2026-05-07 14:15:52,730 INFO     ___FILE_ONLY___  
2026-05-07 14:15:52,731 INFO     ___FILE_ONLY___ Cloud
2026-05-07 14:15:52,731 INFO     ___FILE_ONLY___  
2026-05-07 14:15:52,732 INFO     ___FILE_ONLY___ buildpacks,
2026-05-07 14:15:52,732 INFO     ___FILE_ONLY___  
2026-05-07 14:15:52,733 INFO     ___FILE_ONLY___ this
2026-05-07 14:15:52,733 INFO     ___FILE_ONLY___ 

2026-05-07 14:15:52,734 INFO     ___FILE_ONLY___           
2026-05-07 14:15:52,734 INFO     ___FILE_ONLY___ flag
2026-05-07 14:15:52,735 INFO     ___FILE_ONLY___  
2026-05-07 14:15:52,735 INFO     ___FILE_ONLY___ will
2026-05-07 14:15:52,735 INFO     ___FILE_ONLY___  
2026-05-07 14:15:52,736 INFO     ___FILE_ONLY___ also
2026-05-07 14:15:52,736 INFO     ___FILE_ONLY___  
2026-05-07 14:15:52,737 INFO     ___FILE_ONLY___ override
2026-05-07 14:15:52,737 INFO     ___FILE_ONLY___  
2026-05-07 14:15:52,737 INFO     ___FILE_ONLY___ the
2026-05-07 14:15:52,738 INFO     ___FILE_ONLY___  
2026-05-07 14:15:52,738 INFO     ___FILE_ONLY___ base
2026-05-07 14:15:52,739 INFO     ___FILE_ONLY___  
2026-05-07 14:15:52,739 INFO     ___FILE_ONLY___ image
2026-05-07 14:15:52,740 INFO     ___FILE_ONLY___  
2026-05-07 14:15:52,740 INFO     ___FILE_ONLY___ used
2026-05-07 14:15:52,740 INFO     ___FILE_ONLY___  
2026-05-07 14:15:52,741 INFO     ___FILE_ONLY___ for
2026-05-07 14:15:52,741 INFO     ___FILE_ONLY___  
2026-05-07 14:15:52,742 INFO     ___FILE_ONLY___ the
2026-05-07 14:15:52,742 INFO     ___FILE_ONLY___  
2026-05-07 14:15:52,742 INFO     ___FILE_ONLY___ application
2026-05-07 14:15:52,743 INFO     ___FILE_ONLY___ 

2026-05-07 14:15:52,743 INFO     ___FILE_ONLY___           
2026-05-07 14:15:52,744 INFO     ___FILE_ONLY___ image.
2026-05-07 14:15:52,744 INFO     ___FILE_ONLY___  
2026-05-07 14:15:52,744 INFO     ___FILE_ONLY___ See
2026-05-07 14:15:52,745 INFO     ___FILE_ONLY___ 

2026-05-07 14:15:52,745 INFO     ___FILE_ONLY___           
2026-05-07 14:15:52,746 INFO     ___FILE_ONLY___ https://cloud.google.com/run/docs/configuring/services/automatic-base-image-updates
2026-05-07 14:15:52,747 INFO     ___FILE_ONLY___ 

2026-05-07 14:15:52,747 INFO     ___FILE_ONLY___           
2026-05-07 14:15:52,748 INFO     ___FILE_ONLY___ for
2026-05-07 14:15:52,748 INFO     ___FILE_ONLY___  
2026-05-07 14:15:52,748 INFO     ___FILE_ONLY___ more
2026-05-07 14:15:52,749 INFO     ___FILE_ONLY___  
2026-05-07 14:15:52,749 INFO     ___FILE_ONLY___ details.
2026-05-07 14:15:52,750 INFO     ___FILE_ONLY___ 

2026-05-07 14:15:52,750 INFO     ___FILE_ONLY___ 

2026-05-07 14:15:52,751 INFO     ___FILE_ONLY___        --clear-base-image

2026-05-07 14:15:52,751 INFO     ___FILE_ONLY___          
2026-05-07 14:15:52,752 INFO     ___FILE_ONLY___  
2026-05-07 14:15:52,752 INFO     ___FILE_ONLY___ Opts
2026-05-07 14:15:52,752 INFO     ___FILE_ONLY___  
2026-05-07 14:15:52,753 INFO     ___FILE_ONLY___ out
2026-05-07 14:15:52,753 INFO     ___FILE_ONLY___  
2026-05-07 14:15:52,754 INFO     ___FILE_ONLY___ of
2026-05-07 14:15:52,754 INFO     ___FILE_ONLY___  
2026-05-07 14:15:52,755 INFO     ___FILE_ONLY___ automatic
2026-05-07 14:15:52,755 INFO     ___FILE_ONLY___  
2026-05-07 14:15:52,756 INFO     ___FILE_ONLY___ base
2026-05-07 14:15:52,756 INFO     ___FILE_ONLY___  
2026-05-07 14:15:52,756 INFO     ___FILE_ONLY___ image
2026-05-07 14:15:52,757 INFO     ___FILE_ONLY___  
2026-05-07 14:15:52,757 INFO     ___FILE_ONLY___ updates.
2026-05-07 14:15:52,758 INFO     ___FILE_ONLY___ 

2026-05-07 14:15:52,758 INFO     ___FILE_ONLY___ 

2026-05-07 14:15:52,759 INFO     ___FILE_ONLY___     
2026-05-07 14:15:52,759 INFO     ___FILE_ONLY___  
2026-05-07 14:15:52,760 INFO     ___FILE_ONLY___ At
2026-05-07 14:15:52,760 INFO     ___FILE_ONLY___  
2026-05-07 14:15:52,760 INFO     ___FILE_ONLY___ most
2026-05-07 14:15:52,761 INFO     ___FILE_ONLY___  
2026-05-07 14:15:52,761 INFO     ___FILE_ONLY___ one
2026-05-07 14:15:52,762 INFO     ___FILE_ONLY___  
2026-05-07 14:15:52,763 INFO     ___FILE_ONLY___ of
2026-05-07 14:15:52,763 INFO     ___FILE_ONLY___  
2026-05-07 14:15:52,764 INFO     ___FILE_ONLY___ these
2026-05-07 14:15:52,764 INFO     ___FILE_ONLY___  
2026-05-07 14:15:52,765 INFO     ___FILE_ONLY___ can
2026-05-07 14:15:52,765 INFO     ___FILE_ONLY___  
2026-05-07 14:15:52,766 INFO     ___FILE_ONLY___ be
2026-05-07 14:15:52,766 INFO     ___FILE_ONLY___  
2026-05-07 14:15:52,766 INFO     ___FILE_ONLY___ specified:
2026-05-07 14:15:52,767 INFO     ___FILE_ONLY___ 

2026-05-07 14:15:52,767 INFO     ___FILE_ONLY___ 

2026-05-07 14:15:52,768 INFO     ___FILE_ONLY___        --build-env-vars-file=FILE_PATH

2026-05-07 14:15:52,768 INFO     ___FILE_ONLY___          
2026-05-07 14:15:52,769 INFO     ___FILE_ONLY___  
2026-05-07 14:15:52,769 INFO     ___FILE_ONLY___ Path
2026-05-07 14:15:52,770 INFO     ___FILE_ONLY___  
2026-05-07 14:15:52,770 INFO     ___FILE_ONLY___ to
2026-05-07 14:15:52,771 INFO     ___FILE_ONLY___  
2026-05-07 14:15:52,771 INFO     ___FILE_ONLY___ a
2026-05-07 14:15:52,772 INFO     ___FILE_ONLY___  
2026-05-07 14:15:52,772 INFO     ___FILE_ONLY___ local
2026-05-07 14:15:52,772 INFO     ___FILE_ONLY___  
2026-05-07 14:15:52,773 INFO     ___FILE_ONLY___ YAML
2026-05-07 14:15:52,773 INFO     ___FILE_ONLY___  
2026-05-07 14:15:52,774 INFO     ___FILE_ONLY___ file
2026-05-07 14:15:52,774 INFO     ___FILE_ONLY___  
2026-05-07 14:15:52,775 INFO     ___FILE_ONLY___ with
2026-05-07 14:15:52,775 INFO     ___FILE_ONLY___  
2026-05-07 14:15:52,776 INFO     ___FILE_ONLY___ definitions
2026-05-07 14:15:52,776 INFO     ___FILE_ONLY___  
2026-05-07 14:15:52,776 INFO     ___FILE_ONLY___ for
2026-05-07 14:15:52,777 INFO     ___FILE_ONLY___  
2026-05-07 14:15:52,777 INFO     ___FILE_ONLY___ all
2026-05-07 14:15:52,778 INFO     ___FILE_ONLY___  
2026-05-07 14:15:52,778 INFO     ___FILE_ONLY___ build
2026-05-07 14:15:52,779 INFO     ___FILE_ONLY___  
2026-05-07 14:15:52,779 INFO     ___FILE_ONLY___ environment
2026-05-07 14:15:52,780 INFO     ___FILE_ONLY___ 

2026-05-07 14:15:52,780 INFO     ___FILE_ONLY___           
2026-05-07 14:15:52,781 INFO     ___FILE_ONLY___ variables.
2026-05-07 14:15:52,781 INFO     ___FILE_ONLY___  
2026-05-07 14:15:52,782 INFO     ___FILE_ONLY___ All
2026-05-07 14:15:52,782 INFO     ___FILE_ONLY___  
2026-05-07 14:15:52,782 INFO     ___FILE_ONLY___ existing
2026-05-07 14:15:52,783 INFO     ___FILE_ONLY___  
2026-05-07 14:15:52,783 INFO     ___FILE_ONLY___ build
2026-05-07 14:15:52,784 INFO     ___FILE_ONLY___  
2026-05-07 14:15:52,784 INFO     ___FILE_ONLY___ environment
2026-05-07 14:15:52,785 INFO     ___FILE_ONLY___  
2026-05-07 14:15:52,785 INFO     ___FILE_ONLY___ variables
2026-05-07 14:15:52,785 INFO     ___FILE_ONLY___  
2026-05-07 14:15:52,786 INFO     ___FILE_ONLY___ will
2026-05-07 14:15:52,786 INFO     ___FILE_ONLY___  
2026-05-07 14:15:52,787 INFO     ___FILE_ONLY___ be
2026-05-07 14:15:52,787 INFO     ___FILE_ONLY___  
2026-05-07 14:15:52,788 INFO     ___FILE_ONLY___ removed
2026-05-07 14:15:52,788 INFO     ___FILE_ONLY___ 

2026-05-07 14:15:52,789 INFO     ___FILE_ONLY___           
2026-05-07 14:15:52,789 INFO     ___FILE_ONLY___ before
2026-05-07 14:15:52,789 INFO     ___FILE_ONLY___  
2026-05-07 14:15:52,790 INFO     ___FILE_ONLY___ the
2026-05-07 14:15:52,790 INFO     ___FILE_ONLY___  
2026-05-07 14:15:52,791 INFO     ___FILE_ONLY___ new
2026-05-07 14:15:52,791 INFO     ___FILE_ONLY___  
2026-05-07 14:15:52,792 INFO     ___FILE_ONLY___ build
2026-05-07 14:15:52,792 INFO     ___FILE_ONLY___  
2026-05-07 14:15:52,793 INFO     ___FILE_ONLY___ environment
2026-05-07 14:15:52,793 INFO     ___FILE_ONLY___  
2026-05-07 14:15:52,793 INFO     ___FILE_ONLY___ variables
2026-05-07 14:15:52,794 INFO     ___FILE_ONLY___  
2026-05-07 14:15:52,794 INFO     ___FILE_ONLY___ are
2026-05-07 14:15:52,795 INFO     ___FILE_ONLY___  
2026-05-07 14:15:52,795 INFO     ___FILE_ONLY___ added.
2026-05-07 14:15:52,796 INFO     ___FILE_ONLY___  
2026-05-07 14:15:52,796 INFO     ___FILE_ONLY___ Example
2026-05-07 14:15:52,797 INFO     ___FILE_ONLY___  
2026-05-07 14:15:52,797 INFO     ___FILE_ONLY___ YAML
2026-05-07 14:15:52,798 INFO     ___FILE_ONLY___ 

2026-05-07 14:15:52,798 INFO     ___FILE_ONLY___           
2026-05-07 14:15:52,799 INFO     ___FILE_ONLY___ content:
2026-05-07 14:15:52,799 INFO     ___FILE_ONLY___ 

2026-05-07 14:15:52,800 INFO     ___FILE_ONLY___ 

2026-05-07 14:15:52,800 INFO     ___FILE_ONLY___               KEY_1: "value1"

2026-05-07 14:15:52,801 INFO     ___FILE_ONLY___               KEY_2: "value 2"

2026-05-07 14:15:52,801 INFO     ___FILE_ONLY___ 

2026-05-07 14:15:52,802 INFO     ___FILE_ONLY___        --clear-build-env-vars

2026-05-07 14:15:52,802 INFO     ___FILE_ONLY___          
2026-05-07 14:15:52,802 INFO     ___FILE_ONLY___  
2026-05-07 14:15:52,803 INFO     ___FILE_ONLY___ Remove
2026-05-07 14:15:52,803 INFO     ___FILE_ONLY___  
2026-05-07 14:15:52,804 INFO     ___FILE_ONLY___ all
2026-05-07 14:15:52,804 INFO     ___FILE_ONLY___  
2026-05-07 14:15:52,805 INFO     ___FILE_ONLY___ build
2026-05-07 14:15:52,805 INFO     ___FILE_ONLY___  
2026-05-07 14:15:52,806 INFO     ___FILE_ONLY___ environment
2026-05-07 14:15:52,806 INFO     ___FILE_ONLY___  
2026-05-07 14:15:52,806 INFO     ___FILE_ONLY___ variables.
2026-05-07 14:15:52,807 INFO     ___FILE_ONLY___ 

2026-05-07 14:15:52,807 INFO     ___FILE_ONLY___ 

2026-05-07 14:15:52,808 INFO     ___FILE_ONLY___        --set-build-env-vars=[KEY=VALUE,...]

2026-05-07 14:15:52,808 INFO     ___FILE_ONLY___          
2026-05-07 14:15:52,809 INFO     ___FILE_ONLY___  
2026-05-07 14:15:52,809 INFO     ___FILE_ONLY___ List
2026-05-07 14:15:52,810 INFO     ___FILE_ONLY___  
2026-05-07 14:15:52,810 INFO     ___FILE_ONLY___ of
2026-05-07 14:15:52,811 INFO     ___FILE_ONLY___  
2026-05-07 14:15:52,811 INFO     ___FILE_ONLY___ key-value
2026-05-07 14:15:52,811 INFO     ___FILE_ONLY___  
2026-05-07 14:15:52,812 INFO     ___FILE_ONLY___ pairs
2026-05-07 14:15:52,813 INFO     ___FILE_ONLY___  
2026-05-07 14:15:52,813 INFO     ___FILE_ONLY___ to
2026-05-07 14:15:52,814 INFO     ___FILE_ONLY___  
2026-05-07 14:15:52,814 INFO     ___FILE_ONLY___ set
2026-05-07 14:15:52,815 INFO     ___FILE_ONLY___  
2026-05-07 14:15:52,815 INFO     ___FILE_ONLY___ as
2026-05-07 14:15:52,816 INFO     ___FILE_ONLY___  
2026-05-07 14:15:52,816 INFO     ___FILE_ONLY___ build
2026-05-07 14:15:52,816 INFO     ___FILE_ONLY___  
2026-05-07 14:15:52,817 INFO     ___FILE_ONLY___ environment
2026-05-07 14:15:52,817 INFO     ___FILE_ONLY___  
2026-05-07 14:15:52,818 INFO     ___FILE_ONLY___ variables.
2026-05-07 14:15:52,818 INFO     ___FILE_ONLY___  
2026-05-07 14:15:52,819 INFO     ___FILE_ONLY___ All
2026-05-07 14:15:52,819 INFO     ___FILE_ONLY___ 

2026-05-07 14:15:52,820 INFO     ___FILE_ONLY___           
2026-05-07 14:15:52,820 INFO     ___FILE_ONLY___ existing
2026-05-07 14:15:52,821 INFO     ___FILE_ONLY___  
2026-05-07 14:15:52,821 INFO     ___FILE_ONLY___ build
2026-05-07 14:15:52,821 INFO     ___FILE_ONLY___  
2026-05-07 14:15:52,822 INFO     ___FILE_ONLY___ environment
2026-05-07 14:15:52,822 INFO     ___FILE_ONLY___  
2026-05-07 14:15:52,823 INFO     ___FILE_ONLY___ variables
2026-05-07 14:15:52,823 INFO     ___FILE_ONLY___  
2026-05-07 14:15:52,824 INFO     ___FILE_ONLY___ will
2026-05-07 14:15:52,824 INFO     ___FILE_ONLY___  
2026-05-07 14:15:52,824 INFO     ___FILE_ONLY___ be
2026-05-07 14:15:52,825 INFO     ___FILE_ONLY___  
2026-05-07 14:15:52,825 INFO     ___FILE_ONLY___ removed
2026-05-07 14:15:52,826 INFO     ___FILE_ONLY___  
2026-05-07 14:15:52,826 INFO     ___FILE_ONLY___ first.
2026-05-07 14:15:52,827 INFO     ___FILE_ONLY___ 

2026-05-07 14:15:52,827 INFO     ___FILE_ONLY___ 

2026-05-07 14:15:52,828 INFO     ___FILE_ONLY___       
2026-05-07 14:15:52,828 INFO     ___FILE_ONLY___  
2026-05-07 14:15:52,829 INFO     ___FILE_ONLY___ Or
2026-05-07 14:15:52,829 INFO     ___FILE_ONLY___  
2026-05-07 14:15:52,830 INFO     ___FILE_ONLY___ at
2026-05-07 14:15:52,830 INFO     ___FILE_ONLY___  
2026-05-07 14:15:52,831 INFO     ___FILE_ONLY___ least
2026-05-07 14:15:52,831 INFO     ___FILE_ONLY___  
2026-05-07 14:15:52,832 INFO     ___FILE_ONLY___ one
2026-05-07 14:15:52,832 INFO     ___FILE_ONLY___  
2026-05-07 14:15:52,833 INFO     ___FILE_ONLY___ of
2026-05-07 14:15:52,833 INFO     ___FILE_ONLY___  
2026-05-07 14:15:52,834 INFO     ___FILE_ONLY___ these
2026-05-07 14:15:52,834 INFO     ___FILE_ONLY___  
2026-05-07 14:15:52,834 INFO     ___FILE_ONLY___ can
2026-05-07 14:15:52,835 INFO     ___FILE_ONLY___  
2026-05-07 14:15:52,835 INFO     ___FILE_ONLY___ be
2026-05-07 14:15:52,836 INFO     ___FILE_ONLY___  
2026-05-07 14:15:52,836 INFO     ___FILE_ONLY___ specified:
2026-05-07 14:15:52,837 INFO     ___FILE_ONLY___ 

2026-05-07 14:15:52,837 INFO     ___FILE_ONLY___ 

2026-05-07 14:15:52,838 INFO     ___FILE_ONLY___         
2026-05-07 14:15:52,838 INFO     ___FILE_ONLY___  
2026-05-07 14:15:52,838 INFO     ___FILE_ONLY___ Only
2026-05-07 14:15:52,839 INFO     ___FILE_ONLY___  
2026-05-07 14:15:52,839 INFO     ___FILE_ONLY___ --update-build-env-vars
2026-05-07 14:15:52,840 INFO     ___FILE_ONLY___  
2026-05-07 14:15:52,840 INFO     ___FILE_ONLY___ and
2026-05-07 14:15:52,841 INFO     ___FILE_ONLY___  
2026-05-07 14:15:52,841 INFO     ___FILE_ONLY___ --remove-build-env-vars
2026-05-07 14:15:52,842 INFO     ___FILE_ONLY___  
2026-05-07 14:15:52,842 INFO     ___FILE_ONLY___ can
2026-05-07 14:15:52,842 INFO     ___FILE_ONLY___  
2026-05-07 14:15:52,843 INFO     ___FILE_ONLY___ be
2026-05-07 14:15:52,843 INFO     ___FILE_ONLY___  
2026-05-07 14:15:52,844 INFO     ___FILE_ONLY___ used
2026-05-07 14:15:52,844 INFO     ___FILE_ONLY___ 

2026-05-07 14:15:52,845 INFO     ___FILE_ONLY___          
2026-05-07 14:15:52,845 INFO     ___FILE_ONLY___ together.
2026-05-07 14:15:52,846 INFO     ___FILE_ONLY___  
2026-05-07 14:15:52,846 INFO     ___FILE_ONLY___ If
2026-05-07 14:15:52,847 INFO     ___FILE_ONLY___  
2026-05-07 14:15:52,847 INFO     ___FILE_ONLY___ both
2026-05-07 14:15:52,848 INFO     ___FILE_ONLY___  
2026-05-07 14:15:52,848 INFO     ___FILE_ONLY___ are
2026-05-07 14:15:52,848 INFO     ___FILE_ONLY___  
2026-05-07 14:15:52,849 INFO     ___FILE_ONLY___ specified,
2026-05-07 14:15:52,849 INFO     ___FILE_ONLY___  
2026-05-07 14:15:52,850 INFO     ___FILE_ONLY___ --remove-build-env-vars
2026-05-07 14:15:52,850 INFO     ___FILE_ONLY___  
2026-05-07 14:15:52,851 INFO     ___FILE_ONLY___ will
2026-05-07 14:15:52,851 INFO     ___FILE_ONLY___  
2026-05-07 14:15:52,852 INFO     ___FILE_ONLY___ be
2026-05-07 14:15:52,852 INFO     ___FILE_ONLY___ 

2026-05-07 14:15:52,853 INFO     ___FILE_ONLY___          
2026-05-07 14:15:52,853 INFO     ___FILE_ONLY___ applied
2026-05-07 14:15:52,853 INFO     ___FILE_ONLY___  
2026-05-07 14:15:52,854 INFO     ___FILE_ONLY___ first.
2026-05-07 14:15:52,854 INFO     ___FILE_ONLY___ 

2026-05-07 14:15:52,855 INFO     ___FILE_ONLY___ 

2026-05-07 14:15:52,855 INFO     ___FILE_ONLY___          --remove-build-env-vars=[KEY,...]

2026-05-07 14:15:52,856 INFO     ___FILE_ONLY___            
2026-05-07 14:15:52,856 INFO     ___FILE_ONLY___  
2026-05-07 14:15:52,857 INFO     ___FILE_ONLY___ List
2026-05-07 14:15:52,857 INFO     ___FILE_ONLY___  
2026-05-07 14:15:52,858 INFO     ___FILE_ONLY___ of
2026-05-07 14:15:52,858 INFO     ___FILE_ONLY___  
2026-05-07 14:15:52,858 INFO     ___FILE_ONLY___ build
2026-05-07 14:15:52,859 INFO     ___FILE_ONLY___  
2026-05-07 14:15:52,859 INFO     ___FILE_ONLY___ environment
2026-05-07 14:15:52,860 INFO     ___FILE_ONLY___  
2026-05-07 14:15:52,860 INFO     ___FILE_ONLY___ variables
2026-05-07 14:15:52,861 INFO     ___FILE_ONLY___  
2026-05-07 14:15:52,861 INFO     ___FILE_ONLY___ to
2026-05-07 14:15:52,862 INFO     ___FILE_ONLY___  
2026-05-07 14:15:52,862 INFO     ___FILE_ONLY___ be
2026-05-07 14:15:52,863 INFO     ___FILE_ONLY___  
2026-05-07 14:15:52,863 INFO     ___FILE_ONLY___ removed.
2026-05-07 14:15:52,864 INFO     ___FILE_ONLY___ 

2026-05-07 14:15:52,864 INFO     ___FILE_ONLY___ 

2026-05-07 14:15:52,865 INFO     ___FILE_ONLY___          --update-build-env-vars=[KEY=VALUE,...]

2026-05-07 14:15:52,865 INFO     ___FILE_ONLY___            
2026-05-07 14:15:52,866 INFO     ___FILE_ONLY___  
2026-05-07 14:15:52,866 INFO     ___FILE_ONLY___ List
2026-05-07 14:15:52,866 INFO     ___FILE_ONLY___  
2026-05-07 14:15:52,867 INFO     ___FILE_ONLY___ of
2026-05-07 14:15:52,867 INFO     ___FILE_ONLY___  
2026-05-07 14:15:52,868 INFO     ___FILE_ONLY___ key-value
2026-05-07 14:15:52,868 INFO     ___FILE_ONLY___  
2026-05-07 14:15:52,869 INFO     ___FILE_ONLY___ pairs
2026-05-07 14:15:52,869 INFO     ___FILE_ONLY___  
2026-05-07 14:15:52,869 INFO     ___FILE_ONLY___ to
2026-05-07 14:15:52,870 INFO     ___FILE_ONLY___  
2026-05-07 14:15:52,870 INFO     ___FILE_ONLY___ set
2026-05-07 14:15:52,871 INFO     ___FILE_ONLY___  
2026-05-07 14:15:52,871 INFO     ___FILE_ONLY___ as
2026-05-07 14:15:52,872 INFO     ___FILE_ONLY___  
2026-05-07 14:15:52,872 INFO     ___FILE_ONLY___ build
2026-05-07 14:15:52,872 INFO     ___FILE_ONLY___  
2026-05-07 14:15:52,873 INFO     ___FILE_ONLY___ environment
2026-05-07 14:15:52,873 INFO     ___FILE_ONLY___  
2026-05-07 14:15:52,874 INFO     ___FILE_ONLY___ variables.
2026-05-07 14:15:52,874 INFO     ___FILE_ONLY___ 

2026-05-07 14:15:52,875 INFO     ___FILE_ONLY___ 

2026-05-07 14:15:52,875 INFO     ___FILE_ONLY___     
2026-05-07 14:15:52,876 INFO     ___FILE_ONLY___  
2026-05-07 14:15:52,876 INFO     ___FILE_ONLY___ At
2026-05-07 14:15:52,877 INFO     ___FILE_ONLY___  
2026-05-07 14:15:52,877 INFO     ___FILE_ONLY___ most
2026-05-07 14:15:52,877 INFO     ___FILE_ONLY___  
2026-05-07 14:15:52,878 INFO     ___FILE_ONLY___ one
2026-05-07 14:15:52,878 INFO     ___FILE_ONLY___  
2026-05-07 14:15:52,879 INFO     ___FILE_ONLY___ of
2026-05-07 14:15:52,880 INFO     ___FILE_ONLY___  
2026-05-07 14:15:52,880 INFO     ___FILE_ONLY___ these
2026-05-07 14:15:52,881 INFO     ___FILE_ONLY___  
2026-05-07 14:15:52,881 INFO     ___FILE_ONLY___ can
2026-05-07 14:15:52,881 INFO     ___FILE_ONLY___  
2026-05-07 14:15:52,882 INFO     ___FILE_ONLY___ be
2026-05-07 14:15:52,882 INFO     ___FILE_ONLY___  
2026-05-07 14:15:52,883 INFO     ___FILE_ONLY___ specified:
2026-05-07 14:15:52,883 INFO     ___FILE_ONLY___ 

2026-05-07 14:15:52,884 INFO     ___FILE_ONLY___ 

2026-05-07 14:15:52,884 INFO     ___FILE_ONLY___        --build-service-account=BUILD_SERVICE_ACCOUNT

2026-05-07 14:15:52,885 INFO     ___FILE_ONLY___          
2026-05-07 14:15:52,885 INFO     ___FILE_ONLY___  
2026-05-07 14:15:52,886 INFO     ___FILE_ONLY___ Specifies
2026-05-07 14:15:52,886 INFO     ___FILE_ONLY___  
2026-05-07 14:15:52,886 INFO     ___FILE_ONLY___ the
2026-05-07 14:15:52,887 INFO     ___FILE_ONLY___  
2026-05-07 14:15:52,887 INFO     ___FILE_ONLY___ service
2026-05-07 14:15:52,888 INFO     ___FILE_ONLY___  
2026-05-07 14:15:52,888 INFO     ___FILE_ONLY___ account
2026-05-07 14:15:52,889 INFO     ___FILE_ONLY___  
2026-05-07 14:15:52,889 INFO     ___FILE_ONLY___ to
2026-05-07 14:15:52,889 INFO     ___FILE_ONLY___  
2026-05-07 14:15:52,890 INFO     ___FILE_ONLY___ use
2026-05-07 14:15:52,890 INFO     ___FILE_ONLY___  
2026-05-07 14:15:52,891 INFO     ___FILE_ONLY___ to
2026-05-07 14:15:52,891 INFO     ___FILE_ONLY___  
2026-05-07 14:15:52,892 INFO     ___FILE_ONLY___ execute
2026-05-07 14:15:52,892 INFO     ___FILE_ONLY___  
2026-05-07 14:15:52,893 INFO     ___FILE_ONLY___ the
2026-05-07 14:15:52,893 INFO     ___FILE_ONLY___  
2026-05-07 14:15:52,893 INFO     ___FILE_ONLY___ build.
2026-05-07 14:15:52,894 INFO     ___FILE_ONLY___  
2026-05-07 14:15:52,894 INFO     ___FILE_ONLY___ Applies
2026-05-07 14:15:52,895 INFO     ___FILE_ONLY___ 

2026-05-07 14:15:52,895 INFO     ___FILE_ONLY___           
2026-05-07 14:15:52,896 INFO     ___FILE_ONLY___ only
2026-05-07 14:15:52,896 INFO     ___FILE_ONLY___  
2026-05-07 14:15:52,897 INFO     ___FILE_ONLY___ to
2026-05-07 14:15:52,897 INFO     ___FILE_ONLY___  
2026-05-07 14:15:52,898 INFO     ___FILE_ONLY___ source
2026-05-07 14:15:52,898 INFO     ___FILE_ONLY___  
2026-05-07 14:15:52,899 INFO     ___FILE_ONLY___ deploy
2026-05-07 14:15:52,899 INFO     ___FILE_ONLY___  
2026-05-07 14:15:52,900 INFO     ___FILE_ONLY___ builds
2026-05-07 14:15:52,900 INFO     ___FILE_ONLY___  
2026-05-07 14:15:52,901 INFO     ___FILE_ONLY___ using
2026-05-07 14:15:52,901 INFO     ___FILE_ONLY___  
2026-05-07 14:15:52,901 INFO     ___FILE_ONLY___ the
2026-05-07 14:15:52,902 INFO     ___FILE_ONLY___  
2026-05-07 14:15:52,902 INFO     ___FILE_ONLY___ Build
2026-05-07 14:15:52,903 INFO     ___FILE_ONLY___  
2026-05-07 14:15:52,903 INFO     ___FILE_ONLY___ API.
2026-05-07 14:15:52,904 INFO     ___FILE_ONLY___ 

2026-05-07 14:15:52,904 INFO     ___FILE_ONLY___ 

2026-05-07 14:15:52,904 INFO     ___FILE_ONLY___        --clear-build-service-account

2026-05-07 14:15:52,905 INFO     ___FILE_ONLY___          
2026-05-07 14:15:52,905 INFO     ___FILE_ONLY___  
2026-05-07 14:15:52,906 INFO     ___FILE_ONLY___ Clears
2026-05-07 14:15:52,906 INFO     ___FILE_ONLY___  
2026-05-07 14:15:52,907 INFO     ___FILE_ONLY___ the
2026-05-07 14:15:52,907 INFO     ___FILE_ONLY___  
2026-05-07 14:15:52,908 INFO     ___FILE_ONLY___ Cloud
2026-05-07 14:15:52,908 INFO     ___FILE_ONLY___  
2026-05-07 14:15:52,908 INFO     ___FILE_ONLY___ Build
2026-05-07 14:15:52,909 INFO     ___FILE_ONLY___  
2026-05-07 14:15:52,909 INFO     ___FILE_ONLY___ service
2026-05-07 14:15:52,910 INFO     ___FILE_ONLY___  
2026-05-07 14:15:52,910 INFO     ___FILE_ONLY___ account
2026-05-07 14:15:52,911 INFO     ___FILE_ONLY___  
2026-05-07 14:15:52,911 INFO     ___FILE_ONLY___ field.
2026-05-07 14:15:52,912 INFO     ___FILE_ONLY___ 

2026-05-07 14:15:52,912 INFO     ___FILE_ONLY___ 

2026-05-07 14:15:52,913 INFO     ___FILE_ONLY___     
2026-05-07 14:15:52,913 INFO     ___FILE_ONLY___  
2026-05-07 14:15:52,914 INFO     ___FILE_ONLY___ At
2026-05-07 14:15:52,914 INFO     ___FILE_ONLY___  
2026-05-07 14:15:52,915 INFO     ___FILE_ONLY___ most
2026-05-07 14:15:52,915 INFO     ___FILE_ONLY___  
2026-05-07 14:15:52,916 INFO     ___FILE_ONLY___ one
2026-05-07 14:15:52,916 INFO     ___FILE_ONLY___  
2026-05-07 14:15:52,917 INFO     ___FILE_ONLY___ of
2026-05-07 14:15:52,917 INFO     ___FILE_ONLY___  
2026-05-07 14:15:52,918 INFO     ___FILE_ONLY___ these
2026-05-07 14:15:52,918 INFO     ___FILE_ONLY___  
2026-05-07 14:15:52,918 INFO     ___FILE_ONLY___ can
2026-05-07 14:15:52,919 INFO     ___FILE_ONLY___  
2026-05-07 14:15:52,919 INFO     ___FILE_ONLY___ be
2026-05-07 14:15:52,920 INFO     ___FILE_ONLY___  
2026-05-07 14:15:52,920 INFO     ___FILE_ONLY___ specified:
2026-05-07 14:15:52,921 INFO     ___FILE_ONLY___ 

2026-05-07 14:15:52,921 INFO     ___FILE_ONLY___ 

2026-05-07 14:15:52,922 INFO     ___FILE_ONLY___        --build-worker-pool=BUILD_WORKER_POOL

2026-05-07 14:15:52,922 INFO     ___FILE_ONLY___          
2026-05-07 14:15:52,922 INFO     ___FILE_ONLY___  
2026-05-07 14:15:52,923 INFO     ___FILE_ONLY___ Name
2026-05-07 14:15:52,923 INFO     ___FILE_ONLY___  
2026-05-07 14:15:52,924 INFO     ___FILE_ONLY___ of
2026-05-07 14:15:52,924 INFO     ___FILE_ONLY___  
2026-05-07 14:15:52,925 INFO     ___FILE_ONLY___ the
2026-05-07 14:15:52,925 INFO     ___FILE_ONLY___  
2026-05-07 14:15:52,926 INFO     ___FILE_ONLY___ Cloud
2026-05-07 14:15:52,926 INFO     ___FILE_ONLY___  
2026-05-07 14:15:52,926 INFO     ___FILE_ONLY___ Build
2026-05-07 14:15:52,927 INFO     ___FILE_ONLY___  
2026-05-07 14:15:52,927 INFO     ___FILE_ONLY___ Custom
2026-05-07 14:15:52,928 INFO     ___FILE_ONLY___  
2026-05-07 14:15:52,928 INFO     ___FILE_ONLY___ Worker
2026-05-07 14:15:52,929 INFO     ___FILE_ONLY___  
2026-05-07 14:15:52,930 INFO     ___FILE_ONLY___ Pool
2026-05-07 14:15:52,930 INFO     ___FILE_ONLY___  
2026-05-07 14:15:52,931 INFO     ___FILE_ONLY___ that
2026-05-07 14:15:52,931 INFO     ___FILE_ONLY___  
2026-05-07 14:15:52,931 INFO     ___FILE_ONLY___ should
2026-05-07 14:15:52,932 INFO     ___FILE_ONLY___  
2026-05-07 14:15:52,932 INFO     ___FILE_ONLY___ be
2026-05-07 14:15:52,933 INFO     ___FILE_ONLY___  
2026-05-07 14:15:52,933 INFO     ___FILE_ONLY___ used
2026-05-07 14:15:52,934 INFO     ___FILE_ONLY___  
2026-05-07 14:15:52,934 INFO     ___FILE_ONLY___ to
2026-05-07 14:15:52,935 INFO     ___FILE_ONLY___ 

2026-05-07 14:15:52,935 INFO     ___FILE_ONLY___           
2026-05-07 14:15:52,935 INFO     ___FILE_ONLY___ build
2026-05-07 14:15:52,936 INFO     ___FILE_ONLY___  
2026-05-07 14:15:52,936 INFO     ___FILE_ONLY___ the
2026-05-07 14:15:52,937 INFO     ___FILE_ONLY___  
2026-05-07 14:15:52,937 INFO     ___FILE_ONLY___ function.
2026-05-07 14:15:52,938 INFO     ___FILE_ONLY___  
2026-05-07 14:15:52,938 INFO     ___FILE_ONLY___ The
2026-05-07 14:15:52,939 INFO     ___FILE_ONLY___  
2026-05-07 14:15:52,939 INFO     ___FILE_ONLY___ format
2026-05-07 14:15:52,940 INFO     ___FILE_ONLY___  
2026-05-07 14:15:52,940 INFO     ___FILE_ONLY___ of
2026-05-07 14:15:52,940 INFO     ___FILE_ONLY___  
2026-05-07 14:15:52,941 INFO     ___FILE_ONLY___ this
2026-05-07 14:15:52,941 INFO     ___FILE_ONLY___  
2026-05-07 14:15:52,942 INFO     ___FILE_ONLY___ field
2026-05-07 14:15:52,942 INFO     ___FILE_ONLY___  
2026-05-07 14:15:52,943 INFO     ___FILE_ONLY___ is
2026-05-07 14:15:52,943 INFO     ___FILE_ONLY___ 

2026-05-07 14:15:52,944 INFO     ___FILE_ONLY___           
2026-05-07 14:15:52,944 INFO     ___FILE_ONLY___ projects/${PROJECT}/locations/${LOCATION}/workerPools/${WORKERPOOL}
2026-05-07 14:15:52,944 INFO     ___FILE_ONLY___ 

2026-05-07 14:15:52,945 INFO     ___FILE_ONLY___           
2026-05-07 14:15:52,945 INFO     ___FILE_ONLY___ where
2026-05-07 14:15:52,946 INFO     ___FILE_ONLY___  
2026-05-07 14:15:52,947 INFO     ___FILE_ONLY___ ${PROJECT}
2026-05-07 14:15:52,947 INFO     ___FILE_ONLY___  
2026-05-07 14:15:52,948 INFO     ___FILE_ONLY___ is
2026-05-07 14:15:52,948 INFO     ___FILE_ONLY___  
2026-05-07 14:15:52,948 INFO     ___FILE_ONLY___ the
2026-05-07 14:15:52,949 INFO     ___FILE_ONLY___  
2026-05-07 14:15:52,949 INFO     ___FILE_ONLY___ project
2026-05-07 14:15:52,950 INFO     ___FILE_ONLY___  
2026-05-07 14:15:52,950 INFO     ___FILE_ONLY___ id
2026-05-07 14:15:52,951 INFO     ___FILE_ONLY___  
2026-05-07 14:15:52,951 INFO     ___FILE_ONLY___ and
2026-05-07 14:15:52,952 INFO     ___FILE_ONLY___  
2026-05-07 14:15:52,952 INFO     ___FILE_ONLY___ ${LOCATION}
2026-05-07 14:15:52,952 INFO     ___FILE_ONLY___  
2026-05-07 14:15:52,953 INFO     ___FILE_ONLY___ is
2026-05-07 14:15:52,953 INFO     ___FILE_ONLY___  
2026-05-07 14:15:52,954 INFO     ___FILE_ONLY___ the
2026-05-07 14:15:52,954 INFO     ___FILE_ONLY___  
2026-05-07 14:15:52,955 INFO     ___FILE_ONLY___ location
2026-05-07 14:15:52,955 INFO     ___FILE_ONLY___ 

2026-05-07 14:15:52,956 INFO     ___FILE_ONLY___           
2026-05-07 14:15:52,956 INFO     ___FILE_ONLY___ where
2026-05-07 14:15:52,956 INFO     ___FILE_ONLY___  
2026-05-07 14:15:52,957 INFO     ___FILE_ONLY___ the
2026-05-07 14:15:52,957 INFO     ___FILE_ONLY___  
2026-05-07 14:15:52,958 INFO     ___FILE_ONLY___ worker
2026-05-07 14:15:52,958 INFO     ___FILE_ONLY___  
2026-05-07 14:15:52,959 INFO     ___FILE_ONLY___ pool
2026-05-07 14:15:52,959 INFO     ___FILE_ONLY___  
2026-05-07 14:15:52,960 INFO     ___FILE_ONLY___ is
2026-05-07 14:15:52,960 INFO     ___FILE_ONLY___  
2026-05-07 14:15:52,961 INFO     ___FILE_ONLY___ defined
2026-05-07 14:15:52,961 INFO     ___FILE_ONLY___  
2026-05-07 14:15:52,961 INFO     ___FILE_ONLY___ and
2026-05-07 14:15:52,962 INFO     ___FILE_ONLY___  
2026-05-07 14:15:52,963 INFO     ___FILE_ONLY___ ${WORKERPOOL}
2026-05-07 14:15:52,963 INFO     ___FILE_ONLY___  
2026-05-07 14:15:52,964 INFO     ___FILE_ONLY___ is
2026-05-07 14:15:52,964 INFO     ___FILE_ONLY___  
2026-05-07 14:15:52,965 INFO     ___FILE_ONLY___ the
2026-05-07 14:15:52,965 INFO     ___FILE_ONLY___  
2026-05-07 14:15:52,966 INFO     ___FILE_ONLY___ short
2026-05-07 14:15:52,966 INFO     ___FILE_ONLY___  
2026-05-07 14:15:52,967 INFO     ___FILE_ONLY___ name
2026-05-07 14:15:52,967 INFO     ___FILE_ONLY___ 

2026-05-07 14:15:52,968 INFO     ___FILE_ONLY___           
2026-05-07 14:15:52,968 INFO     ___FILE_ONLY___ of
2026-05-07 14:15:52,969 INFO     ___FILE_ONLY___  
2026-05-07 14:15:52,969 INFO     ___FILE_ONLY___ the
2026-05-07 14:15:52,970 INFO     ___FILE_ONLY___  
2026-05-07 14:15:52,970 INFO     ___FILE_ONLY___ worker
2026-05-07 14:15:52,970 INFO     ___FILE_ONLY___  
2026-05-07 14:15:52,971 INFO     ___FILE_ONLY___ pool.
2026-05-07 14:15:52,971 INFO     ___FILE_ONLY___ 

2026-05-07 14:15:52,972 INFO     ___FILE_ONLY___ 

2026-05-07 14:15:52,972 INFO     ___FILE_ONLY___        --clear-build-worker-pool

2026-05-07 14:15:52,973 INFO     ___FILE_ONLY___          
2026-05-07 14:15:52,973 INFO     ___FILE_ONLY___  
2026-05-07 14:15:52,974 INFO     ___FILE_ONLY___ Clears
2026-05-07 14:15:52,974 INFO     ___FILE_ONLY___  
2026-05-07 14:15:52,974 INFO     ___FILE_ONLY___ the
2026-05-07 14:15:52,975 INFO     ___FILE_ONLY___  
2026-05-07 14:15:52,975 INFO     ___FILE_ONLY___ Cloud
2026-05-07 14:15:52,976 INFO     ___FILE_ONLY___  
2026-05-07 14:15:52,976 INFO     ___FILE_ONLY___ Build
2026-05-07 14:15:52,977 INFO     ___FILE_ONLY___  
2026-05-07 14:15:52,977 INFO     ___FILE_ONLY___ Custom
2026-05-07 14:15:52,977 INFO     ___FILE_ONLY___  
2026-05-07 14:15:52,978 INFO     ___FILE_ONLY___ Worker
2026-05-07 14:15:52,979 INFO     ___FILE_ONLY___  
2026-05-07 14:15:52,979 INFO     ___FILE_ONLY___ Pool
2026-05-07 14:15:52,980 INFO     ___FILE_ONLY___  
2026-05-07 14:15:52,980 INFO     ___FILE_ONLY___ field.
2026-05-07 14:15:52,981 INFO     ___FILE_ONLY___ 

2026-05-07 14:15:52,981 INFO     ___FILE_ONLY___ 

2026-05-07 14:15:52,982 INFO     ___FILE_ONLY___     
2026-05-07 14:15:52,982 INFO     ___FILE_ONLY___  
2026-05-07 14:15:52,982 INFO     ___FILE_ONLY___ At
2026-05-07 14:15:52,983 INFO     ___FILE_ONLY___  
2026-05-07 14:15:52,983 INFO     ___FILE_ONLY___ most
2026-05-07 14:15:52,984 INFO     ___FILE_ONLY___  
2026-05-07 14:15:52,984 INFO     ___FILE_ONLY___ one
2026-05-07 14:15:52,985 INFO     ___FILE_ONLY___  
2026-05-07 14:15:52,985 INFO     ___FILE_ONLY___ of
2026-05-07 14:15:52,986 INFO     ___FILE_ONLY___  
2026-05-07 14:15:52,986 INFO     ___FILE_ONLY___ these
2026-05-07 14:15:52,986 INFO     ___FILE_ONLY___  
2026-05-07 14:15:52,987 INFO     ___FILE_ONLY___ can
2026-05-07 14:15:52,987 INFO     ___FILE_ONLY___  
2026-05-07 14:15:52,988 INFO     ___FILE_ONLY___ be
2026-05-07 14:15:52,988 INFO     ___FILE_ONLY___  
2026-05-07 14:15:52,989 INFO     ___FILE_ONLY___ specified:
2026-05-07 14:15:52,989 INFO     ___FILE_ONLY___ 

2026-05-07 14:15:52,990 INFO     ___FILE_ONLY___ 

2026-05-07 14:15:52,990 INFO     ___FILE_ONLY___        --clear-env-vars

2026-05-07 14:15:52,990 INFO     ___FILE_ONLY___          
2026-05-07 14:15:52,991 INFO     ___FILE_ONLY___  
2026-05-07 14:15:52,991 INFO     ___FILE_ONLY___ Remove
2026-05-07 14:15:52,992 INFO     ___FILE_ONLY___  
2026-05-07 14:15:52,992 INFO     ___FILE_ONLY___ all
2026-05-07 14:15:52,993 INFO     ___FILE_ONLY___  
2026-05-07 14:15:52,993 INFO     ___FILE_ONLY___ environment
2026-05-07 14:15:52,994 INFO     ___FILE_ONLY___  
2026-05-07 14:15:52,994 INFO     ___FILE_ONLY___ variables.
2026-05-07 14:15:52,994 INFO     ___FILE_ONLY___ 

2026-05-07 14:15:52,995 INFO     ___FILE_ONLY___ 

2026-05-07 14:15:52,995 INFO     ___FILE_ONLY___        --env-vars-file=FILE_PATH

2026-05-07 14:15:52,996 INFO     ___FILE_ONLY___          
2026-05-07 14:15:52,997 INFO     ___FILE_ONLY___  
2026-05-07 14:15:52,997 INFO     ___FILE_ONLY___ Path
2026-05-07 14:15:52,998 INFO     ___FILE_ONLY___  
2026-05-07 14:15:52,998 INFO     ___FILE_ONLY___ to
2026-05-07 14:15:52,999 INFO     ___FILE_ONLY___  
2026-05-07 14:15:52,999 INFO     ___FILE_ONLY___ a
2026-05-07 14:15:52,999 INFO     ___FILE_ONLY___  
2026-05-07 14:15:53,000 INFO     ___FILE_ONLY___ local
2026-05-07 14:15:53,000 INFO     ___FILE_ONLY___  
2026-05-07 14:15:53,001 INFO     ___FILE_ONLY___ YAML
2026-05-07 14:15:53,001 INFO     ___FILE_ONLY___  
2026-05-07 14:15:53,002 INFO     ___FILE_ONLY___ or
2026-05-07 14:15:53,002 INFO     ___FILE_ONLY___  
2026-05-07 14:15:53,003 INFO     ___FILE_ONLY___ ENV
2026-05-07 14:15:53,003 INFO     ___FILE_ONLY___  
2026-05-07 14:15:53,003 INFO     ___FILE_ONLY___ file
2026-05-07 14:15:53,004 INFO     ___FILE_ONLY___  
2026-05-07 14:15:53,004 INFO     ___FILE_ONLY___ with
2026-05-07 14:15:53,005 INFO     ___FILE_ONLY___  
2026-05-07 14:15:53,005 INFO     ___FILE_ONLY___ definitions
2026-05-07 14:15:53,006 INFO     ___FILE_ONLY___  
2026-05-07 14:15:53,006 INFO     ___FILE_ONLY___ for
2026-05-07 14:15:53,007 INFO     ___FILE_ONLY___  
2026-05-07 14:15:53,007 INFO     ___FILE_ONLY___ all
2026-05-07 14:15:53,007 INFO     ___FILE_ONLY___  
2026-05-07 14:15:53,008 INFO     ___FILE_ONLY___ environment
2026-05-07 14:15:53,008 INFO     ___FILE_ONLY___ 

2026-05-07 14:15:53,009 INFO     ___FILE_ONLY___           
2026-05-07 14:15:53,009 INFO     ___FILE_ONLY___ variables.
2026-05-07 14:15:53,010 INFO     ___FILE_ONLY___  
2026-05-07 14:15:53,010 INFO     ___FILE_ONLY___ All
2026-05-07 14:15:53,011 INFO     ___FILE_ONLY___  
2026-05-07 14:15:53,011 INFO     ___FILE_ONLY___ existing
2026-05-07 14:15:53,011 INFO     ___FILE_ONLY___  
2026-05-07 14:15:53,012 INFO     ___FILE_ONLY___ environment
2026-05-07 14:15:53,013 INFO     ___FILE_ONLY___  
2026-05-07 14:15:53,013 INFO     ___FILE_ONLY___ variables
2026-05-07 14:15:53,014 INFO     ___FILE_ONLY___  
2026-05-07 14:15:53,014 INFO     ___FILE_ONLY___ will
2026-05-07 14:15:53,015 INFO     ___FILE_ONLY___  
2026-05-07 14:15:53,015 INFO     ___FILE_ONLY___ be
2026-05-07 14:15:53,016 INFO     ___FILE_ONLY___  
2026-05-07 14:15:53,016 INFO     ___FILE_ONLY___ removed
2026-05-07 14:15:53,016 INFO     ___FILE_ONLY___  
2026-05-07 14:15:53,017 INFO     ___FILE_ONLY___ before
2026-05-07 14:15:53,017 INFO     ___FILE_ONLY___ 

2026-05-07 14:15:53,018 INFO     ___FILE_ONLY___           
2026-05-07 14:15:53,018 INFO     ___FILE_ONLY___ the
2026-05-07 14:15:53,019 INFO     ___FILE_ONLY___  
2026-05-07 14:15:53,019 INFO     ___FILE_ONLY___ new
2026-05-07 14:15:53,020 INFO     ___FILE_ONLY___  
2026-05-07 14:15:53,020 INFO     ___FILE_ONLY___ environment
2026-05-07 14:15:53,020 INFO     ___FILE_ONLY___  
2026-05-07 14:15:53,021 INFO     ___FILE_ONLY___ variables
2026-05-07 14:15:53,021 INFO     ___FILE_ONLY___  
2026-05-07 14:15:53,022 INFO     ___FILE_ONLY___ are
2026-05-07 14:15:53,022 INFO     ___FILE_ONLY___  
2026-05-07 14:15:53,023 INFO     ___FILE_ONLY___ added.
2026-05-07 14:15:53,023 INFO     ___FILE_ONLY___  
2026-05-07 14:15:53,024 INFO     ___FILE_ONLY___ Example
2026-05-07 14:15:53,024 INFO     ___FILE_ONLY___  
2026-05-07 14:15:53,024 INFO     ___FILE_ONLY___ YAML
2026-05-07 14:15:53,025 INFO     ___FILE_ONLY___  
2026-05-07 14:15:53,025 INFO     ___FILE_ONLY___ content:
2026-05-07 14:15:53,026 INFO     ___FILE_ONLY___ 

2026-05-07 14:15:53,026 INFO     ___FILE_ONLY___ 

2026-05-07 14:15:53,027 INFO     ___FILE_ONLY___               KEY_1: "value1"

2026-05-07 14:15:53,027 INFO     ___FILE_ONLY___               KEY_2: "value 2"

2026-05-07 14:15:53,028 INFO     ___FILE_ONLY___ 

2026-05-07 14:15:53,028 INFO     ___FILE_ONLY___          
2026-05-07 14:15:53,029 INFO     ___FILE_ONLY___  
2026-05-07 14:15:53,029 INFO     ___FILE_ONLY___ Example
2026-05-07 14:15:53,030 INFO     ___FILE_ONLY___  
2026-05-07 14:15:53,030 INFO     ___FILE_ONLY___ ENV
2026-05-07 14:15:53,031 INFO     ___FILE_ONLY___  
2026-05-07 14:15:53,031 INFO     ___FILE_ONLY___ content:
2026-05-07 14:15:53,032 INFO     ___FILE_ONLY___ 

2026-05-07 14:15:53,032 INFO     ___FILE_ONLY___ 

2026-05-07 14:15:53,033 INFO     ___FILE_ONLY___               KEY_1="value1"

2026-05-07 14:15:53,033 INFO     ___FILE_ONLY___               KEY_2="value 2"

2026-05-07 14:15:53,033 INFO     ___FILE_ONLY___ 

2026-05-07 14:15:53,034 INFO     ___FILE_ONLY___        --set-env-vars=[KEY=VALUE,...]

2026-05-07 14:15:53,034 INFO     ___FILE_ONLY___          
2026-05-07 14:15:53,035 INFO     ___FILE_ONLY___  
2026-05-07 14:15:53,035 INFO     ___FILE_ONLY___ List
2026-05-07 14:15:53,036 INFO     ___FILE_ONLY___  
2026-05-07 14:15:53,036 INFO     ___FILE_ONLY___ of
2026-05-07 14:15:53,037 INFO     ___FILE_ONLY___  
2026-05-07 14:15:53,037 INFO     ___FILE_ONLY___ key-value
2026-05-07 14:15:53,038 INFO     ___FILE_ONLY___  
2026-05-07 14:15:53,038 INFO     ___FILE_ONLY___ pairs
2026-05-07 14:15:53,038 INFO     ___FILE_ONLY___  
2026-05-07 14:15:53,039 INFO     ___FILE_ONLY___ to
2026-05-07 14:15:53,039 INFO     ___FILE_ONLY___  
2026-05-07 14:15:53,040 INFO     ___FILE_ONLY___ set
2026-05-07 14:15:53,040 INFO     ___FILE_ONLY___  
2026-05-07 14:15:53,041 INFO     ___FILE_ONLY___ as
2026-05-07 14:15:53,041 INFO     ___FILE_ONLY___  
2026-05-07 14:15:53,042 INFO     ___FILE_ONLY___ environment
2026-05-07 14:15:53,042 INFO     ___FILE_ONLY___  
2026-05-07 14:15:53,042 INFO     ___FILE_ONLY___ variables.
2026-05-07 14:15:53,043 INFO     ___FILE_ONLY___  
2026-05-07 14:15:53,043 INFO     ___FILE_ONLY___ All
2026-05-07 14:15:53,044 INFO     ___FILE_ONLY___  
2026-05-07 14:15:53,044 INFO     ___FILE_ONLY___ existing
2026-05-07 14:15:53,045 INFO     ___FILE_ONLY___ 

2026-05-07 14:15:53,045 INFO     ___FILE_ONLY___           
2026-05-07 14:15:53,046 INFO     ___FILE_ONLY___ environment
2026-05-07 14:15:53,046 INFO     ___FILE_ONLY___  
2026-05-07 14:15:53,047 INFO     ___FILE_ONLY___ variables
2026-05-07 14:15:53,047 INFO     ___FILE_ONLY___  
2026-05-07 14:15:53,048 INFO     ___FILE_ONLY___ will
2026-05-07 14:15:53,048 INFO     ___FILE_ONLY___  
2026-05-07 14:15:53,049 INFO     ___FILE_ONLY___ be
2026-05-07 14:15:53,049 INFO     ___FILE_ONLY___  
2026-05-07 14:15:53,050 INFO     ___FILE_ONLY___ removed
2026-05-07 14:15:53,050 INFO     ___FILE_ONLY___  
2026-05-07 14:15:53,050 INFO     ___FILE_ONLY___ first.
2026-05-07 14:15:53,051 INFO     ___FILE_ONLY___ 

2026-05-07 14:15:53,051 INFO     ___FILE_ONLY___ 

2026-05-07 14:15:53,052 INFO     ___FILE_ONLY___       
2026-05-07 14:15:53,052 INFO     ___FILE_ONLY___  
2026-05-07 14:15:53,053 INFO     ___FILE_ONLY___ Or
2026-05-07 14:15:53,053 INFO     ___FILE_ONLY___  
2026-05-07 14:15:53,054 INFO     ___FILE_ONLY___ at
2026-05-07 14:15:53,054 INFO     ___FILE_ONLY___  
2026-05-07 14:15:53,054 INFO     ___FILE_ONLY___ least
2026-05-07 14:15:53,055 INFO     ___FILE_ONLY___  
2026-05-07 14:15:53,055 INFO     ___FILE_ONLY___ one
2026-05-07 14:15:53,056 INFO     ___FILE_ONLY___  
2026-05-07 14:15:53,056 INFO     ___FILE_ONLY___ of
2026-05-07 14:15:53,057 INFO     ___FILE_ONLY___  
2026-05-07 14:15:53,057 INFO     ___FILE_ONLY___ these
2026-05-07 14:15:53,058 INFO     ___FILE_ONLY___  
2026-05-07 14:15:53,058 INFO     ___FILE_ONLY___ can
2026-05-07 14:15:53,059 INFO     ___FILE_ONLY___  
2026-05-07 14:15:53,059 INFO     ___FILE_ONLY___ be
2026-05-07 14:15:53,059 INFO     ___FILE_ONLY___  
2026-05-07 14:15:53,060 INFO     ___FILE_ONLY___ specified:
2026-05-07 14:15:53,060 INFO     ___FILE_ONLY___ 

2026-05-07 14:15:53,061 INFO     ___FILE_ONLY___ 

2026-05-07 14:15:53,061 INFO     ___FILE_ONLY___         
2026-05-07 14:15:53,062 INFO     ___FILE_ONLY___  
2026-05-07 14:15:53,062 INFO     ___FILE_ONLY___ Only
2026-05-07 14:15:53,063 INFO     ___FILE_ONLY___  
2026-05-07 14:15:53,064 INFO     ___FILE_ONLY___ --update-env-vars
2026-05-07 14:15:53,064 INFO     ___FILE_ONLY___  
2026-05-07 14:15:53,064 INFO     ___FILE_ONLY___ and
2026-05-07 14:15:53,065 INFO     ___FILE_ONLY___  
2026-05-07 14:15:53,065 INFO     ___FILE_ONLY___ --remove-env-vars
2026-05-07 14:15:53,066 INFO     ___FILE_ONLY___  
2026-05-07 14:15:53,066 INFO     ___FILE_ONLY___ can
2026-05-07 14:15:53,067 INFO     ___FILE_ONLY___  
2026-05-07 14:15:53,067 INFO     ___FILE_ONLY___ be
2026-05-07 14:15:53,068 INFO     ___FILE_ONLY___  
2026-05-07 14:15:53,068 INFO     ___FILE_ONLY___ used
2026-05-07 14:15:53,068 INFO     ___FILE_ONLY___  
2026-05-07 14:15:53,069 INFO     ___FILE_ONLY___ together.
2026-05-07 14:15:53,069 INFO     ___FILE_ONLY___  
2026-05-07 14:15:53,070 INFO     ___FILE_ONLY___ If
2026-05-07 14:15:53,070 INFO     ___FILE_ONLY___ 

2026-05-07 14:15:53,071 INFO     ___FILE_ONLY___          
2026-05-07 14:15:53,071 INFO     ___FILE_ONLY___ both
2026-05-07 14:15:53,072 INFO     ___FILE_ONLY___  
2026-05-07 14:15:53,072 INFO     ___FILE_ONLY___ are
2026-05-07 14:15:53,072 INFO     ___FILE_ONLY___  
2026-05-07 14:15:53,073 INFO     ___FILE_ONLY___ specified,
2026-05-07 14:15:53,073 INFO     ___FILE_ONLY___  
2026-05-07 14:15:53,074 INFO     ___FILE_ONLY___ --remove-env-vars
2026-05-07 14:15:53,074 INFO     ___FILE_ONLY___  
2026-05-07 14:15:53,075 INFO     ___FILE_ONLY___ will
2026-05-07 14:15:53,075 INFO     ___FILE_ONLY___  
2026-05-07 14:15:53,076 INFO     ___FILE_ONLY___ be
2026-05-07 14:15:53,076 INFO     ___FILE_ONLY___  
2026-05-07 14:15:53,076 INFO     ___FILE_ONLY___ applied
2026-05-07 14:15:53,077 INFO     ___FILE_ONLY___  
2026-05-07 14:15:53,077 INFO     ___FILE_ONLY___ first.
2026-05-07 14:15:53,078 INFO     ___FILE_ONLY___ 

2026-05-07 14:15:53,078 INFO     ___FILE_ONLY___ 

2026-05-07 14:15:53,079 INFO     ___FILE_ONLY___          --remove-env-vars=[KEY,...]

2026-05-07 14:15:53,079 INFO     ___FILE_ONLY___            
2026-05-07 14:15:53,080 INFO     ___FILE_ONLY___  
2026-05-07 14:15:53,081 INFO     ___FILE_ONLY___ List
2026-05-07 14:15:53,081 INFO     ___FILE_ONLY___  
2026-05-07 14:15:53,082 INFO     ___FILE_ONLY___ of
2026-05-07 14:15:53,082 INFO     ___FILE_ONLY___  
2026-05-07 14:15:53,082 INFO     ___FILE_ONLY___ environment
2026-05-07 14:15:53,083 INFO     ___FILE_ONLY___  
2026-05-07 14:15:53,083 INFO     ___FILE_ONLY___ variables
2026-05-07 14:15:53,084 INFO     ___FILE_ONLY___  
2026-05-07 14:15:53,084 INFO     ___FILE_ONLY___ to
2026-05-07 14:15:53,085 INFO     ___FILE_ONLY___  
2026-05-07 14:15:53,085 INFO     ___FILE_ONLY___ be
2026-05-07 14:15:53,086 INFO     ___FILE_ONLY___  
2026-05-07 14:15:53,086 INFO     ___FILE_ONLY___ removed.
2026-05-07 14:15:53,087 INFO     ___FILE_ONLY___ 

2026-05-07 14:15:53,087 INFO     ___FILE_ONLY___ 

2026-05-07 14:15:53,087 INFO     ___FILE_ONLY___          --update-env-vars=[KEY=VALUE,...]

2026-05-07 14:15:53,088 INFO     ___FILE_ONLY___            
2026-05-07 14:15:53,088 INFO     ___FILE_ONLY___  
2026-05-07 14:15:53,089 INFO     ___FILE_ONLY___ List
2026-05-07 14:15:53,089 INFO     ___FILE_ONLY___  
2026-05-07 14:15:53,090 INFO     ___FILE_ONLY___ of
2026-05-07 14:15:53,090 INFO     ___FILE_ONLY___  
2026-05-07 14:15:53,091 INFO     ___FILE_ONLY___ key-value
2026-05-07 14:15:53,091 INFO     ___FILE_ONLY___  
2026-05-07 14:15:53,092 INFO     ___FILE_ONLY___ pairs
2026-05-07 14:15:53,092 INFO     ___FILE_ONLY___  
2026-05-07 14:15:53,092 INFO     ___FILE_ONLY___ to
2026-05-07 14:15:53,093 INFO     ___FILE_ONLY___  
2026-05-07 14:15:53,093 INFO     ___FILE_ONLY___ set
2026-05-07 14:15:53,094 INFO     ___FILE_ONLY___  
2026-05-07 14:15:53,094 INFO     ___FILE_ONLY___ as
2026-05-07 14:15:53,095 INFO     ___FILE_ONLY___  
2026-05-07 14:15:53,095 INFO     ___FILE_ONLY___ environment
2026-05-07 14:15:53,096 INFO     ___FILE_ONLY___  
2026-05-07 14:15:53,097 INFO     ___FILE_ONLY___ variables.
2026-05-07 14:15:53,097 INFO     ___FILE_ONLY___ 

2026-05-07 14:15:53,098 INFO     ___FILE_ONLY___ 

2026-05-07 14:15:53,098 INFO     ___FILE_ONLY___     
2026-05-07 14:15:53,099 INFO     ___FILE_ONLY___  
2026-05-07 14:15:53,099 INFO     ___FILE_ONLY___ Specify
2026-05-07 14:15:53,099 INFO     ___FILE_ONLY___  
2026-05-07 14:15:53,100 INFO     ___FILE_ONLY___ secrets
2026-05-07 14:15:53,100 INFO     ___FILE_ONLY___  
2026-05-07 14:15:53,101 INFO     ___FILE_ONLY___ to
2026-05-07 14:15:53,101 INFO     ___FILE_ONLY___  
2026-05-07 14:15:53,102 INFO     ___FILE_ONLY___ mount
2026-05-07 14:15:53,102 INFO     ___FILE_ONLY___  
2026-05-07 14:15:53,103 INFO     ___FILE_ONLY___ or
2026-05-07 14:15:53,103 INFO     ___FILE_ONLY___  
2026-05-07 14:15:53,103 INFO     ___FILE_ONLY___ provide
2026-05-07 14:15:53,104 INFO     ___FILE_ONLY___  
2026-05-07 14:15:53,104 INFO     ___FILE_ONLY___ as
2026-05-07 14:15:53,105 INFO     ___FILE_ONLY___  
2026-05-07 14:15:53,105 INFO     ___FILE_ONLY___ environment
2026-05-07 14:15:53,106 INFO     ___FILE_ONLY___  
2026-05-07 14:15:53,106 INFO     ___FILE_ONLY___ variables.
2026-05-07 14:15:53,107 INFO     ___FILE_ONLY___  
2026-05-07 14:15:53,107 INFO     ___FILE_ONLY___ Keys
2026-05-07 14:15:53,108 INFO     ___FILE_ONLY___ 

2026-05-07 14:15:53,108 INFO     ___FILE_ONLY___      
2026-05-07 14:15:53,108 INFO     ___FILE_ONLY___ starting
2026-05-07 14:15:53,109 INFO     ___FILE_ONLY___  
2026-05-07 14:15:53,109 INFO     ___FILE_ONLY___ with
2026-05-07 14:15:53,110 INFO     ___FILE_ONLY___  
2026-05-07 14:15:53,110 INFO     ___FILE_ONLY___ a
2026-05-07 14:15:53,111 INFO     ___FILE_ONLY___  
2026-05-07 14:15:53,111 INFO     ___FILE_ONLY___ forward
2026-05-07 14:15:53,111 INFO     ___FILE_ONLY___  
2026-05-07 14:15:53,112 INFO     ___FILE_ONLY___ slash
2026-05-07 14:15:53,113 INFO     ___FILE_ONLY___  
2026-05-07 14:15:53,113 INFO     ___FILE_ONLY___ '/'
2026-05-07 14:15:53,114 INFO     ___FILE_ONLY___  
2026-05-07 14:15:53,114 INFO     ___FILE_ONLY___ are
2026-05-07 14:15:53,115 INFO     ___FILE_ONLY___  
2026-05-07 14:15:53,115 INFO     ___FILE_ONLY___ mount
2026-05-07 14:15:53,116 INFO     ___FILE_ONLY___  
2026-05-07 14:15:53,116 INFO     ___FILE_ONLY___ paths.
2026-05-07 14:15:53,116 INFO     ___FILE_ONLY___  
2026-05-07 14:15:53,117 INFO     ___FILE_ONLY___ All
2026-05-07 14:15:53,117 INFO     ___FILE_ONLY___  
2026-05-07 14:15:53,118 INFO     ___FILE_ONLY___ other
2026-05-07 14:15:53,118 INFO     ___FILE_ONLY___  
2026-05-07 14:15:53,119 INFO     ___FILE_ONLY___ keys
2026-05-07 14:15:53,119 INFO     ___FILE_ONLY___ 

2026-05-07 14:15:53,119 INFO     ___FILE_ONLY___      
2026-05-07 14:15:53,120 INFO     ___FILE_ONLY___ correspond
2026-05-07 14:15:53,120 INFO     ___FILE_ONLY___  
2026-05-07 14:15:53,121 INFO     ___FILE_ONLY___ to
2026-05-07 14:15:53,121 INFO     ___FILE_ONLY___  
2026-05-07 14:15:53,122 INFO     ___FILE_ONLY___ environment
2026-05-07 14:15:53,122 INFO     ___FILE_ONLY___  
2026-05-07 14:15:53,123 INFO     ___FILE_ONLY___ variables.
2026-05-07 14:15:53,123 INFO     ___FILE_ONLY___  
2026-05-07 14:15:53,123 INFO     ___FILE_ONLY___ Values
2026-05-07 14:15:53,124 INFO     ___FILE_ONLY___  
2026-05-07 14:15:53,124 INFO     ___FILE_ONLY___ should
2026-05-07 14:15:53,125 INFO     ___FILE_ONLY___  
2026-05-07 14:15:53,125 INFO     ___FILE_ONLY___ be
2026-05-07 14:15:53,126 INFO     ___FILE_ONLY___  
2026-05-07 14:15:53,126 INFO     ___FILE_ONLY___ in
2026-05-07 14:15:53,127 INFO     ___FILE_ONLY___  
2026-05-07 14:15:53,127 INFO     ___FILE_ONLY___ the
2026-05-07 14:15:53,127 INFO     ___FILE_ONLY___  
2026-05-07 14:15:53,128 INFO     ___FILE_ONLY___ form
2026-05-07 14:15:53,128 INFO     ___FILE_ONLY___ 

2026-05-07 14:15:53,129 INFO     ___FILE_ONLY___      
2026-05-07 14:15:53,130 INFO     ___FILE_ONLY___ SECRET_NAME:SECRET_VERSION.
2026-05-07 14:15:53,130 INFO     ___FILE_ONLY___  
2026-05-07 14:15:53,131 INFO     ___FILE_ONLY___ For
2026-05-07 14:15:53,131 INFO     ___FILE_ONLY___  
2026-05-07 14:15:53,132 INFO     ___FILE_ONLY___ example:
2026-05-07 14:15:53,132 INFO     ___FILE_ONLY___ 

2026-05-07 14:15:53,132 INFO     ___FILE_ONLY___      
2026-05-07 14:15:53,133 INFO     ___FILE_ONLY___ '--update-secrets=/secrets/api/key=mysecret:latest,ENV=othersecret:1'
2026-05-07 14:15:53,133 INFO     ___FILE_ONLY___  
2026-05-07 14:15:53,134 INFO     ___FILE_ONLY___ will
2026-05-07 14:15:53,134 INFO     ___FILE_ONLY___ 

2026-05-07 14:15:53,135 INFO     ___FILE_ONLY___      
2026-05-07 14:15:53,135 INFO     ___FILE_ONLY___ mount
2026-05-07 14:15:53,136 INFO     ___FILE_ONLY___  
2026-05-07 14:15:53,136 INFO     ___FILE_ONLY___ a
2026-05-07 14:15:53,136 INFO     ___FILE_ONLY___  
2026-05-07 14:15:53,137 INFO     ___FILE_ONLY___ volume
2026-05-07 14:15:53,137 INFO     ___FILE_ONLY___  
2026-05-07 14:15:53,138 INFO     ___FILE_ONLY___ at
2026-05-07 14:15:53,138 INFO     ___FILE_ONLY___  
2026-05-07 14:15:53,139 INFO     ___FILE_ONLY___ '/secrets/api'
2026-05-07 14:15:53,139 INFO     ___FILE_ONLY___  
2026-05-07 14:15:53,140 INFO     ___FILE_ONLY___ containing
2026-05-07 14:15:53,140 INFO     ___FILE_ONLY___  
2026-05-07 14:15:53,141 INFO     ___FILE_ONLY___ a
2026-05-07 14:15:53,141 INFO     ___FILE_ONLY___  
2026-05-07 14:15:53,141 INFO     ___FILE_ONLY___ file
2026-05-07 14:15:53,142 INFO     ___FILE_ONLY___  
2026-05-07 14:15:53,142 INFO     ___FILE_ONLY___ 'key'
2026-05-07 14:15:53,143 INFO     ___FILE_ONLY___  
2026-05-07 14:15:53,143 INFO     ___FILE_ONLY___ with
2026-05-07 14:15:53,144 INFO     ___FILE_ONLY___  
2026-05-07 14:15:53,144 INFO     ___FILE_ONLY___ the
2026-05-07 14:15:53,145 INFO     ___FILE_ONLY___  
2026-05-07 14:15:53,145 INFO     ___FILE_ONLY___ latest
2026-05-07 14:15:53,146 INFO     ___FILE_ONLY___ 

2026-05-07 14:15:53,146 INFO     ___FILE_ONLY___      
2026-05-07 14:15:53,147 INFO     ___FILE_ONLY___ version
2026-05-07 14:15:53,147 INFO     ___FILE_ONLY___  
2026-05-07 14:15:53,148 INFO     ___FILE_ONLY___ of
2026-05-07 14:15:53,148 INFO     ___FILE_ONLY___  
2026-05-07 14:15:53,149 INFO     ___FILE_ONLY___ secret
2026-05-07 14:15:53,149 INFO     ___FILE_ONLY___  
2026-05-07 14:15:53,149 INFO     ___FILE_ONLY___ 'mysecret'.
2026-05-07 14:15:53,150 INFO     ___FILE_ONLY___  
2026-05-07 14:15:53,150 INFO     ___FILE_ONLY___ An
2026-05-07 14:15:53,151 INFO     ___FILE_ONLY___  
2026-05-07 14:15:53,151 INFO     ___FILE_ONLY___ environment
2026-05-07 14:15:53,152 INFO     ___FILE_ONLY___  
2026-05-07 14:15:53,152 INFO     ___FILE_ONLY___ variable
2026-05-07 14:15:53,153 INFO     ___FILE_ONLY___  
2026-05-07 14:15:53,153 INFO     ___FILE_ONLY___ named
2026-05-07 14:15:53,153 INFO     ___FILE_ONLY___  
2026-05-07 14:15:53,154 INFO     ___FILE_ONLY___ ENV
2026-05-07 14:15:53,154 INFO     ___FILE_ONLY___  
2026-05-07 14:15:53,155 INFO     ___FILE_ONLY___ will
2026-05-07 14:15:53,155 INFO     ___FILE_ONLY___  
2026-05-07 14:15:53,156 INFO     ___FILE_ONLY___ also
2026-05-07 14:15:53,156 INFO     ___FILE_ONLY___ 

2026-05-07 14:15:53,157 INFO     ___FILE_ONLY___      
2026-05-07 14:15:53,157 INFO     ___FILE_ONLY___ be
2026-05-07 14:15:53,157 INFO     ___FILE_ONLY___  
2026-05-07 14:15:53,158 INFO     ___FILE_ONLY___ created
2026-05-07 14:15:53,158 INFO     ___FILE_ONLY___  
2026-05-07 14:15:53,159 INFO     ___FILE_ONLY___ whose
2026-05-07 14:15:53,159 INFO     ___FILE_ONLY___  
2026-05-07 14:15:53,160 INFO     ___FILE_ONLY___ value
2026-05-07 14:15:53,160 INFO     ___FILE_ONLY___  
2026-05-07 14:15:53,161 INFO     ___FILE_ONLY___ is
2026-05-07 14:15:53,161 INFO     ___FILE_ONLY___  
2026-05-07 14:15:53,161 INFO     ___FILE_ONLY___ version
2026-05-07 14:15:53,162 INFO     ___FILE_ONLY___  
2026-05-07 14:15:53,163 INFO     ___FILE_ONLY___ 1
2026-05-07 14:15:53,163 INFO     ___FILE_ONLY___  
2026-05-07 14:15:53,164 INFO     ___FILE_ONLY___ of
2026-05-07 14:15:53,164 INFO     ___FILE_ONLY___  
2026-05-07 14:15:53,165 INFO     ___FILE_ONLY___ secret
2026-05-07 14:15:53,165 INFO     ___FILE_ONLY___  
2026-05-07 14:15:53,166 INFO     ___FILE_ONLY___ 'othersecret'.
2026-05-07 14:15:53,166 INFO     ___FILE_ONLY___ 

2026-05-07 14:15:53,166 INFO     ___FILE_ONLY___ 

2026-05-07 14:15:53,167 INFO     ___FILE_ONLY___     
2026-05-07 14:15:53,167 INFO     ___FILE_ONLY___  
2026-05-07 14:15:53,168 INFO     ___FILE_ONLY___ At
2026-05-07 14:15:53,168 INFO     ___FILE_ONLY___  
2026-05-07 14:15:53,169 INFO     ___FILE_ONLY___ most
2026-05-07 14:15:53,169 INFO     ___FILE_ONLY___  
2026-05-07 14:15:53,170 INFO     ___FILE_ONLY___ one
2026-05-07 14:15:53,170 INFO     ___FILE_ONLY___  
2026-05-07 14:15:53,170 INFO     ___FILE_ONLY___ of
2026-05-07 14:15:53,171 INFO     ___FILE_ONLY___  
2026-05-07 14:15:53,171 INFO     ___FILE_ONLY___ these
2026-05-07 14:15:53,172 INFO     ___FILE_ONLY___  
2026-05-07 14:15:53,172 INFO     ___FILE_ONLY___ can
2026-05-07 14:15:53,173 INFO     ___FILE_ONLY___  
2026-05-07 14:15:53,173 INFO     ___FILE_ONLY___ be
2026-05-07 14:15:53,173 INFO     ___FILE_ONLY___  
2026-05-07 14:15:53,174 INFO     ___FILE_ONLY___ specified:
2026-05-07 14:15:53,174 INFO     ___FILE_ONLY___ 

2026-05-07 14:15:53,175 INFO     ___FILE_ONLY___ 

2026-05-07 14:15:53,175 INFO     ___FILE_ONLY___        --clear-secrets

2026-05-07 14:15:53,176 INFO     ___FILE_ONLY___          
2026-05-07 14:15:53,176 INFO     ___FILE_ONLY___  
2026-05-07 14:15:53,177 INFO     ___FILE_ONLY___ Remove
2026-05-07 14:15:53,177 INFO     ___FILE_ONLY___  
2026-05-07 14:15:53,177 INFO     ___FILE_ONLY___ all
2026-05-07 14:15:53,178 INFO     ___FILE_ONLY___  
2026-05-07 14:15:53,178 INFO     ___FILE_ONLY___ secrets.
2026-05-07 14:15:53,179 INFO     ___FILE_ONLY___ 

2026-05-07 14:15:53,180 INFO     ___FILE_ONLY___ 

2026-05-07 14:15:53,180 INFO     ___FILE_ONLY___        --set-secrets=[KEY=VALUE,...]

2026-05-07 14:15:53,181 INFO     ___FILE_ONLY___          
2026-05-07 14:15:53,181 INFO     ___FILE_ONLY___  
2026-05-07 14:15:53,182 INFO     ___FILE_ONLY___ List
2026-05-07 14:15:53,182 INFO     ___FILE_ONLY___  
2026-05-07 14:15:53,182 INFO     ___FILE_ONLY___ of
2026-05-07 14:15:53,183 INFO     ___FILE_ONLY___  
2026-05-07 14:15:53,183 INFO     ___FILE_ONLY___ key-value
2026-05-07 14:15:53,184 INFO     ___FILE_ONLY___  
2026-05-07 14:15:53,184 INFO     ___FILE_ONLY___ pairs
2026-05-07 14:15:53,185 INFO     ___FILE_ONLY___  
2026-05-07 14:15:53,185 INFO     ___FILE_ONLY___ to
2026-05-07 14:15:53,186 INFO     ___FILE_ONLY___  
2026-05-07 14:15:53,186 INFO     ___FILE_ONLY___ set
2026-05-07 14:15:53,186 INFO     ___FILE_ONLY___  
2026-05-07 14:15:53,187 INFO     ___FILE_ONLY___ as
2026-05-07 14:15:53,187 INFO     ___FILE_ONLY___  
2026-05-07 14:15:53,188 INFO     ___FILE_ONLY___ secrets.
2026-05-07 14:15:53,188 INFO     ___FILE_ONLY___  
2026-05-07 14:15:53,189 INFO     ___FILE_ONLY___ All
2026-05-07 14:15:53,189 INFO     ___FILE_ONLY___  
2026-05-07 14:15:53,190 INFO     ___FILE_ONLY___ existing
2026-05-07 14:15:53,190 INFO     ___FILE_ONLY___  
2026-05-07 14:15:53,190 INFO     ___FILE_ONLY___ secrets
2026-05-07 14:15:53,191 INFO     ___FILE_ONLY___  
2026-05-07 14:15:53,191 INFO     ___FILE_ONLY___ will
2026-05-07 14:15:53,192 INFO     ___FILE_ONLY___ 

2026-05-07 14:15:53,192 INFO     ___FILE_ONLY___           
2026-05-07 14:15:53,193 INFO     ___FILE_ONLY___ be
2026-05-07 14:15:53,193 INFO     ___FILE_ONLY___  
2026-05-07 14:15:53,194 INFO     ___FILE_ONLY___ removed
2026-05-07 14:15:53,194 INFO     ___FILE_ONLY___  
2026-05-07 14:15:53,194 INFO     ___FILE_ONLY___ first.
2026-05-07 14:15:53,195 INFO     ___FILE_ONLY___ 

2026-05-07 14:15:53,195 INFO     ___FILE_ONLY___ 

2026-05-07 14:15:53,196 INFO     ___FILE_ONLY___       
2026-05-07 14:15:53,197 INFO     ___FILE_ONLY___  
2026-05-07 14:15:53,197 INFO     ___FILE_ONLY___ Or
2026-05-07 14:15:53,198 INFO     ___FILE_ONLY___  
2026-05-07 14:15:53,198 INFO     ___FILE_ONLY___ at
2026-05-07 14:15:53,199 INFO     ___FILE_ONLY___  
2026-05-07 14:15:53,199 INFO     ___FILE_ONLY___ least
2026-05-07 14:15:53,199 INFO     ___FILE_ONLY___  
2026-05-07 14:15:53,200 INFO     ___FILE_ONLY___ one
2026-05-07 14:15:53,200 INFO     ___FILE_ONLY___  
2026-05-07 14:15:53,201 INFO     ___FILE_ONLY___ of
2026-05-07 14:15:53,201 INFO     ___FILE_ONLY___  
2026-05-07 14:15:53,202 INFO     ___FILE_ONLY___ these
2026-05-07 14:15:53,202 INFO     ___FILE_ONLY___  
2026-05-07 14:15:53,202 INFO     ___FILE_ONLY___ can
2026-05-07 14:15:53,203 INFO     ___FILE_ONLY___  
2026-05-07 14:15:53,203 INFO     ___FILE_ONLY___ be
2026-05-07 14:15:53,204 INFO     ___FILE_ONLY___  
2026-05-07 14:15:53,204 INFO     ___FILE_ONLY___ specified:
2026-05-07 14:15:53,205 INFO     ___FILE_ONLY___ 

2026-05-07 14:15:53,205 INFO     ___FILE_ONLY___ 

2026-05-07 14:15:53,206 INFO     ___FILE_ONLY___         
2026-05-07 14:15:53,206 INFO     ___FILE_ONLY___  
2026-05-07 14:15:53,206 INFO     ___FILE_ONLY___ Only
2026-05-07 14:15:53,207 INFO     ___FILE_ONLY___  
2026-05-07 14:15:53,207 INFO     ___FILE_ONLY___ --update-secrets
2026-05-07 14:15:53,208 INFO     ___FILE_ONLY___  
2026-05-07 14:15:53,208 INFO     ___FILE_ONLY___ and
2026-05-07 14:15:53,209 INFO     ___FILE_ONLY___  
2026-05-07 14:15:53,209 INFO     ___FILE_ONLY___ --remove-secrets
2026-05-07 14:15:53,210 INFO     ___FILE_ONLY___  
2026-05-07 14:15:53,210 INFO     ___FILE_ONLY___ can
2026-05-07 14:15:53,211 INFO     ___FILE_ONLY___  
2026-05-07 14:15:53,211 INFO     ___FILE_ONLY___ be
2026-05-07 14:15:53,211 INFO     ___FILE_ONLY___  
2026-05-07 14:15:53,212 INFO     ___FILE_ONLY___ used
2026-05-07 14:15:53,213 INFO     ___FILE_ONLY___  
2026-05-07 14:15:53,213 INFO     ___FILE_ONLY___ together.
2026-05-07 14:15:53,214 INFO     ___FILE_ONLY___  
2026-05-07 14:15:53,214 INFO     ___FILE_ONLY___ If
2026-05-07 14:15:53,215 INFO     ___FILE_ONLY___ 

2026-05-07 14:15:53,215 INFO     ___FILE_ONLY___          
2026-05-07 14:15:53,215 INFO     ___FILE_ONLY___ both
2026-05-07 14:15:53,216 INFO     ___FILE_ONLY___  
2026-05-07 14:15:53,216 INFO     ___FILE_ONLY___ are
2026-05-07 14:15:53,217 INFO     ___FILE_ONLY___  
2026-05-07 14:15:53,217 INFO     ___FILE_ONLY___ specified,
2026-05-07 14:15:53,218 INFO     ___FILE_ONLY___  
2026-05-07 14:15:53,218 INFO     ___FILE_ONLY___ --remove-secrets
2026-05-07 14:15:53,219 INFO     ___FILE_ONLY___  
2026-05-07 14:15:53,219 INFO     ___FILE_ONLY___ will
2026-05-07 14:15:53,219 INFO     ___FILE_ONLY___  
2026-05-07 14:15:53,220 INFO     ___FILE_ONLY___ be
2026-05-07 14:15:53,220 INFO     ___FILE_ONLY___  
2026-05-07 14:15:53,221 INFO     ___FILE_ONLY___ applied
2026-05-07 14:15:53,221 INFO     ___FILE_ONLY___  
2026-05-07 14:15:53,222 INFO     ___FILE_ONLY___ first.
2026-05-07 14:15:53,222 INFO     ___FILE_ONLY___ 

2026-05-07 14:15:53,223 INFO     ___FILE_ONLY___ 

2026-05-07 14:15:53,223 INFO     ___FILE_ONLY___          --remove-secrets=[KEY,...]

2026-05-07 14:15:53,223 INFO     ___FILE_ONLY___            
2026-05-07 14:15:53,224 INFO     ___FILE_ONLY___  
2026-05-07 14:15:53,224 INFO     ___FILE_ONLY___ List
2026-05-07 14:15:53,225 INFO     ___FILE_ONLY___  
2026-05-07 14:15:53,225 INFO     ___FILE_ONLY___ of
2026-05-07 14:15:53,226 INFO     ___FILE_ONLY___  
2026-05-07 14:15:53,226 INFO     ___FILE_ONLY___ secrets
2026-05-07 14:15:53,227 INFO     ___FILE_ONLY___  
2026-05-07 14:15:53,227 INFO     ___FILE_ONLY___ to
2026-05-07 14:15:53,227 INFO     ___FILE_ONLY___  
2026-05-07 14:15:53,228 INFO     ___FILE_ONLY___ be
2026-05-07 14:15:53,228 INFO     ___FILE_ONLY___  
2026-05-07 14:15:53,229 INFO     ___FILE_ONLY___ removed.
2026-05-07 14:15:53,230 INFO     ___FILE_ONLY___ 

2026-05-07 14:15:53,230 INFO     ___FILE_ONLY___ 

2026-05-07 14:15:53,231 INFO     ___FILE_ONLY___          --update-secrets=[KEY=VALUE,...]

2026-05-07 14:15:53,231 INFO     ___FILE_ONLY___            
2026-05-07 14:15:53,232 INFO     ___FILE_ONLY___  
2026-05-07 14:15:53,232 INFO     ___FILE_ONLY___ List
2026-05-07 14:15:53,233 INFO     ___FILE_ONLY___  
2026-05-07 14:15:53,233 INFO     ___FILE_ONLY___ of
2026-05-07 14:15:53,233 INFO     ___FILE_ONLY___  
2026-05-07 14:15:53,234 INFO     ___FILE_ONLY___ key-value
2026-05-07 14:15:53,234 INFO     ___FILE_ONLY___  
2026-05-07 14:15:53,235 INFO     ___FILE_ONLY___ pairs
2026-05-07 14:15:53,235 INFO     ___FILE_ONLY___  
2026-05-07 14:15:53,236 INFO     ___FILE_ONLY___ to
2026-05-07 14:15:53,236 INFO     ___FILE_ONLY___  
2026-05-07 14:15:53,237 INFO     ___FILE_ONLY___ set
2026-05-07 14:15:53,237 INFO     ___FILE_ONLY___  
2026-05-07 14:15:53,237 INFO     ___FILE_ONLY___ as
2026-05-07 14:15:53,238 INFO     ___FILE_ONLY___  
2026-05-07 14:15:53,238 INFO     ___FILE_ONLY___ secrets.
2026-05-07 14:15:53,239 INFO     ___FILE_ONLY___ 

2026-05-07 14:15:53,239 INFO     ___FILE_ONLY___ 

2026-05-07 14:15:53,240 INFO     ___FILE_ONLY___     
2026-05-07 14:15:53,240 INFO     ___FILE_ONLY___  
2026-05-07 14:15:53,241 INFO     ___FILE_ONLY___ At
2026-05-07 14:15:53,241 INFO     ___FILE_ONLY___  
2026-05-07 14:15:53,241 INFO     ___FILE_ONLY___ most
2026-05-07 14:15:53,242 INFO     ___FILE_ONLY___  
2026-05-07 14:15:53,242 INFO     ___FILE_ONLY___ one
2026-05-07 14:15:53,243 INFO     ___FILE_ONLY___  
2026-05-07 14:15:53,243 INFO     ___FILE_ONLY___ of
2026-05-07 14:15:53,244 INFO     ___FILE_ONLY___  
2026-05-07 14:15:53,244 INFO     ___FILE_ONLY___ these
2026-05-07 14:15:53,245 INFO     ___FILE_ONLY___  
2026-05-07 14:15:53,245 INFO     ___FILE_ONLY___ can
2026-05-07 14:15:53,245 INFO     ___FILE_ONLY___  
2026-05-07 14:15:53,246 INFO     ___FILE_ONLY___ be
2026-05-07 14:15:53,247 INFO     ___FILE_ONLY___  
2026-05-07 14:15:53,247 INFO     ___FILE_ONLY___ specified:
2026-05-07 14:15:53,248 INFO     ___FILE_ONLY___ 

2026-05-07 14:15:53,248 INFO     ___FILE_ONLY___ 

2026-05-07 14:15:53,249 INFO     ___FILE_ONLY___        --command=[COMMAND,...]

2026-05-07 14:15:53,249 INFO     ___FILE_ONLY___          
2026-05-07 14:15:53,250 INFO     ___FILE_ONLY___  
2026-05-07 14:15:53,250 INFO     ___FILE_ONLY___ Entrypoint
2026-05-07 14:15:53,251 INFO     ___FILE_ONLY___  
2026-05-07 14:15:53,251 INFO     ___FILE_ONLY___ for
2026-05-07 14:15:53,252 INFO     ___FILE_ONLY___  
2026-05-07 14:15:53,252 INFO     ___FILE_ONLY___ the
2026-05-07 14:15:53,253 INFO     ___FILE_ONLY___  
2026-05-07 14:15:53,253 INFO     ___FILE_ONLY___ container
2026-05-07 14:15:53,253 INFO     ___FILE_ONLY___  
2026-05-07 14:15:53,254 INFO     ___FILE_ONLY___ image.
2026-05-07 14:15:53,254 INFO     ___FILE_ONLY___  
2026-05-07 14:15:53,255 INFO     ___FILE_ONLY___ If
2026-05-07 14:15:53,255 INFO     ___FILE_ONLY___  
2026-05-07 14:15:53,256 INFO     ___FILE_ONLY___ not
2026-05-07 14:15:53,256 INFO     ___FILE_ONLY___  
2026-05-07 14:15:53,257 INFO     ___FILE_ONLY___ specified,
2026-05-07 14:15:53,257 INFO     ___FILE_ONLY___  
2026-05-07 14:15:53,257 INFO     ___FILE_ONLY___ the
2026-05-07 14:15:53,258 INFO     ___FILE_ONLY___  
2026-05-07 14:15:53,258 INFO     ___FILE_ONLY___ container
2026-05-07 14:15:53,259 INFO     ___FILE_ONLY___ 

2026-05-07 14:15:53,259 INFO     ___FILE_ONLY___           
2026-05-07 14:15:53,260 INFO     ___FILE_ONLY___ image's
2026-05-07 14:15:53,260 INFO     ___FILE_ONLY___  
2026-05-07 14:15:53,261 INFO     ___FILE_ONLY___ default
2026-05-07 14:15:53,261 INFO     ___FILE_ONLY___  
2026-05-07 14:15:53,262 INFO     ___FILE_ONLY___ Entrypoint
2026-05-07 14:15:53,263 INFO     ___FILE_ONLY___  
2026-05-07 14:15:53,263 INFO     ___FILE_ONLY___ is
2026-05-07 14:15:53,264 INFO     ___FILE_ONLY___  
2026-05-07 14:15:53,264 INFO     ___FILE_ONLY___ run.
2026-05-07 14:15:53,265 INFO     ___FILE_ONLY___  
2026-05-07 14:15:53,265 INFO     ___FILE_ONLY___ To
2026-05-07 14:15:53,266 INFO     ___FILE_ONLY___  
2026-05-07 14:15:53,266 INFO     ___FILE_ONLY___ reset
2026-05-07 14:15:53,266 INFO     ___FILE_ONLY___  
2026-05-07 14:15:53,267 INFO     ___FILE_ONLY___ this
2026-05-07 14:15:53,267 INFO     ___FILE_ONLY___  
2026-05-07 14:15:53,268 INFO     ___FILE_ONLY___ field
2026-05-07 14:15:53,268 INFO     ___FILE_ONLY___  
2026-05-07 14:15:53,269 INFO     ___FILE_ONLY___ to
2026-05-07 14:15:53,269 INFO     ___FILE_ONLY___  
2026-05-07 14:15:53,270 INFO     ___FILE_ONLY___ its
2026-05-07 14:15:53,270 INFO     ___FILE_ONLY___ 

2026-05-07 14:15:53,271 INFO     ___FILE_ONLY___           
2026-05-07 14:15:53,271 INFO     ___FILE_ONLY___ default,
2026-05-07 14:15:53,271 INFO     ___FILE_ONLY___  
2026-05-07 14:15:53,272 INFO     ___FILE_ONLY___ pass
2026-05-07 14:15:53,272 INFO     ___FILE_ONLY___  
2026-05-07 14:15:53,273 INFO     ___FILE_ONLY___ an
2026-05-07 14:15:53,273 INFO     ___FILE_ONLY___  
2026-05-07 14:15:53,274 INFO     ___FILE_ONLY___ empty
2026-05-07 14:15:53,274 INFO     ___FILE_ONLY___  
2026-05-07 14:15:53,275 INFO     ___FILE_ONLY___ string.
2026-05-07 14:15:53,275 INFO     ___FILE_ONLY___ 

2026-05-07 14:15:53,275 INFO     ___FILE_ONLY___ 

2026-05-07 14:15:53,276 INFO     ___FILE_ONLY___        --function=FUNCTION

2026-05-07 14:15:53,276 INFO     ___FILE_ONLY___          
2026-05-07 14:15:53,277 INFO     ___FILE_ONLY___  
2026-05-07 14:15:53,277 INFO     ___FILE_ONLY___ Specifies
2026-05-07 14:15:53,278 INFO     ___FILE_ONLY___  
2026-05-07 14:15:53,278 INFO     ___FILE_ONLY___ that
2026-05-07 14:15:53,279 INFO     ___FILE_ONLY___  
2026-05-07 14:15:53,279 INFO     ___FILE_ONLY___ the
2026-05-07 14:15:53,280 INFO     ___FILE_ONLY___  
2026-05-07 14:15:53,280 INFO     ___FILE_ONLY___ deployed
2026-05-07 14:15:53,281 INFO     ___FILE_ONLY___  
2026-05-07 14:15:53,281 INFO     ___FILE_ONLY___ object
2026-05-07 14:15:53,282 INFO     ___FILE_ONLY___  
2026-05-07 14:15:53,282 INFO     ___FILE_ONLY___ is
2026-05-07 14:15:53,283 INFO     ___FILE_ONLY___  
2026-05-07 14:15:53,283 INFO     ___FILE_ONLY___ a
2026-05-07 14:15:53,283 INFO     ___FILE_ONLY___  
2026-05-07 14:15:53,284 INFO     ___FILE_ONLY___ function.
2026-05-07 14:15:53,284 INFO     ___FILE_ONLY___  
2026-05-07 14:15:53,285 INFO     ___FILE_ONLY___ If
2026-05-07 14:15:53,285 INFO     ___FILE_ONLY___  
2026-05-07 14:15:53,286 INFO     ___FILE_ONLY___ a
2026-05-07 14:15:53,286 INFO     ___FILE_ONLY___  
2026-05-07 14:15:53,287 INFO     ___FILE_ONLY___ value
2026-05-07 14:15:53,287 INFO     ___FILE_ONLY___  
2026-05-07 14:15:53,287 INFO     ___FILE_ONLY___ is
2026-05-07 14:15:53,288 INFO     ___FILE_ONLY___ 

2026-05-07 14:15:53,288 INFO     ___FILE_ONLY___           
2026-05-07 14:15:53,289 INFO     ___FILE_ONLY___ provided,
2026-05-07 14:15:53,289 INFO     ___FILE_ONLY___  
2026-05-07 14:15:53,290 INFO     ___FILE_ONLY___ that
2026-05-07 14:15:53,290 INFO     ___FILE_ONLY___  
2026-05-07 14:15:53,290 INFO     ___FILE_ONLY___ value
2026-05-07 14:15:53,291 INFO     ___FILE_ONLY___  
2026-05-07 14:15:53,291 INFO     ___FILE_ONLY___ is
2026-05-07 14:15:53,292 INFO     ___FILE_ONLY___  
2026-05-07 14:15:53,292 INFO     ___FILE_ONLY___ used
2026-05-07 14:15:53,293 INFO     ___FILE_ONLY___  
2026-05-07 14:15:53,293 INFO     ___FILE_ONLY___ as
2026-05-07 14:15:53,294 INFO     ___FILE_ONLY___  
2026-05-07 14:15:53,294 INFO     ___FILE_ONLY___ the
2026-05-07 14:15:53,294 INFO     ___FILE_ONLY___  
2026-05-07 14:15:53,295 INFO     ___FILE_ONLY___ entrypoint.
2026-05-07 14:15:53,295 INFO     ___FILE_ONLY___ 

2026-05-07 14:15:53,296 INFO     ___FILE_ONLY___ 

2026-05-07 14:15:53,297 INFO     ___FILE_ONLY___      --image=IMAGE

2026-05-07 14:15:53,297 INFO     ___FILE_ONLY___        
2026-05-07 14:15:53,298 INFO     ___FILE_ONLY___  
2026-05-07 14:15:53,298 INFO     ___FILE_ONLY___ Name
2026-05-07 14:15:53,299 INFO     ___FILE_ONLY___  
2026-05-07 14:15:53,299 INFO     ___FILE_ONLY___ of
2026-05-07 14:15:53,300 INFO     ___FILE_ONLY___  
2026-05-07 14:15:53,300 INFO     ___FILE_ONLY___ the
2026-05-07 14:15:53,301 INFO     ___FILE_ONLY___  
2026-05-07 14:15:53,301 INFO     ___FILE_ONLY___ container
2026-05-07 14:15:53,302 INFO     ___FILE_ONLY___  
2026-05-07 14:15:53,302 INFO     ___FILE_ONLY___ image
2026-05-07 14:15:53,303 INFO     ___FILE_ONLY___  
2026-05-07 14:15:53,303 INFO     ___FILE_ONLY___ to
2026-05-07 14:15:53,304 INFO     ___FILE_ONLY___  
2026-05-07 14:15:53,305 INFO     ___FILE_ONLY___ deploy
2026-05-07 14:15:53,305 INFO     ___FILE_ONLY___  
2026-05-07 14:15:53,306 INFO     ___FILE_ONLY___ (e.g.
2026-05-07 14:15:53,306 INFO     ___FILE_ONLY___ 

2026-05-07 14:15:53,308 INFO     ___FILE_ONLY___         
2026-05-07 14:15:53,316 INFO     ___FILE_ONLY___ us-docker.pkg.dev/cloudrun/container/hello:latest).
2026-05-07 14:15:53,317 INFO     ___FILE_ONLY___  
2026-05-07 14:15:53,317 INFO     ___FILE_ONLY___ When
2026-05-07 14:15:53,318 INFO     ___FILE_ONLY___  
2026-05-07 14:15:53,319 INFO     ___FILE_ONLY___ used
2026-05-07 14:15:53,320 INFO     ___FILE_ONLY___  
2026-05-07 14:15:53,320 INFO     ___FILE_ONLY___ with
2026-05-07 14:15:53,321 INFO     ___FILE_ONLY___ 

2026-05-07 14:15:53,321 INFO     ___FILE_ONLY___         
2026-05-07 14:15:53,322 INFO     ___FILE_ONLY___ --source,
2026-05-07 14:15:53,322 INFO     ___FILE_ONLY___  
2026-05-07 14:15:53,323 INFO     ___FILE_ONLY___ the
2026-05-07 14:15:53,323 INFO     ___FILE_ONLY___  
2026-05-07 14:15:53,324 INFO     ___FILE_ONLY___ image
2026-05-07 14:15:53,324 INFO     ___FILE_ONLY___  
2026-05-07 14:15:53,325 INFO     ___FILE_ONLY___ must
2026-05-07 14:15:53,325 INFO     ___FILE_ONLY___  
2026-05-07 14:15:53,326 INFO     ___FILE_ONLY___ be
2026-05-07 14:15:53,326 INFO     ___FILE_ONLY___  
2026-05-07 14:15:53,327 INFO     ___FILE_ONLY___ the
2026-05-07 14:15:53,327 INFO     ___FILE_ONLY___  
2026-05-07 14:15:53,328 INFO     ___FILE_ONLY___ URI
2026-05-07 14:15:53,328 INFO     ___FILE_ONLY___  
2026-05-07 14:15:53,329 INFO     ___FILE_ONLY___ of
2026-05-07 14:15:53,330 INFO     ___FILE_ONLY___  
2026-05-07 14:15:53,330 INFO     ___FILE_ONLY___ an
2026-05-07 14:15:53,331 INFO     ___FILE_ONLY___  
2026-05-07 14:15:53,331 INFO     ___FILE_ONLY___ Artifact
2026-05-07 14:15:53,332 INFO     ___FILE_ONLY___  
2026-05-07 14:15:53,332 INFO     ___FILE_ONLY___ Registry
2026-05-07 14:15:53,333 INFO     ___FILE_ONLY___  
2026-05-07 14:15:53,333 INFO     ___FILE_ONLY___ Docker
2026-05-07 14:15:53,334 INFO     ___FILE_ONLY___ 

2026-05-07 14:15:53,334 INFO     ___FILE_ONLY___         
2026-05-07 14:15:53,335 INFO     ___FILE_ONLY___ repository
2026-05-07 14:15:53,335 INFO     ___FILE_ONLY___  
2026-05-07 14:15:53,336 INFO     ___FILE_ONLY___ in
2026-05-07 14:15:53,337 INFO     ___FILE_ONLY___  
2026-05-07 14:15:53,337 INFO     ___FILE_ONLY___ the
2026-05-07 14:15:53,338 INFO     ___FILE_ONLY___  
2026-05-07 14:15:53,339 INFO     ___FILE_ONLY___ Docker
2026-05-07 14:15:53,339 INFO     ___FILE_ONLY___  
2026-05-07 14:15:53,340 INFO     ___FILE_ONLY___ format
2026-05-07 14:15:53,340 INFO     ___FILE_ONLY___ 

2026-05-07 14:15:53,341 INFO     ___FILE_ONLY___         
2026-05-07 14:15:53,341 INFO     ___FILE_ONLY___ ($REGION-docker.pkg.dev/$PROJECT/$REPOSITORY")
2026-05-07 14:15:53,342 INFO     ___FILE_ONLY___  
2026-05-07 14:15:53,343 INFO     ___FILE_ONLY___ or
2026-05-07 14:15:53,343 INFO     ___FILE_ONLY___ 

2026-05-07 14:15:53,344 INFO     ___FILE_ONLY___         
2026-05-07 14:15:53,344 INFO     ___FILE_ONLY___ ($REGION-docker.pkg.dev/$PROJECT/$REPOSITORY/$IMAGE_NAME").
2026-05-07 14:15:53,345 INFO     ___FILE_ONLY___  
2026-05-07 14:15:53,345 INFO     ___FILE_ONLY___ The
2026-05-07 14:15:53,347 INFO     ___FILE_ONLY___  
2026-05-07 14:15:53,347 INFO     ___FILE_ONLY___ image
2026-05-07 14:15:53,348 INFO     ___FILE_ONLY___ 

2026-05-07 14:15:53,349 INFO     ___FILE_ONLY___         
2026-05-07 14:15:53,349 INFO     ___FILE_ONLY___ name
2026-05-07 14:15:53,350 INFO     ___FILE_ONLY___  
2026-05-07 14:15:53,350 INFO     ___FILE_ONLY___ must
2026-05-07 14:15:53,351 INFO     ___FILE_ONLY___  
2026-05-07 14:15:53,351 INFO     ___FILE_ONLY___ be
2026-05-07 14:15:53,352 INFO     ___FILE_ONLY___  
2026-05-07 14:15:53,353 INFO     ___FILE_ONLY___ the
2026-05-07 14:15:53,354 INFO     ___FILE_ONLY___  
2026-05-07 14:15:53,355 INFO     ___FILE_ONLY___ same
2026-05-07 14:15:53,356 INFO     ___FILE_ONLY___  
2026-05-07 14:15:53,356 INFO     ___FILE_ONLY___ as
2026-05-07 14:15:53,357 INFO     ___FILE_ONLY___  
2026-05-07 14:15:53,358 INFO     ___FILE_ONLY___ the
2026-05-07 14:15:53,359 INFO     ___FILE_ONLY___  
2026-05-07 14:15:53,360 INFO     ___FILE_ONLY___ name
2026-05-07 14:15:53,360 INFO     ___FILE_ONLY___  
2026-05-07 14:15:53,361 INFO     ___FILE_ONLY___ of
2026-05-07 14:15:53,361 INFO     ___FILE_ONLY___  
2026-05-07 14:15:53,362 INFO     ___FILE_ONLY___ the
2026-05-07 14:15:53,363 INFO     ___FILE_ONLY___  
2026-05-07 14:15:53,364 INFO     ___FILE_ONLY___ service.
2026-05-07 14:15:53,364 INFO     ___FILE_ONLY___ 

2026-05-07 14:15:53,365 INFO     ___FILE_ONLY___ 

2026-05-07 14:15:53,366 INFO     ___FILE_ONLY___      --source=SOURCE

2026-05-07 14:15:53,367 INFO     ___FILE_ONLY___        
2026-05-07 14:15:53,367 INFO     ___FILE_ONLY___  
2026-05-07 14:15:53,368 INFO     ___FILE_ONLY___ The
2026-05-07 14:15:53,368 INFO     ___FILE_ONLY___  
2026-05-07 14:15:53,369 INFO     ___FILE_ONLY___ location
2026-05-07 14:15:53,369 INFO     ___FILE_ONLY___  
2026-05-07 14:15:53,370 INFO     ___FILE_ONLY___ of
2026-05-07 14:15:53,370 INFO     ___FILE_ONLY___  
2026-05-07 14:15:53,371 INFO     ___FILE_ONLY___ the
2026-05-07 14:15:53,371 INFO     ___FILE_ONLY___  
2026-05-07 14:15:53,372 INFO     ___FILE_ONLY___ source
2026-05-07 14:15:53,373 INFO     ___FILE_ONLY___  
2026-05-07 14:15:53,373 INFO     ___FILE_ONLY___ to
2026-05-07 14:15:53,374 INFO     ___FILE_ONLY___  
2026-05-07 14:15:53,374 INFO     ___FILE_ONLY___ build.
2026-05-07 14:15:53,375 INFO     ___FILE_ONLY___  
2026-05-07 14:15:53,375 INFO     ___FILE_ONLY___ If
2026-05-07 14:15:53,376 INFO     ___FILE_ONLY___  
2026-05-07 14:15:53,376 INFO     ___FILE_ONLY___ a
2026-05-07 14:15:53,377 INFO     ___FILE_ONLY___  
2026-05-07 14:15:53,378 INFO     ___FILE_ONLY___ Dockerfile
2026-05-07 14:15:53,378 INFO     ___FILE_ONLY___  
2026-05-07 14:15:53,379 INFO     ___FILE_ONLY___ is
2026-05-07 14:15:53,380 INFO     ___FILE_ONLY___  
2026-05-07 14:15:53,381 INFO     ___FILE_ONLY___ present
2026-05-07 14:15:53,382 INFO     ___FILE_ONLY___  
2026-05-07 14:15:53,382 INFO     ___FILE_ONLY___ in
2026-05-07 14:15:53,383 INFO     ___FILE_ONLY___  
2026-05-07 14:15:53,383 INFO     ___FILE_ONLY___ the
2026-05-07 14:15:53,383 INFO     ___FILE_ONLY___ 

2026-05-07 14:15:53,384 INFO     ___FILE_ONLY___         
2026-05-07 14:15:53,384 INFO     ___FILE_ONLY___ source
2026-05-07 14:15:53,385 INFO     ___FILE_ONLY___  
2026-05-07 14:15:53,385 INFO     ___FILE_ONLY___ code
2026-05-07 14:15:53,386 INFO     ___FILE_ONLY___  
2026-05-07 14:15:53,386 INFO     ___FILE_ONLY___ directory,
2026-05-07 14:15:53,386 INFO     ___FILE_ONLY___  
2026-05-07 14:15:53,387 INFO     ___FILE_ONLY___ it
2026-05-07 14:15:53,387 INFO     ___FILE_ONLY___  
2026-05-07 14:15:53,388 INFO     ___FILE_ONLY___ will
2026-05-07 14:15:53,388 INFO     ___FILE_ONLY___  
2026-05-07 14:15:53,389 INFO     ___FILE_ONLY___ be
2026-05-07 14:15:53,389 INFO     ___FILE_ONLY___  
2026-05-07 14:15:53,390 INFO     ___FILE_ONLY___ built
2026-05-07 14:15:53,390 INFO     ___FILE_ONLY___  
2026-05-07 14:15:53,390 INFO     ___FILE_ONLY___ using
2026-05-07 14:15:53,391 INFO     ___FILE_ONLY___  
2026-05-07 14:15:53,391 INFO     ___FILE_ONLY___ that
2026-05-07 14:15:53,392 INFO     ___FILE_ONLY___  
2026-05-07 14:15:53,392 INFO     ___FILE_ONLY___ Dockerfile,
2026-05-07 14:15:53,393 INFO     ___FILE_ONLY___ 

2026-05-07 14:15:53,393 INFO     ___FILE_ONLY___         
2026-05-07 14:15:53,393 INFO     ___FILE_ONLY___ otherwise
2026-05-07 14:15:53,394 INFO     ___FILE_ONLY___  
2026-05-07 14:15:53,395 INFO     ___FILE_ONLY___ it
2026-05-07 14:15:53,396 INFO     ___FILE_ONLY___  
2026-05-07 14:15:53,396 INFO     ___FILE_ONLY___ will
2026-05-07 14:15:53,397 INFO     ___FILE_ONLY___  
2026-05-07 14:15:53,398 INFO     ___FILE_ONLY___ use
2026-05-07 14:15:53,399 INFO     ___FILE_ONLY___  
2026-05-07 14:15:53,400 INFO     ___FILE_ONLY___ Google
2026-05-07 14:15:53,400 INFO     ___FILE_ONLY___  
2026-05-07 14:15:53,401 INFO     ___FILE_ONLY___ Cloud
2026-05-07 14:15:53,401 INFO     ___FILE_ONLY___  
2026-05-07 14:15:53,402 INFO     ___FILE_ONLY___ buildpacks.
2026-05-07 14:15:53,402 INFO     ___FILE_ONLY___  
2026-05-07 14:15:53,403 INFO     ___FILE_ONLY___ See
2026-05-07 14:15:53,403 INFO     ___FILE_ONLY___ 

2026-05-07 14:15:53,404 INFO     ___FILE_ONLY___         
2026-05-07 14:15:53,405 INFO     ___FILE_ONLY___ https://cloud.google.com/run/docs/deploying-source-code
2026-05-07 14:15:53,405 INFO     ___FILE_ONLY___  
2026-05-07 14:15:53,406 INFO     ___FILE_ONLY___ for
2026-05-07 14:15:53,406 INFO     ___FILE_ONLY___  
2026-05-07 14:15:53,407 INFO     ___FILE_ONLY___ more
2026-05-07 14:15:53,407 INFO     ___FILE_ONLY___ 

2026-05-07 14:15:53,408 INFO     ___FILE_ONLY___         
2026-05-07 14:15:53,408 INFO     ___FILE_ONLY___ details.
2026-05-07 14:15:53,409 INFO     ___FILE_ONLY___  
2026-05-07 14:15:53,409 INFO     ___FILE_ONLY___ The
2026-05-07 14:15:53,410 INFO     ___FILE_ONLY___  
2026-05-07 14:15:53,411 INFO     ___FILE_ONLY___ location
2026-05-07 14:15:53,411 INFO     ___FILE_ONLY___  
2026-05-07 14:15:53,412 INFO     ___FILE_ONLY___ can
2026-05-07 14:15:53,413 INFO     ___FILE_ONLY___  
2026-05-07 14:15:53,414 INFO     ___FILE_ONLY___ be
2026-05-07 14:15:53,415 INFO     ___FILE_ONLY___  
2026-05-07 14:15:53,415 INFO     ___FILE_ONLY___ a
2026-05-07 14:15:53,417 INFO     ___FILE_ONLY___  
2026-05-07 14:15:53,418 INFO     ___FILE_ONLY___ directory
2026-05-07 14:15:53,418 INFO     ___FILE_ONLY___  
2026-05-07 14:15:53,419 INFO     ___FILE_ONLY___ on
2026-05-07 14:15:53,419 INFO     ___FILE_ONLY___  
2026-05-07 14:15:53,420 INFO     ___FILE_ONLY___ a
2026-05-07 14:15:53,421 INFO     ___FILE_ONLY___  
2026-05-07 14:15:53,421 INFO     ___FILE_ONLY___ local
2026-05-07 14:15:53,422 INFO     ___FILE_ONLY___  
2026-05-07 14:15:53,422 INFO     ___FILE_ONLY___ disk
2026-05-07 14:15:53,423 INFO     ___FILE_ONLY___  
2026-05-07 14:15:53,423 INFO     ___FILE_ONLY___ or
2026-05-07 14:15:53,424 INFO     ___FILE_ONLY___  
2026-05-07 14:15:53,424 INFO     ___FILE_ONLY___ a
2026-05-07 14:15:53,425 INFO     ___FILE_ONLY___  
2026-05-07 14:15:53,425 INFO     ___FILE_ONLY___ gzipped
2026-05-07 14:15:53,426 INFO     ___FILE_ONLY___ 

2026-05-07 14:15:53,427 INFO     ___FILE_ONLY___         
2026-05-07 14:15:53,427 INFO     ___FILE_ONLY___ archive
2026-05-07 14:15:53,428 INFO     ___FILE_ONLY___  
2026-05-07 14:15:53,428 INFO     ___FILE_ONLY___ file
2026-05-07 14:15:53,430 INFO     ___FILE_ONLY___  
2026-05-07 14:15:53,431 INFO     ___FILE_ONLY___ (.tar.gz)
2026-05-07 14:15:53,432 INFO     ___FILE_ONLY___  
2026-05-07 14:15:53,433 INFO     ___FILE_ONLY___ in
2026-05-07 14:15:53,434 INFO     ___FILE_ONLY___  
2026-05-07 14:15:53,435 INFO     ___FILE_ONLY___ Google
2026-05-07 14:15:53,436 INFO     ___FILE_ONLY___  
2026-05-07 14:15:53,437 INFO     ___FILE_ONLY___ Cloud
2026-05-07 14:15:53,438 INFO     ___FILE_ONLY___  
2026-05-07 14:15:53,439 INFO     ___FILE_ONLY___ Storage.
2026-05-07 14:15:53,440 INFO     ___FILE_ONLY___  
2026-05-07 14:15:53,441 INFO     ___FILE_ONLY___ If
2026-05-07 14:15:53,442 INFO     ___FILE_ONLY___  
2026-05-07 14:15:53,442 INFO     ___FILE_ONLY___ the
2026-05-07 14:15:53,443 INFO     ___FILE_ONLY___  
2026-05-07 14:15:53,444 INFO     ___FILE_ONLY___ source
2026-05-07 14:15:53,444 INFO     ___FILE_ONLY___  
2026-05-07 14:15:53,445 INFO     ___FILE_ONLY___ is
2026-05-07 14:15:53,446 INFO     ___FILE_ONLY___  
2026-05-07 14:15:53,448 INFO     ___FILE_ONLY___ a
2026-05-07 14:15:53,449 INFO     ___FILE_ONLY___ 

2026-05-07 14:15:53,449 INFO     ___FILE_ONLY___         
2026-05-07 14:15:53,450 INFO     ___FILE_ONLY___ local
2026-05-07 14:15:53,450 INFO     ___FILE_ONLY___  
2026-05-07 14:15:53,451 INFO     ___FILE_ONLY___ directory,
2026-05-07 14:15:53,452 INFO     ___FILE_ONLY___  
2026-05-07 14:15:53,452 INFO     ___FILE_ONLY___ this
2026-05-07 14:15:53,453 INFO     ___FILE_ONLY___  
2026-05-07 14:15:53,453 INFO     ___FILE_ONLY___ command
2026-05-07 14:15:53,454 INFO     ___FILE_ONLY___  
2026-05-07 14:15:53,454 INFO     ___FILE_ONLY___ skips
2026-05-07 14:15:53,455 INFO     ___FILE_ONLY___  
2026-05-07 14:15:53,456 INFO     ___FILE_ONLY___ the
2026-05-07 14:15:53,456 INFO     ___FILE_ONLY___  
2026-05-07 14:15:53,457 INFO     ___FILE_ONLY___ files
2026-05-07 14:15:53,457 INFO     ___FILE_ONLY___  
2026-05-07 14:15:53,458 INFO     ___FILE_ONLY___ specified
2026-05-07 14:15:53,459 INFO     ___FILE_ONLY___  
2026-05-07 14:15:53,460 INFO     ___FILE_ONLY___ in
2026-05-07 14:15:53,460 INFO     ___FILE_ONLY___  
2026-05-07 14:15:53,461 INFO     ___FILE_ONLY___ the
2026-05-07 14:15:53,461 INFO     ___FILE_ONLY___ 

2026-05-07 14:15:53,462 INFO     ___FILE_ONLY___         
2026-05-07 14:15:53,463 INFO     ___FILE_ONLY___ --ignore-file.
2026-05-07 14:15:53,464 INFO     ___FILE_ONLY___  
2026-05-07 14:15:53,464 INFO     ___FILE_ONLY___ If
2026-05-07 14:15:53,465 INFO     ___FILE_ONLY___  
2026-05-07 14:15:53,466 INFO     ___FILE_ONLY___ --ignore-file
2026-05-07 14:15:53,466 INFO     ___FILE_ONLY___  
2026-05-07 14:15:53,467 INFO     ___FILE_ONLY___ is
2026-05-07 14:15:53,468 INFO     ___FILE_ONLY___  
2026-05-07 14:15:53,468 INFO     ___FILE_ONLY___ not
2026-05-07 14:15:53,469 INFO     ___FILE_ONLY___  
2026-05-07 14:15:53,470 INFO     ___FILE_ONLY___ specified,
2026-05-07 14:15:53,470 INFO     ___FILE_ONLY___  
2026-05-07 14:15:53,471 INFO     ___FILE_ONLY___ use
2026-05-07 14:15:53,472 INFO     ___FILE_ONLY___  
2026-05-07 14:15:53,472 INFO     ___FILE_ONLY___ .gcloudignore
2026-05-07 14:15:53,473 INFO     ___FILE_ONLY___ 

2026-05-07 14:15:53,474 INFO     ___FILE_ONLY___         
2026-05-07 14:15:53,475 INFO     ___FILE_ONLY___ file.
2026-05-07 14:15:53,475 INFO     ___FILE_ONLY___  
2026-05-07 14:15:53,476 INFO     ___FILE_ONLY___ If
2026-05-07 14:15:53,477 INFO     ___FILE_ONLY___  
2026-05-07 14:15:53,477 INFO     ___FILE_ONLY___ a
2026-05-07 14:15:53,478 INFO     ___FILE_ONLY___  
2026-05-07 14:15:53,479 INFO     ___FILE_ONLY___ .gcloudignore
2026-05-07 14:15:53,480 INFO     ___FILE_ONLY___  
2026-05-07 14:15:53,480 INFO     ___FILE_ONLY___ file
2026-05-07 14:15:53,481 INFO     ___FILE_ONLY___  
2026-05-07 14:15:53,482 INFO     ___FILE_ONLY___ is
2026-05-07 14:15:53,482 INFO     ___FILE_ONLY___  
2026-05-07 14:15:53,483 INFO     ___FILE_ONLY___ absent
2026-05-07 14:15:53,483 INFO     ___FILE_ONLY___  
2026-05-07 14:15:53,484 INFO     ___FILE_ONLY___ and
2026-05-07 14:15:53,484 INFO     ___FILE_ONLY___  
2026-05-07 14:15:53,485 INFO     ___FILE_ONLY___ a
2026-05-07 14:15:53,485 INFO     ___FILE_ONLY___  
2026-05-07 14:15:53,486 INFO     ___FILE_ONLY___ .gitignore
2026-05-07 14:15:53,487 INFO     ___FILE_ONLY___  
2026-05-07 14:15:53,487 INFO     ___FILE_ONLY___ file
2026-05-07 14:15:53,488 INFO     ___FILE_ONLY___  
2026-05-07 14:15:53,489 INFO     ___FILE_ONLY___ is
2026-05-07 14:15:53,489 INFO     ___FILE_ONLY___ 

2026-05-07 14:15:53,490 INFO     ___FILE_ONLY___         
2026-05-07 14:15:53,491 INFO     ___FILE_ONLY___ present
2026-05-07 14:15:53,492 INFO     ___FILE_ONLY___  
2026-05-07 14:15:53,492 INFO     ___FILE_ONLY___ in
2026-05-07 14:15:53,493 INFO     ___FILE_ONLY___  
2026-05-07 14:15:53,493 INFO     ___FILE_ONLY___ the
2026-05-07 14:15:53,494 INFO     ___FILE_ONLY___  
2026-05-07 14:15:53,494 INFO     ___FILE_ONLY___ local
2026-05-07 14:15:53,495 INFO     ___FILE_ONLY___  
2026-05-07 14:15:53,495 INFO     ___FILE_ONLY___ source
2026-05-07 14:15:53,497 INFO     ___FILE_ONLY___  
2026-05-07 14:15:53,498 INFO     ___FILE_ONLY___ directory,
2026-05-07 14:15:53,498 INFO     ___FILE_ONLY___  
2026-05-07 14:15:53,499 INFO     ___FILE_ONLY___ gcloud
2026-05-07 14:15:53,499 INFO     ___FILE_ONLY___  
2026-05-07 14:15:53,500 INFO     ___FILE_ONLY___ will
2026-05-07 14:15:53,500 INFO     ___FILE_ONLY___  
2026-05-07 14:15:53,501 INFO     ___FILE_ONLY___ use
2026-05-07 14:15:53,502 INFO     ___FILE_ONLY___  
2026-05-07 14:15:53,502 INFO     ___FILE_ONLY___ a
2026-05-07 14:15:53,503 INFO     ___FILE_ONLY___  
2026-05-07 14:15:53,503 INFO     ___FILE_ONLY___ generated
2026-05-07 14:15:53,504 INFO     ___FILE_ONLY___ 

2026-05-07 14:15:53,505 INFO     ___FILE_ONLY___         
2026-05-07 14:15:53,506 INFO     ___FILE_ONLY___ Git-compatible
2026-05-07 14:15:53,507 INFO     ___FILE_ONLY___  
2026-05-07 14:15:53,508 INFO     ___FILE_ONLY___ .gcloudignore
2026-05-07 14:15:53,508 INFO     ___FILE_ONLY___  
2026-05-07 14:15:53,509 INFO     ___FILE_ONLY___ file
2026-05-07 14:15:53,509 INFO     ___FILE_ONLY___  
2026-05-07 14:15:53,510 INFO     ___FILE_ONLY___ that
2026-05-07 14:15:53,511 INFO     ___FILE_ONLY___  
2026-05-07 14:15:53,511 INFO     ___FILE_ONLY___ respects
2026-05-07 14:15:53,512 INFO     ___FILE_ONLY___  
2026-05-07 14:15:53,513 INFO     ___FILE_ONLY___ your
2026-05-07 14:15:53,514 INFO     ___FILE_ONLY___  
2026-05-07 14:15:53,515 INFO     ___FILE_ONLY___ .gitignored
2026-05-07 14:15:53,516 INFO     ___FILE_ONLY___  
2026-05-07 14:15:53,516 INFO     ___FILE_ONLY___ files.
2026-05-07 14:15:53,517 INFO     ___FILE_ONLY___ 

2026-05-07 14:15:53,517 INFO     ___FILE_ONLY___         
2026-05-07 14:15:53,519 INFO     ___FILE_ONLY___ The
2026-05-07 14:15:53,519 INFO     ___FILE_ONLY___  
2026-05-07 14:15:53,520 INFO     ___FILE_ONLY___ global
2026-05-07 14:15:53,520 INFO     ___FILE_ONLY___  
2026-05-07 14:15:53,521 INFO     ___FILE_ONLY___ .gitignore
2026-05-07 14:15:53,521 INFO     ___FILE_ONLY___  
2026-05-07 14:15:53,522 INFO     ___FILE_ONLY___ is
2026-05-07 14:15:53,522 INFO     ___FILE_ONLY___  
2026-05-07 14:15:53,523 INFO     ___FILE_ONLY___ not
2026-05-07 14:15:53,523 INFO     ___FILE_ONLY___  
2026-05-07 14:15:53,524 INFO     ___FILE_ONLY___ respected.
2026-05-07 14:15:53,526 INFO     ___FILE_ONLY___  
2026-05-07 14:15:53,527 INFO     ___FILE_ONLY___ For
2026-05-07 14:15:53,528 INFO     ___FILE_ONLY___  
2026-05-07 14:15:53,528 INFO     ___FILE_ONLY___ more
2026-05-07 14:15:53,529 INFO     ___FILE_ONLY___  
2026-05-07 14:15:53,531 INFO     ___FILE_ONLY___ information
2026-05-07 14:15:53,531 INFO     ___FILE_ONLY___  
2026-05-07 14:15:53,532 INFO     ___FILE_ONLY___ on
2026-05-07 14:15:53,532 INFO     ___FILE_ONLY___ 

2026-05-07 14:15:53,533 INFO     ___FILE_ONLY___         
2026-05-07 14:15:53,533 INFO     ___FILE_ONLY___ .gcloudignore,
2026-05-07 14:15:53,534 INFO     ___FILE_ONLY___  
2026-05-07 14:15:53,535 INFO     ___FILE_ONLY___ see
2026-05-07 14:15:53,535 INFO     ___FILE_ONLY___  
2026-05-07 14:15:53,536 INFO     ___FILE_ONLY___ gcloud
2026-05-07 14:15:53,536 INFO     ___FILE_ONLY___  
2026-05-07 14:15:53,537 INFO     ___FILE_ONLY___ topic
2026-05-07 14:15:53,537 INFO     ___FILE_ONLY___  
2026-05-07 14:15:53,538 INFO     ___FILE_ONLY___ gcloudignore.
2026-05-07 14:15:53,538 INFO     ___FILE_ONLY___ 

2026-05-07 14:15:53,539 INFO     ___FILE_ONLY___ 

2026-05-07 14:15:53,539 INFO     ___FILE_ONLY___     
2026-05-07 14:15:53,540 INFO     ___FILE_ONLY___  
2026-05-07 14:15:53,540 INFO     ___FILE_ONLY___ At
2026-05-07 14:15:53,541 INFO     ___FILE_ONLY___  
2026-05-07 14:15:53,542 INFO     ___FILE_ONLY___ most
2026-05-07 14:15:53,542 INFO     ___FILE_ONLY___  
2026-05-07 14:15:53,543 INFO     ___FILE_ONLY___ one
2026-05-07 14:15:53,544 INFO     ___FILE_ONLY___  
2026-05-07 14:15:53,544 INFO     ___FILE_ONLY___ of
2026-05-07 14:15:53,545 INFO     ___FILE_ONLY___  
2026-05-07 14:15:53,546 INFO     ___FILE_ONLY___ these
2026-05-07 14:15:53,547 INFO     ___FILE_ONLY___  
2026-05-07 14:15:53,547 INFO     ___FILE_ONLY___ can
2026-05-07 14:15:53,548 INFO     ___FILE_ONLY___  
2026-05-07 14:15:53,549 INFO     ___FILE_ONLY___ be
2026-05-07 14:15:53,549 INFO     ___FILE_ONLY___  
2026-05-07 14:15:53,550 INFO     ___FILE_ONLY___ specified:
2026-05-07 14:15:53,550 INFO     ___FILE_ONLY___ 

2026-05-07 14:15:53,551 INFO     ___FILE_ONLY___ 

2026-05-07 14:15:53,551 INFO     ___FILE_ONLY___        --binary-authorization=POLICY

2026-05-07 14:15:53,552 INFO     ___FILE_ONLY___          
2026-05-07 14:15:53,553 INFO     ___FILE_ONLY___  
2026-05-07 14:15:53,553 INFO     ___FILE_ONLY___ Binary
2026-05-07 14:15:53,554 INFO     ___FILE_ONLY___  
2026-05-07 14:15:53,554 INFO     ___FILE_ONLY___ Authorization
2026-05-07 14:15:53,555 INFO     ___FILE_ONLY___  
2026-05-07 14:15:53,556 INFO     ___FILE_ONLY___ policy
2026-05-07 14:15:53,556 INFO     ___FILE_ONLY___  
2026-05-07 14:15:53,557 INFO     ___FILE_ONLY___ to
2026-05-07 14:15:53,557 INFO     ___FILE_ONLY___  
2026-05-07 14:15:53,559 INFO     ___FILE_ONLY___ check
2026-05-07 14:15:53,559 INFO     ___FILE_ONLY___  
2026-05-07 14:15:53,560 INFO     ___FILE_ONLY___ against.
2026-05-07 14:15:53,560 INFO     ___FILE_ONLY___  
2026-05-07 14:15:53,561 INFO     ___FILE_ONLY___ This
2026-05-07 14:15:53,562 INFO     ___FILE_ONLY___  
2026-05-07 14:15:53,563 INFO     ___FILE_ONLY___ must
2026-05-07 14:15:53,564 INFO     ___FILE_ONLY___  
2026-05-07 14:15:53,564 INFO     ___FILE_ONLY___ be
2026-05-07 14:15:53,565 INFO     ___FILE_ONLY___  
2026-05-07 14:15:53,566 INFO     ___FILE_ONLY___ set
2026-05-07 14:15:53,566 INFO     ___FILE_ONLY___  
2026-05-07 14:15:53,567 INFO     ___FILE_ONLY___ to
2026-05-07 14:15:53,567 INFO     ___FILE_ONLY___ 

2026-05-07 14:15:53,568 INFO     ___FILE_ONLY___           
2026-05-07 14:15:53,568 INFO     ___FILE_ONLY___ "default".
2026-05-07 14:15:53,569 INFO     ___FILE_ONLY___ 

2026-05-07 14:15:53,569 INFO     ___FILE_ONLY___ 

2026-05-07 14:15:53,570 INFO     ___FILE_ONLY___        --clear-binary-authorization

2026-05-07 14:15:53,570 INFO     ___FILE_ONLY___          
2026-05-07 14:15:53,571 INFO     ___FILE_ONLY___  
2026-05-07 14:15:53,571 INFO     ___FILE_ONLY___ Remove
2026-05-07 14:15:53,571 INFO     ___FILE_ONLY___  
2026-05-07 14:15:53,572 INFO     ___FILE_ONLY___ any
2026-05-07 14:15:53,572 INFO     ___FILE_ONLY___  
2026-05-07 14:15:53,573 INFO     ___FILE_ONLY___ previously
2026-05-07 14:15:53,573 INFO     ___FILE_ONLY___  
2026-05-07 14:15:53,574 INFO     ___FILE_ONLY___ set
2026-05-07 14:15:53,574 INFO     ___FILE_ONLY___  
2026-05-07 14:15:53,575 INFO     ___FILE_ONLY___ Binary
2026-05-07 14:15:53,575 INFO     ___FILE_ONLY___  
2026-05-07 14:15:53,576 INFO     ___FILE_ONLY___ Authorization
2026-05-07 14:15:53,576 INFO     ___FILE_ONLY___  
2026-05-07 14:15:53,577 INFO     ___FILE_ONLY___ policy.
2026-05-07 14:15:53,577 INFO     ___FILE_ONLY___ 

2026-05-07 14:15:53,577 INFO     ___FILE_ONLY___ 

2026-05-07 14:15:53,578 INFO     ___FILE_ONLY___     
2026-05-07 14:15:53,578 INFO     ___FILE_ONLY___  
2026-05-07 14:15:53,579 INFO     ___FILE_ONLY___ At
2026-05-07 14:15:53,580 INFO     ___FILE_ONLY___  
2026-05-07 14:15:53,581 INFO     ___FILE_ONLY___ most
2026-05-07 14:15:53,581 INFO     ___FILE_ONLY___  
2026-05-07 14:15:53,582 INFO     ___FILE_ONLY___ one
2026-05-07 14:15:53,582 INFO     ___FILE_ONLY___  
2026-05-07 14:15:53,583 INFO     ___FILE_ONLY___ of
2026-05-07 14:15:53,583 INFO     ___FILE_ONLY___  
2026-05-07 14:15:53,584 INFO     ___FILE_ONLY___ these
2026-05-07 14:15:53,584 INFO     ___FILE_ONLY___  
2026-05-07 14:15:53,585 INFO     ___FILE_ONLY___ can
2026-05-07 14:15:53,585 INFO     ___FILE_ONLY___  
2026-05-07 14:15:53,586 INFO     ___FILE_ONLY___ be
2026-05-07 14:15:53,586 INFO     ___FILE_ONLY___  
2026-05-07 14:15:53,587 INFO     ___FILE_ONLY___ specified:
2026-05-07 14:15:53,587 INFO     ___FILE_ONLY___ 

2026-05-07 14:15:53,588 INFO     ___FILE_ONLY___ 

2026-05-07 14:15:53,588 INFO     ___FILE_ONLY___        --clear-encryption-key-shutdown-hours

2026-05-07 14:15:53,589 INFO     ___FILE_ONLY___          
2026-05-07 14:15:53,590 INFO     ___FILE_ONLY___  
2026-05-07 14:15:53,591 INFO     ___FILE_ONLY___ Remove
2026-05-07 14:15:53,591 INFO     ___FILE_ONLY___  
2026-05-07 14:15:53,592 INFO     ___FILE_ONLY___ any
2026-05-07 14:15:53,592 INFO     ___FILE_ONLY___  
2026-05-07 14:15:53,592 INFO     ___FILE_ONLY___ previously
2026-05-07 14:15:53,593 INFO     ___FILE_ONLY___  
2026-05-07 14:15:53,593 INFO     ___FILE_ONLY___ set
2026-05-07 14:15:53,594 INFO     ___FILE_ONLY___  
2026-05-07 14:15:53,594 INFO     ___FILE_ONLY___ CMEK
2026-05-07 14:15:53,595 INFO     ___FILE_ONLY___  
2026-05-07 14:15:53,596 INFO     ___FILE_ONLY___ key
2026-05-07 14:15:53,596 INFO     ___FILE_ONLY___  
2026-05-07 14:15:53,597 INFO     ___FILE_ONLY___ shutdown
2026-05-07 14:15:53,597 INFO     ___FILE_ONLY___  
2026-05-07 14:15:53,598 INFO     ___FILE_ONLY___ hours
2026-05-07 14:15:53,598 INFO     ___FILE_ONLY___  
2026-05-07 14:15:53,599 INFO     ___FILE_ONLY___ setting.
2026-05-07 14:15:53,599 INFO     ___FILE_ONLY___ 

2026-05-07 14:15:53,600 INFO     ___FILE_ONLY___ 

2026-05-07 14:15:53,600 INFO     ___FILE_ONLY___        --encryption-key-shutdown-hours=ENCRYPTION_KEY_SHUTDOWN_HOURS

2026-05-07 14:15:53,601 INFO     ___FILE_ONLY___          
2026-05-07 14:15:53,601 INFO     ___FILE_ONLY___  
2026-05-07 14:15:53,602 INFO     ___FILE_ONLY___ The
2026-05-07 14:15:53,602 INFO     ___FILE_ONLY___  
2026-05-07 14:15:53,603 INFO     ___FILE_ONLY___ number
2026-05-07 14:15:53,603 INFO     ___FILE_ONLY___  
2026-05-07 14:15:53,604 INFO     ___FILE_ONLY___ of
2026-05-07 14:15:53,604 INFO     ___FILE_ONLY___  
2026-05-07 14:15:53,605 INFO     ___FILE_ONLY___ hours
2026-05-07 14:15:53,605 INFO     ___FILE_ONLY___  
2026-05-07 14:15:53,606 INFO     ___FILE_ONLY___ to
2026-05-07 14:15:53,606 INFO     ___FILE_ONLY___  
2026-05-07 14:15:53,606 INFO     ___FILE_ONLY___ wait
2026-05-07 14:15:53,607 INFO     ___FILE_ONLY___  
2026-05-07 14:15:53,607 INFO     ___FILE_ONLY___ before
2026-05-07 14:15:53,608 INFO     ___FILE_ONLY___  
2026-05-07 14:15:53,608 INFO     ___FILE_ONLY___ an
2026-05-07 14:15:53,609 INFO     ___FILE_ONLY___  
2026-05-07 14:15:53,609 INFO     ___FILE_ONLY___ automatic
2026-05-07 14:15:53,610 INFO     ___FILE_ONLY___  
2026-05-07 14:15:53,610 INFO     ___FILE_ONLY___ shutdown
2026-05-07 14:15:53,611 INFO     ___FILE_ONLY___  
2026-05-07 14:15:53,611 INFO     ___FILE_ONLY___ server
2026-05-07 14:15:53,612 INFO     ___FILE_ONLY___  
2026-05-07 14:15:53,612 INFO     ___FILE_ONLY___ after
2026-05-07 14:15:53,613 INFO     ___FILE_ONLY___ 

2026-05-07 14:15:53,614 INFO     ___FILE_ONLY___           
2026-05-07 14:15:53,614 INFO     ___FILE_ONLY___ CMEK
2026-05-07 14:15:53,615 INFO     ___FILE_ONLY___  
2026-05-07 14:15:53,615 INFO     ___FILE_ONLY___ key
2026-05-07 14:15:53,616 INFO     ___FILE_ONLY___  
2026-05-07 14:15:53,616 INFO     ___FILE_ONLY___ revocation
2026-05-07 14:15:53,617 INFO     ___FILE_ONLY___  
2026-05-07 14:15:53,618 INFO     ___FILE_ONLY___ is
2026-05-07 14:15:53,618 INFO     ___FILE_ONLY___  
2026-05-07 14:15:53,619 INFO     ___FILE_ONLY___ detected.
2026-05-07 14:15:53,619 INFO     ___FILE_ONLY___ 

2026-05-07 14:15:53,620 INFO     ___FILE_ONLY___ 

2026-05-07 14:15:53,621 INFO     ___FILE_ONLY___     
2026-05-07 14:15:53,621 INFO     ___FILE_ONLY___  
2026-05-07 14:15:53,621 INFO     ___FILE_ONLY___ At
2026-05-07 14:15:53,622 INFO     ___FILE_ONLY___  
2026-05-07 14:15:53,622 INFO     ___FILE_ONLY___ most
2026-05-07 14:15:53,623 INFO     ___FILE_ONLY___  
2026-05-07 14:15:53,623 INFO     ___FILE_ONLY___ one
2026-05-07 14:15:53,624 INFO     ___FILE_ONLY___  
2026-05-07 14:15:53,624 INFO     ___FILE_ONLY___ of
2026-05-07 14:15:53,625 INFO     ___FILE_ONLY___  
2026-05-07 14:15:53,625 INFO     ___FILE_ONLY___ these
2026-05-07 14:15:53,626 INFO     ___FILE_ONLY___  
2026-05-07 14:15:53,626 INFO     ___FILE_ONLY___ can
2026-05-07 14:15:53,627 INFO     ___FILE_ONLY___  
2026-05-07 14:15:53,627 INFO     ___FILE_ONLY___ be
2026-05-07 14:15:53,627 INFO     ___FILE_ONLY___  
2026-05-07 14:15:53,628 INFO     ___FILE_ONLY___ specified:
2026-05-07 14:15:53,628 INFO     ___FILE_ONLY___ 

2026-05-07 14:15:53,629 INFO     ___FILE_ONLY___ 

2026-05-07 14:15:53,630 INFO     ___FILE_ONLY___        --clear-key

2026-05-07 14:15:53,631 INFO     ___FILE_ONLY___          
2026-05-07 14:15:53,631 INFO     ___FILE_ONLY___  
2026-05-07 14:15:53,632 INFO     ___FILE_ONLY___ Remove
2026-05-07 14:15:53,632 INFO     ___FILE_ONLY___  
2026-05-07 14:15:53,633 INFO     ___FILE_ONLY___ any
2026-05-07 14:15:53,633 INFO     ___FILE_ONLY___  
2026-05-07 14:15:53,634 INFO     ___FILE_ONLY___ previously
2026-05-07 14:15:53,634 INFO     ___FILE_ONLY___  
2026-05-07 14:15:53,635 INFO     ___FILE_ONLY___ set
2026-05-07 14:15:53,635 INFO     ___FILE_ONLY___  
2026-05-07 14:15:53,635 INFO     ___FILE_ONLY___ CMEK
2026-05-07 14:15:53,636 INFO     ___FILE_ONLY___  
2026-05-07 14:15:53,636 INFO     ___FILE_ONLY___ key
2026-05-07 14:15:53,637 INFO     ___FILE_ONLY___  
2026-05-07 14:15:53,637 INFO     ___FILE_ONLY___ reference.
2026-05-07 14:15:53,638 INFO     ___FILE_ONLY___ 

2026-05-07 14:15:53,638 INFO     ___FILE_ONLY___ 

2026-05-07 14:15:53,639 INFO     ___FILE_ONLY___        --key=KEY

2026-05-07 14:15:53,639 INFO     ___FILE_ONLY___          
2026-05-07 14:15:53,640 INFO     ___FILE_ONLY___  
2026-05-07 14:15:53,640 INFO     ___FILE_ONLY___ CMEK
2026-05-07 14:15:53,641 INFO     ___FILE_ONLY___  
2026-05-07 14:15:53,641 INFO     ___FILE_ONLY___ key
2026-05-07 14:15:53,642 INFO     ___FILE_ONLY___  
2026-05-07 14:15:53,642 INFO     ___FILE_ONLY___ reference
2026-05-07 14:15:53,643 INFO     ___FILE_ONLY___  
2026-05-07 14:15:53,643 INFO     ___FILE_ONLY___ to
2026-05-07 14:15:53,644 INFO     ___FILE_ONLY___  
2026-05-07 14:15:53,646 INFO     ___FILE_ONLY___ encrypt
2026-05-07 14:15:53,646 INFO     ___FILE_ONLY___  
2026-05-07 14:15:53,647 INFO     ___FILE_ONLY___ the
2026-05-07 14:15:53,647 INFO     ___FILE_ONLY___  
2026-05-07 14:15:53,648 INFO     ___FILE_ONLY___ container
2026-05-07 14:15:53,649 INFO     ___FILE_ONLY___  
2026-05-07 14:15:53,649 INFO     ___FILE_ONLY___ with.
2026-05-07 14:15:53,650 INFO     ___FILE_ONLY___ 

2026-05-07 14:15:53,650 INFO     ___FILE_ONLY___ 

2026-05-07 14:15:53,651 INFO     ___FILE_ONLY___     
2026-05-07 14:15:53,651 INFO     ___FILE_ONLY___  
2026-05-07 14:15:53,652 INFO     ___FILE_ONLY___ At
2026-05-07 14:15:53,652 INFO     ___FILE_ONLY___  
2026-05-07 14:15:53,653 INFO     ___FILE_ONLY___ most
2026-05-07 14:15:53,653 INFO     ___FILE_ONLY___  
2026-05-07 14:15:53,654 INFO     ___FILE_ONLY___ one
2026-05-07 14:15:53,654 INFO     ___FILE_ONLY___  
2026-05-07 14:15:53,655 INFO     ___FILE_ONLY___ of
2026-05-07 14:15:53,655 INFO     ___FILE_ONLY___  
2026-05-07 14:15:53,656 INFO     ___FILE_ONLY___ these
2026-05-07 14:15:53,656 INFO     ___FILE_ONLY___  
2026-05-07 14:15:53,657 INFO     ___FILE_ONLY___ can
2026-05-07 14:15:53,657 INFO     ___FILE_ONLY___  
2026-05-07 14:15:53,658 INFO     ___FILE_ONLY___ be
2026-05-07 14:15:53,658 INFO     ___FILE_ONLY___  
2026-05-07 14:15:53,659 INFO     ___FILE_ONLY___ specified:
2026-05-07 14:15:53,659 INFO     ___FILE_ONLY___ 

2026-05-07 14:15:53,660 INFO     ___FILE_ONLY___ 

2026-05-07 14:15:53,660 INFO     ___FILE_ONLY___        --clear-labels

2026-05-07 14:15:53,661 INFO     ___FILE_ONLY___          
2026-05-07 14:15:53,661 INFO     ___FILE_ONLY___  
2026-05-07 14:15:53,661 INFO     ___FILE_ONLY___ Remove
2026-05-07 14:15:53,662 INFO     ___FILE_ONLY___  
2026-05-07 14:15:53,663 INFO     ___FILE_ONLY___ all
2026-05-07 14:15:53,663 INFO     ___FILE_ONLY___  
2026-05-07 14:15:53,664 INFO     ___FILE_ONLY___ labels.
2026-05-07 14:15:53,665 INFO     ___FILE_ONLY___  
2026-05-07 14:15:53,665 INFO     ___FILE_ONLY___ If
2026-05-07 14:15:53,665 INFO     ___FILE_ONLY___  
2026-05-07 14:15:53,666 INFO     ___FILE_ONLY___ --update-labels
2026-05-07 14:15:53,666 INFO     ___FILE_ONLY___  
2026-05-07 14:15:53,667 INFO     ___FILE_ONLY___ is
2026-05-07 14:15:53,667 INFO     ___FILE_ONLY___  
2026-05-07 14:15:53,668 INFO     ___FILE_ONLY___ also
2026-05-07 14:15:53,668 INFO     ___FILE_ONLY___  
2026-05-07 14:15:53,669 INFO     ___FILE_ONLY___ specified
2026-05-07 14:15:53,669 INFO     ___FILE_ONLY___  
2026-05-07 14:15:53,670 INFO     ___FILE_ONLY___ then
2026-05-07 14:15:53,670 INFO     ___FILE_ONLY___ 

2026-05-07 14:15:53,671 INFO     ___FILE_ONLY___           
2026-05-07 14:15:53,671 INFO     ___FILE_ONLY___ --clear-labels
2026-05-07 14:15:53,672 INFO     ___FILE_ONLY___  
2026-05-07 14:15:53,673 INFO     ___FILE_ONLY___ is
2026-05-07 14:15:53,673 INFO     ___FILE_ONLY___  
2026-05-07 14:15:53,674 INFO     ___FILE_ONLY___ applied
2026-05-07 14:15:53,674 INFO     ___FILE_ONLY___  
2026-05-07 14:15:53,675 INFO     ___FILE_ONLY___ first.
2026-05-07 14:15:53,675 INFO     ___FILE_ONLY___ 

2026-05-07 14:15:53,676 INFO     ___FILE_ONLY___ 

2026-05-07 14:15:53,676 INFO     ___FILE_ONLY___          
2026-05-07 14:15:53,677 INFO     ___FILE_ONLY___  
2026-05-07 14:15:53,677 INFO     ___FILE_ONLY___ For
2026-05-07 14:15:53,678 INFO     ___FILE_ONLY___  
2026-05-07 14:15:53,678 INFO     ___FILE_ONLY___ example,
2026-05-07 14:15:53,678 INFO     ___FILE_ONLY___  
2026-05-07 14:15:53,679 INFO     ___FILE_ONLY___ to
2026-05-07 14:15:53,680 INFO     ___FILE_ONLY___  
2026-05-07 14:15:53,681 INFO     ___FILE_ONLY___ remove
2026-05-07 14:15:53,681 INFO     ___FILE_ONLY___  
2026-05-07 14:15:53,682 INFO     ___FILE_ONLY___ all
2026-05-07 14:15:53,682 INFO     ___FILE_ONLY___  
2026-05-07 14:15:53,683 INFO     ___FILE_ONLY___ labels:
2026-05-07 14:15:53,683 INFO     ___FILE_ONLY___ 

2026-05-07 14:15:53,684 INFO     ___FILE_ONLY___ 

2026-05-07 14:15:53,684 INFO     ___FILE_ONLY___               $ gcloud run deploy --clear-labels

2026-05-07 14:15:53,684 INFO     ___FILE_ONLY___ 

2026-05-07 14:15:53,685 INFO     ___FILE_ONLY___          
2026-05-07 14:15:53,685 INFO     ___FILE_ONLY___  
2026-05-07 14:15:53,686 INFO     ___FILE_ONLY___ To
2026-05-07 14:15:53,686 INFO     ___FILE_ONLY___  
2026-05-07 14:15:53,687 INFO     ___FILE_ONLY___ remove
2026-05-07 14:15:53,687 INFO     ___FILE_ONLY___  
2026-05-07 14:15:53,688 INFO     ___FILE_ONLY___ all
2026-05-07 14:15:53,688 INFO     ___FILE_ONLY___  
2026-05-07 14:15:53,689 INFO     ___FILE_ONLY___ existing
2026-05-07 14:15:53,689 INFO     ___FILE_ONLY___  
2026-05-07 14:15:53,690 INFO     ___FILE_ONLY___ labels
2026-05-07 14:15:53,690 INFO     ___FILE_ONLY___  
2026-05-07 14:15:53,690 INFO     ___FILE_ONLY___ and
2026-05-07 14:15:53,691 INFO     ___FILE_ONLY___  
2026-05-07 14:15:53,691 INFO     ___FILE_ONLY___ create
2026-05-07 14:15:53,692 INFO     ___FILE_ONLY___  
2026-05-07 14:15:53,692 INFO     ___FILE_ONLY___ two
2026-05-07 14:15:53,693 INFO     ___FILE_ONLY___  
2026-05-07 14:15:53,693 INFO     ___FILE_ONLY___ new
2026-05-07 14:15:53,694 INFO     ___FILE_ONLY___  
2026-05-07 14:15:53,694 INFO     ___FILE_ONLY___ labels,
2026-05-07 14:15:53,695 INFO     ___FILE_ONLY___  
2026-05-07 14:15:53,695 INFO     ___FILE_ONLY___ foo
2026-05-07 14:15:53,697 INFO     ___FILE_ONLY___  
2026-05-07 14:15:53,697 INFO     ___FILE_ONLY___ and
2026-05-07 14:15:53,698 INFO     ___FILE_ONLY___  
2026-05-07 14:15:53,699 INFO     ___FILE_ONLY___ baz:
2026-05-07 14:15:53,700 INFO     ___FILE_ONLY___ 

2026-05-07 14:15:53,700 INFO     ___FILE_ONLY___ 

2026-05-07 14:15:53,701 INFO     ___FILE_ONLY___               $ gcloud run deploy --clear-labels --update-labels foo=bar,baz=qux

2026-05-07 14:15:53,701 INFO     ___FILE_ONLY___ 

2026-05-07 14:15:53,702 INFO     ___FILE_ONLY___        --remove-labels=[KEY,...]

2026-05-07 14:15:53,702 INFO     ___FILE_ONLY___          
2026-05-07 14:15:53,703 INFO     ___FILE_ONLY___  
2026-05-07 14:15:53,704 INFO     ___FILE_ONLY___ List
2026-05-07 14:15:53,704 INFO     ___FILE_ONLY___  
2026-05-07 14:15:53,705 INFO     ___FILE_ONLY___ of
2026-05-07 14:15:53,705 INFO     ___FILE_ONLY___  
2026-05-07 14:15:53,706 INFO     ___FILE_ONLY___ label
2026-05-07 14:15:53,706 INFO     ___FILE_ONLY___  
2026-05-07 14:15:53,707 INFO     ___FILE_ONLY___ keys
2026-05-07 14:15:53,707 INFO     ___FILE_ONLY___  
2026-05-07 14:15:53,708 INFO     ___FILE_ONLY___ to
2026-05-07 14:15:53,708 INFO     ___FILE_ONLY___  
2026-05-07 14:15:53,709 INFO     ___FILE_ONLY___ remove.
2026-05-07 14:15:53,709 INFO     ___FILE_ONLY___  
2026-05-07 14:15:53,710 INFO     ___FILE_ONLY___ If
2026-05-07 14:15:53,710 INFO     ___FILE_ONLY___  
2026-05-07 14:15:53,711 INFO     ___FILE_ONLY___ a
2026-05-07 14:15:53,712 INFO     ___FILE_ONLY___  
2026-05-07 14:15:53,712 INFO     ___FILE_ONLY___ label
2026-05-07 14:15:53,714 INFO     ___FILE_ONLY___  
2026-05-07 14:15:53,715 INFO     ___FILE_ONLY___ does
2026-05-07 14:15:53,715 INFO     ___FILE_ONLY___  
2026-05-07 14:15:53,716 INFO     ___FILE_ONLY___ not
2026-05-07 14:15:53,716 INFO     ___FILE_ONLY___  
2026-05-07 14:15:53,717 INFO     ___FILE_ONLY___ exist
2026-05-07 14:15:53,717 INFO     ___FILE_ONLY___  
2026-05-07 14:15:53,718 INFO     ___FILE_ONLY___ it
2026-05-07 14:15:53,718 INFO     ___FILE_ONLY___  
2026-05-07 14:15:53,718 INFO     ___FILE_ONLY___ is
2026-05-07 14:15:53,719 INFO     ___FILE_ONLY___ 

2026-05-07 14:15:53,719 INFO     ___FILE_ONLY___           
2026-05-07 14:15:53,720 INFO     ___FILE_ONLY___ silently
2026-05-07 14:15:53,720 INFO     ___FILE_ONLY___  
2026-05-07 14:15:53,721 INFO     ___FILE_ONLY___ ignored.
2026-05-07 14:15:53,721 INFO     ___FILE_ONLY___  
2026-05-07 14:15:53,722 INFO     ___FILE_ONLY___ If
2026-05-07 14:15:53,722 INFO     ___FILE_ONLY___  
2026-05-07 14:15:53,723 INFO     ___FILE_ONLY___ --update-labels
2026-05-07 14:15:53,723 INFO     ___FILE_ONLY___  
2026-05-07 14:15:53,724 INFO     ___FILE_ONLY___ is
2026-05-07 14:15:53,724 INFO     ___FILE_ONLY___  
2026-05-07 14:15:53,724 INFO     ___FILE_ONLY___ also
2026-05-07 14:15:53,725 INFO     ___FILE_ONLY___  
2026-05-07 14:15:53,725 INFO     ___FILE_ONLY___ specified
2026-05-07 14:15:53,726 INFO     ___FILE_ONLY___  
2026-05-07 14:15:53,727 INFO     ___FILE_ONLY___ then
2026-05-07 14:15:53,727 INFO     ___FILE_ONLY___ 

2026-05-07 14:15:53,728 INFO     ___FILE_ONLY___           
2026-05-07 14:15:53,728 INFO     ___FILE_ONLY___ --update-labels
2026-05-07 14:15:53,729 INFO     ___FILE_ONLY___  
2026-05-07 14:15:53,730 INFO     ___FILE_ONLY___ is
2026-05-07 14:15:53,731 INFO     ___FILE_ONLY___  
2026-05-07 14:15:53,732 INFO     ___FILE_ONLY___ applied
2026-05-07 14:15:53,732 INFO     ___FILE_ONLY___  
2026-05-07 14:15:53,733 INFO     ___FILE_ONLY___ first.
2026-05-07 14:15:53,733 INFO     ___FILE_ONLY___ 

2026-05-07 14:15:53,734 INFO     ___FILE_ONLY___ 

2026-05-07 14:15:53,734 INFO     ___FILE_ONLY___     
2026-05-07 14:15:53,735 INFO     ___FILE_ONLY___  
2026-05-07 14:15:53,735 INFO     ___FILE_ONLY___ At
2026-05-07 14:15:53,736 INFO     ___FILE_ONLY___  
2026-05-07 14:15:53,736 INFO     ___FILE_ONLY___ most
2026-05-07 14:15:53,737 INFO     ___FILE_ONLY___  
2026-05-07 14:15:53,737 INFO     ___FILE_ONLY___ one
2026-05-07 14:15:53,737 INFO     ___FILE_ONLY___  
2026-05-07 14:15:53,738 INFO     ___FILE_ONLY___ of
2026-05-07 14:15:53,738 INFO     ___FILE_ONLY___  
2026-05-07 14:15:53,739 INFO     ___FILE_ONLY___ these
2026-05-07 14:15:53,739 INFO     ___FILE_ONLY___  
2026-05-07 14:15:53,740 INFO     ___FILE_ONLY___ can
2026-05-07 14:15:53,740 INFO     ___FILE_ONLY___  
2026-05-07 14:15:53,741 INFO     ___FILE_ONLY___ be
2026-05-07 14:15:53,741 INFO     ___FILE_ONLY___  
2026-05-07 14:15:53,742 INFO     ___FILE_ONLY___ specified:
2026-05-07 14:15:53,742 INFO     ___FILE_ONLY___ 

2026-05-07 14:15:53,743 INFO     ___FILE_ONLY___ 

2026-05-07 14:15:53,743 INFO     ___FILE_ONLY___        --labels=[KEY=VALUE,...]

2026-05-07 14:15:53,743 INFO     ___FILE_ONLY___          
2026-05-07 14:15:53,744 INFO     ___FILE_ONLY___  
2026-05-07 14:15:53,744 INFO     ___FILE_ONLY___ List
2026-05-07 14:15:53,745 INFO     ___FILE_ONLY___  
2026-05-07 14:15:53,745 INFO     ___FILE_ONLY___ of
2026-05-07 14:15:53,746 INFO     ___FILE_ONLY___  
2026-05-07 14:15:53,747 INFO     ___FILE_ONLY___ label
2026-05-07 14:15:53,747 INFO     ___FILE_ONLY___  
2026-05-07 14:15:53,748 INFO     ___FILE_ONLY___ KEY=VALUE
2026-05-07 14:15:53,748 INFO     ___FILE_ONLY___  
2026-05-07 14:15:53,749 INFO     ___FILE_ONLY___ pairs
2026-05-07 14:15:53,749 INFO     ___FILE_ONLY___  
2026-05-07 14:15:53,750 INFO     ___FILE_ONLY___ to
2026-05-07 14:15:53,750 INFO     ___FILE_ONLY___  
2026-05-07 14:15:53,751 INFO     ___FILE_ONLY___ add.
2026-05-07 14:15:53,751 INFO     ___FILE_ONLY___ 

2026-05-07 14:15:53,752 INFO     ___FILE_ONLY___ 

2026-05-07 14:15:53,752 INFO     ___FILE_ONLY___          
2026-05-07 14:15:53,752 INFO     ___FILE_ONLY___  
2026-05-07 14:15:53,753 INFO     ___FILE_ONLY___ An
2026-05-07 14:15:53,753 INFO     ___FILE_ONLY___  
2026-05-07 14:15:53,754 INFO     ___FILE_ONLY___ alias
2026-05-07 14:15:53,754 INFO     ___FILE_ONLY___  
2026-05-07 14:15:53,756 INFO     ___FILE_ONLY___ to
2026-05-07 14:15:53,756 INFO     ___FILE_ONLY___  
2026-05-07 14:15:53,757 INFO     ___FILE_ONLY___ --update-labels.
2026-05-07 14:15:53,757 INFO     ___FILE_ONLY___ 

2026-05-07 14:15:53,758 INFO     ___FILE_ONLY___ 

2026-05-07 14:15:53,758 INFO     ___FILE_ONLY___        --update-labels=[KEY=VALUE,...]

2026-05-07 14:15:53,759 INFO     ___FILE_ONLY___          
2026-05-07 14:15:53,759 INFO     ___FILE_ONLY___  
2026-05-07 14:15:53,760 INFO     ___FILE_ONLY___ List
2026-05-07 14:15:53,760 INFO     ___FILE_ONLY___  
2026-05-07 14:15:53,760 INFO     ___FILE_ONLY___ of
2026-05-07 14:15:53,761 INFO     ___FILE_ONLY___  
2026-05-07 14:15:53,761 INFO     ___FILE_ONLY___ label
2026-05-07 14:15:53,762 INFO     ___FILE_ONLY___  
2026-05-07 14:15:53,763 INFO     ___FILE_ONLY___ KEY=VALUE
2026-05-07 14:15:53,764 INFO     ___FILE_ONLY___  
2026-05-07 14:15:53,764 INFO     ___FILE_ONLY___ pairs
2026-05-07 14:15:53,765 INFO     ___FILE_ONLY___  
2026-05-07 14:15:53,765 INFO     ___FILE_ONLY___ to
2026-05-07 14:15:53,765 INFO     ___FILE_ONLY___  
2026-05-07 14:15:53,766 INFO     ___FILE_ONLY___ update.
2026-05-07 14:15:53,766 INFO     ___FILE_ONLY___  
2026-05-07 14:15:53,767 INFO     ___FILE_ONLY___ If
2026-05-07 14:15:53,767 INFO     ___FILE_ONLY___  
2026-05-07 14:15:53,768 INFO     ___FILE_ONLY___ a
2026-05-07 14:15:53,768 INFO     ___FILE_ONLY___  
2026-05-07 14:15:53,769 INFO     ___FILE_ONLY___ label
2026-05-07 14:15:53,769 INFO     ___FILE_ONLY___  
2026-05-07 14:15:53,770 INFO     ___FILE_ONLY___ exists,
2026-05-07 14:15:53,770 INFO     ___FILE_ONLY___  
2026-05-07 14:15:53,771 INFO     ___FILE_ONLY___ its
2026-05-07 14:15:53,771 INFO     ___FILE_ONLY___  
2026-05-07 14:15:53,772 INFO     ___FILE_ONLY___ value
2026-05-07 14:15:53,772 INFO     ___FILE_ONLY___ 

2026-05-07 14:15:53,772 INFO     ___FILE_ONLY___           
2026-05-07 14:15:53,773 INFO     ___FILE_ONLY___ is
2026-05-07 14:15:53,773 INFO     ___FILE_ONLY___  
2026-05-07 14:15:53,774 INFO     ___FILE_ONLY___ modified.
2026-05-07 14:15:53,774 INFO     ___FILE_ONLY___  
2026-05-07 14:15:53,775 INFO     ___FILE_ONLY___ Otherwise,
2026-05-07 14:15:53,775 INFO     ___FILE_ONLY___  
2026-05-07 14:15:53,776 INFO     ___FILE_ONLY___ a
2026-05-07 14:15:53,776 INFO     ___FILE_ONLY___  
2026-05-07 14:15:53,776 INFO     ___FILE_ONLY___ new
2026-05-07 14:15:53,777 INFO     ___FILE_ONLY___  
2026-05-07 14:15:53,777 INFO     ___FILE_ONLY___ label
2026-05-07 14:15:53,778 INFO     ___FILE_ONLY___  
2026-05-07 14:15:53,779 INFO     ___FILE_ONLY___ is
2026-05-07 14:15:53,780 INFO     ___FILE_ONLY___  
2026-05-07 14:15:53,781 INFO     ___FILE_ONLY___ created.
2026-05-07 14:15:53,781 INFO     ___FILE_ONLY___ 

2026-05-07 14:15:53,782 INFO     ___FILE_ONLY___ 

2026-05-07 14:15:53,782 INFO     ___FILE_ONLY___     
2026-05-07 14:15:53,783 INFO     ___FILE_ONLY___  
2026-05-07 14:15:53,783 INFO     ___FILE_ONLY___ At
2026-05-07 14:15:53,784 INFO     ___FILE_ONLY___  
2026-05-07 14:15:53,784 INFO     ___FILE_ONLY___ most
2026-05-07 14:15:53,785 INFO     ___FILE_ONLY___  
2026-05-07 14:15:53,785 INFO     ___FILE_ONLY___ one
2026-05-07 14:15:53,786 INFO     ___FILE_ONLY___  
2026-05-07 14:15:53,786 INFO     ___FILE_ONLY___ of
2026-05-07 14:15:53,787 INFO     ___FILE_ONLY___  
2026-05-07 14:15:53,787 INFO     ___FILE_ONLY___ these
2026-05-07 14:15:53,788 INFO     ___FILE_ONLY___  
2026-05-07 14:15:53,788 INFO     ___FILE_ONLY___ can
2026-05-07 14:15:53,789 INFO     ___FILE_ONLY___  
2026-05-07 14:15:53,789 INFO     ___FILE_ONLY___ be
2026-05-07 14:15:53,789 INFO     ___FILE_ONLY___  
2026-05-07 14:15:53,790 INFO     ___FILE_ONLY___ specified:
2026-05-07 14:15:53,790 INFO     ___FILE_ONLY___ 

2026-05-07 14:15:53,791 INFO     ___FILE_ONLY___ 

2026-05-07 14:15:53,791 INFO     ___FILE_ONLY___        --clear-network

2026-05-07 14:15:53,792 INFO     ___FILE_ONLY___          
2026-05-07 14:15:53,792 INFO     ___FILE_ONLY___  
2026-05-07 14:15:53,793 INFO     ___FILE_ONLY___ Disconnect
2026-05-07 14:15:53,793 INFO     ___FILE_ONLY___  
2026-05-07 14:15:53,794 INFO     ___FILE_ONLY___ this
2026-05-07 14:15:53,794 INFO     ___FILE_ONLY___  
2026-05-07 14:15:53,795 INFO     ___FILE_ONLY___ Cloud
2026-05-07 14:15:53,795 INFO     ___FILE_ONLY___  
2026-05-07 14:15:53,795 INFO     ___FILE_ONLY___ Run
2026-05-07 14:15:53,796 INFO     ___FILE_ONLY___  
2026-05-07 14:15:53,797 INFO     ___FILE_ONLY___ service
2026-05-07 14:15:53,797 INFO     ___FILE_ONLY___  
2026-05-07 14:15:53,798 INFO     ___FILE_ONLY___ from
2026-05-07 14:15:53,798 INFO     ___FILE_ONLY___  
2026-05-07 14:15:53,799 INFO     ___FILE_ONLY___ the
2026-05-07 14:15:53,799 INFO     ___FILE_ONLY___  
2026-05-07 14:15:53,800 INFO     ___FILE_ONLY___ VPC
2026-05-07 14:15:53,800 INFO     ___FILE_ONLY___  
2026-05-07 14:15:53,801 INFO     ___FILE_ONLY___ network
2026-05-07 14:15:53,801 INFO     ___FILE_ONLY___  
2026-05-07 14:15:53,802 INFO     ___FILE_ONLY___ it
2026-05-07 14:15:53,802 INFO     ___FILE_ONLY___  
2026-05-07 14:15:53,803 INFO     ___FILE_ONLY___ is
2026-05-07 14:15:53,804 INFO     ___FILE_ONLY___ 

2026-05-07 14:15:53,805 INFO     ___FILE_ONLY___           
2026-05-07 14:15:53,806 INFO     ___FILE_ONLY___ connected
2026-05-07 14:15:53,806 INFO     ___FILE_ONLY___  
2026-05-07 14:15:53,807 INFO     ___FILE_ONLY___ to.
2026-05-07 14:15:53,808 INFO     ___FILE_ONLY___ 

2026-05-07 14:15:53,808 INFO     ___FILE_ONLY___ 

2026-05-07 14:15:53,809 INFO     ___FILE_ONLY___       
2026-05-07 14:15:53,809 INFO     ___FILE_ONLY___  
2026-05-07 14:15:53,810 INFO     ___FILE_ONLY___ Or
2026-05-07 14:15:53,810 INFO     ___FILE_ONLY___  
2026-05-07 14:15:53,811 INFO     ___FILE_ONLY___ at
2026-05-07 14:15:53,811 INFO     ___FILE_ONLY___  
2026-05-07 14:15:53,812 INFO     ___FILE_ONLY___ least
2026-05-07 14:15:53,812 INFO     ___FILE_ONLY___  
2026-05-07 14:15:53,813 INFO     ___FILE_ONLY___ one
2026-05-07 14:15:53,814 INFO     ___FILE_ONLY___  
2026-05-07 14:15:53,814 INFO     ___FILE_ONLY___ of
2026-05-07 14:15:53,815 INFO     ___FILE_ONLY___  
2026-05-07 14:15:53,815 INFO     ___FILE_ONLY___ these
2026-05-07 14:15:53,816 INFO     ___FILE_ONLY___  
2026-05-07 14:15:53,816 INFO     ___FILE_ONLY___ can
2026-05-07 14:15:53,817 INFO     ___FILE_ONLY___  
2026-05-07 14:15:53,817 INFO     ___FILE_ONLY___ be
2026-05-07 14:15:53,818 INFO     ___FILE_ONLY___  
2026-05-07 14:15:53,818 INFO     ___FILE_ONLY___ specified:
2026-05-07 14:15:53,818 INFO     ___FILE_ONLY___ 

2026-05-07 14:15:53,819 INFO     ___FILE_ONLY___ 

2026-05-07 14:15:53,819 INFO     ___FILE_ONLY___         
2026-05-07 14:15:53,820 INFO     ___FILE_ONLY___  
2026-05-07 14:15:53,820 INFO     ___FILE_ONLY___ Direct
2026-05-07 14:15:53,821 INFO     ___FILE_ONLY___  
2026-05-07 14:15:53,821 INFO     ___FILE_ONLY___ VPC
2026-05-07 14:15:53,822 INFO     ___FILE_ONLY___  
2026-05-07 14:15:53,822 INFO     ___FILE_ONLY___ egress
2026-05-07 14:15:53,823 INFO     ___FILE_ONLY___  
2026-05-07 14:15:53,823 INFO     ___FILE_ONLY___ setting
2026-05-07 14:15:53,823 INFO     ___FILE_ONLY___  
2026-05-07 14:15:53,824 INFO     ___FILE_ONLY___ flags
2026-05-07 14:15:53,824 INFO     ___FILE_ONLY___  
2026-05-07 14:15:53,825 INFO     ___FILE_ONLY___ group.
2026-05-07 14:15:53,825 INFO     ___FILE_ONLY___ 

2026-05-07 14:15:53,826 INFO     ___FILE_ONLY___ 

2026-05-07 14:15:53,826 INFO     ___FILE_ONLY___          --network=NETWORK

2026-05-07 14:15:53,827 INFO     ___FILE_ONLY___            
2026-05-07 14:15:53,827 INFO     ___FILE_ONLY___  
2026-05-07 14:15:53,828 INFO     ___FILE_ONLY___ The
2026-05-07 14:15:53,828 INFO     ___FILE_ONLY___  
2026-05-07 14:15:53,829 INFO     ___FILE_ONLY___ VPC
2026-05-07 14:15:53,830 INFO     ___FILE_ONLY___  
2026-05-07 14:15:53,831 INFO     ___FILE_ONLY___ network
2026-05-07 14:15:53,832 INFO     ___FILE_ONLY___  
2026-05-07 14:15:53,832 INFO     ___FILE_ONLY___ that
2026-05-07 14:15:53,833 INFO     ___FILE_ONLY___  
2026-05-07 14:15:53,833 INFO     ___FILE_ONLY___ the
2026-05-07 14:15:53,834 INFO     ___FILE_ONLY___  
2026-05-07 14:15:53,834 INFO     ___FILE_ONLY___ Cloud
2026-05-07 14:15:53,835 INFO     ___FILE_ONLY___  
2026-05-07 14:15:53,835 INFO     ___FILE_ONLY___ Run
2026-05-07 14:15:53,836 INFO     ___FILE_ONLY___  
2026-05-07 14:15:53,836 INFO     ___FILE_ONLY___ service
2026-05-07 14:15:53,836 INFO     ___FILE_ONLY___  
2026-05-07 14:15:53,837 INFO     ___FILE_ONLY___ will
2026-05-07 14:15:53,837 INFO     ___FILE_ONLY___  
2026-05-07 14:15:53,838 INFO     ___FILE_ONLY___ be
2026-05-07 14:15:53,838 INFO     ___FILE_ONLY___  
2026-05-07 14:15:53,839 INFO     ___FILE_ONLY___ able
2026-05-07 14:15:53,839 INFO     ___FILE_ONLY___  
2026-05-07 14:15:53,840 INFO     ___FILE_ONLY___ to
2026-05-07 14:15:53,840 INFO     ___FILE_ONLY___  
2026-05-07 14:15:53,841 INFO     ___FILE_ONLY___ send
2026-05-07 14:15:53,841 INFO     ___FILE_ONLY___ 

2026-05-07 14:15:53,841 INFO     ___FILE_ONLY___             
2026-05-07 14:15:53,842 INFO     ___FILE_ONLY___ traffic
2026-05-07 14:15:53,842 INFO     ___FILE_ONLY___  
2026-05-07 14:15:53,843 INFO     ___FILE_ONLY___ to.
2026-05-07 14:15:53,843 INFO     ___FILE_ONLY___  
2026-05-07 14:15:53,844 INFO     ___FILE_ONLY___ If
2026-05-07 14:15:53,844 INFO     ___FILE_ONLY___  
2026-05-07 14:15:53,845 INFO     ___FILE_ONLY___ --subnet
2026-05-07 14:15:53,845 INFO     ___FILE_ONLY___  
2026-05-07 14:15:53,846 INFO     ___FILE_ONLY___ is
2026-05-07 14:15:53,847 INFO     ___FILE_ONLY___  
2026-05-07 14:15:53,847 INFO     ___FILE_ONLY___ also
2026-05-07 14:15:53,848 INFO     ___FILE_ONLY___  
2026-05-07 14:15:53,848 INFO     ___FILE_ONLY___ specified,
2026-05-07 14:15:53,849 INFO     ___FILE_ONLY___  
2026-05-07 14:15:53,849 INFO     ___FILE_ONLY___ subnet
2026-05-07 14:15:53,850 INFO     ___FILE_ONLY___  
2026-05-07 14:15:53,850 INFO     ___FILE_ONLY___ must
2026-05-07 14:15:53,851 INFO     ___FILE_ONLY___  
2026-05-07 14:15:53,851 INFO     ___FILE_ONLY___ be
2026-05-07 14:15:53,852 INFO     ___FILE_ONLY___  
2026-05-07 14:15:53,852 INFO     ___FILE_ONLY___ a
2026-05-07 14:15:53,852 INFO     ___FILE_ONLY___ 

2026-05-07 14:15:53,853 INFO     ___FILE_ONLY___             
2026-05-07 14:15:53,853 INFO     ___FILE_ONLY___ subnetwork
2026-05-07 14:15:53,854 INFO     ___FILE_ONLY___  
2026-05-07 14:15:53,854 INFO     ___FILE_ONLY___ of
2026-05-07 14:15:53,855 INFO     ___FILE_ONLY___  
2026-05-07 14:15:53,855 INFO     ___FILE_ONLY___ the
2026-05-07 14:15:53,856 INFO     ___FILE_ONLY___  
2026-05-07 14:15:53,857 INFO     ___FILE_ONLY___ network
2026-05-07 14:15:53,857 INFO     ___FILE_ONLY___  
2026-05-07 14:15:53,858 INFO     ___FILE_ONLY___ specified
2026-05-07 14:15:53,858 INFO     ___FILE_ONLY___  
2026-05-07 14:15:53,859 INFO     ___FILE_ONLY___ by
2026-05-07 14:15:53,859 INFO     ___FILE_ONLY___  
2026-05-07 14:15:53,860 INFO     ___FILE_ONLY___ this
2026-05-07 14:15:53,860 INFO     ___FILE_ONLY___  
2026-05-07 14:15:53,861 INFO     ___FILE_ONLY___ --network
2026-05-07 14:15:53,861 INFO     ___FILE_ONLY___  
2026-05-07 14:15:53,862 INFO     ___FILE_ONLY___ flag.
2026-05-07 14:15:53,862 INFO     ___FILE_ONLY___  
2026-05-07 14:15:53,863 INFO     ___FILE_ONLY___ To
2026-05-07 14:15:53,864 INFO     ___FILE_ONLY___ 

2026-05-07 14:15:53,864 INFO     ___FILE_ONLY___             
2026-05-07 14:15:53,865 INFO     ___FILE_ONLY___ clear
2026-05-07 14:15:53,865 INFO     ___FILE_ONLY___  
2026-05-07 14:15:53,866 INFO     ___FILE_ONLY___ existing
2026-05-07 14:15:53,866 INFO     ___FILE_ONLY___  
2026-05-07 14:15:53,867 INFO     ___FILE_ONLY___ VPC
2026-05-07 14:15:53,867 INFO     ___FILE_ONLY___  
2026-05-07 14:15:53,867 INFO     ___FILE_ONLY___ network
2026-05-07 14:15:53,868 INFO     ___FILE_ONLY___  
2026-05-07 14:15:53,868 INFO     ___FILE_ONLY___ settings,
2026-05-07 14:15:53,869 INFO     ___FILE_ONLY___  
2026-05-07 14:15:53,869 INFO     ___FILE_ONLY___ use
2026-05-07 14:15:53,870 INFO     ___FILE_ONLY___  
2026-05-07 14:15:53,870 INFO     ___FILE_ONLY___ --clear-network.
2026-05-07 14:15:53,871 INFO     ___FILE_ONLY___ 

2026-05-07 14:15:53,871 INFO     ___FILE_ONLY___ 

2026-05-07 14:15:53,872 INFO     ___FILE_ONLY___          --subnet=SUBNET

2026-05-07 14:15:53,872 INFO     ___FILE_ONLY___            
2026-05-07 14:15:53,873 INFO     ___FILE_ONLY___  
2026-05-07 14:15:53,873 INFO     ___FILE_ONLY___ The
2026-05-07 14:15:53,874 INFO     ___FILE_ONLY___  
2026-05-07 14:15:53,874 INFO     ___FILE_ONLY___ VPC
2026-05-07 14:15:53,875 INFO     ___FILE_ONLY___  
2026-05-07 14:15:53,876 INFO     ___FILE_ONLY___ subnetwork
2026-05-07 14:15:53,876 INFO     ___FILE_ONLY___  
2026-05-07 14:15:53,877 INFO     ___FILE_ONLY___ that
2026-05-07 14:15:53,878 INFO     ___FILE_ONLY___  
2026-05-07 14:15:53,878 INFO     ___FILE_ONLY___ the
2026-05-07 14:15:53,879 INFO     ___FILE_ONLY___  
2026-05-07 14:15:53,880 INFO     ___FILE_ONLY___ Cloud
2026-05-07 14:15:53,880 INFO     ___FILE_ONLY___  
2026-05-07 14:15:53,881 INFO     ___FILE_ONLY___ Run
2026-05-07 14:15:53,881 INFO     ___FILE_ONLY___  
2026-05-07 14:15:53,882 INFO     ___FILE_ONLY___ service
2026-05-07 14:15:53,882 INFO     ___FILE_ONLY___  
2026-05-07 14:15:53,883 INFO     ___FILE_ONLY___ will
2026-05-07 14:15:53,883 INFO     ___FILE_ONLY___  
2026-05-07 14:15:53,884 INFO     ___FILE_ONLY___ get
2026-05-07 14:15:53,884 INFO     ___FILE_ONLY___  
2026-05-07 14:15:53,885 INFO     ___FILE_ONLY___ IPs
2026-05-07 14:15:53,886 INFO     ___FILE_ONLY___  
2026-05-07 14:15:53,886 INFO     ___FILE_ONLY___ from.
2026-05-07 14:15:53,887 INFO     ___FILE_ONLY___ 

2026-05-07 14:15:53,887 INFO     ___FILE_ONLY___             
2026-05-07 14:15:53,888 INFO     ___FILE_ONLY___ The
2026-05-07 14:15:53,888 INFO     ___FILE_ONLY___  
2026-05-07 14:15:53,889 INFO     ___FILE_ONLY___ subnetwork
2026-05-07 14:15:53,889 INFO     ___FILE_ONLY___  
2026-05-07 14:15:53,890 INFO     ___FILE_ONLY___ must
2026-05-07 14:15:53,890 INFO     ___FILE_ONLY___  
2026-05-07 14:15:53,891 INFO     ___FILE_ONLY___ be
2026-05-07 14:15:53,891 INFO     ___FILE_ONLY___  
2026-05-07 14:15:53,892 INFO     ___FILE_ONLY___ /26
2026-05-07 14:15:53,892 INFO     ___FILE_ONLY___  
2026-05-07 14:15:53,892 INFO     ___FILE_ONLY___ or
2026-05-07 14:15:53,893 INFO     ___FILE_ONLY___  
2026-05-07 14:15:53,893 INFO     ___FILE_ONLY___ larger.
2026-05-07 14:15:53,894 INFO     ___FILE_ONLY___  
2026-05-07 14:15:53,894 INFO     ___FILE_ONLY___ If
2026-05-07 14:15:53,895 INFO     ___FILE_ONLY___  
2026-05-07 14:15:53,895 INFO     ___FILE_ONLY___ --network
2026-05-07 14:15:53,896 INFO     ___FILE_ONLY___  
2026-05-07 14:15:53,897 INFO     ___FILE_ONLY___ is
2026-05-07 14:15:53,897 INFO     ___FILE_ONLY___  
2026-05-07 14:15:53,898 INFO     ___FILE_ONLY___ also
2026-05-07 14:15:53,898 INFO     ___FILE_ONLY___ 

2026-05-07 14:15:53,899 INFO     ___FILE_ONLY___             
2026-05-07 14:15:53,899 INFO     ___FILE_ONLY___ specified,
2026-05-07 14:15:53,900 INFO     ___FILE_ONLY___  
2026-05-07 14:15:53,900 INFO     ___FILE_ONLY___ subnet
2026-05-07 14:15:53,901 INFO     ___FILE_ONLY___  
2026-05-07 14:15:53,901 INFO     ___FILE_ONLY___ must
2026-05-07 14:15:53,901 INFO     ___FILE_ONLY___  
2026-05-07 14:15:53,902 INFO     ___FILE_ONLY___ be
2026-05-07 14:15:53,902 INFO     ___FILE_ONLY___  
2026-05-07 14:15:53,903 INFO     ___FILE_ONLY___ a
2026-05-07 14:15:53,903 INFO     ___FILE_ONLY___  
2026-05-07 14:15:53,904 INFO     ___FILE_ONLY___ subnetwork
2026-05-07 14:15:53,904 INFO     ___FILE_ONLY___  
2026-05-07 14:15:53,905 INFO     ___FILE_ONLY___ of
2026-05-07 14:15:53,905 INFO     ___FILE_ONLY___  
2026-05-07 14:15:53,906 INFO     ___FILE_ONLY___ the
2026-05-07 14:15:53,906 INFO     ___FILE_ONLY___  
2026-05-07 14:15:53,907 INFO     ___FILE_ONLY___ network
2026-05-07 14:15:53,907 INFO     ___FILE_ONLY___  
2026-05-07 14:15:53,908 INFO     ___FILE_ONLY___ specified
2026-05-07 14:15:53,908 INFO     ___FILE_ONLY___  
2026-05-07 14:15:53,909 INFO     ___FILE_ONLY___ by
2026-05-07 14:15:53,910 INFO     ___FILE_ONLY___ 

2026-05-07 14:15:53,910 INFO     ___FILE_ONLY___             
2026-05-07 14:15:53,911 INFO     ___FILE_ONLY___ the
2026-05-07 14:15:53,911 INFO     ___FILE_ONLY___  
2026-05-07 14:15:53,912 INFO     ___FILE_ONLY___ --network
2026-05-07 14:15:53,912 INFO     ___FILE_ONLY___  
2026-05-07 14:15:53,913 INFO     ___FILE_ONLY___ flag.
2026-05-07 14:15:53,914 INFO     ___FILE_ONLY___  
2026-05-07 14:15:53,914 INFO     ___FILE_ONLY___ If
2026-05-07 14:15:53,915 INFO     ___FILE_ONLY___  
2026-05-07 14:15:53,915 INFO     ___FILE_ONLY___ --network
2026-05-07 14:15:53,916 INFO     ___FILE_ONLY___  
2026-05-07 14:15:53,916 INFO     ___FILE_ONLY___ is
2026-05-07 14:15:53,917 INFO     ___FILE_ONLY___  
2026-05-07 14:15:53,918 INFO     ___FILE_ONLY___ not
2026-05-07 14:15:53,918 INFO     ___FILE_ONLY___  
2026-05-07 14:15:53,919 INFO     ___FILE_ONLY___ specified,
2026-05-07 14:15:53,919 INFO     ___FILE_ONLY___  
2026-05-07 14:15:53,920 INFO     ___FILE_ONLY___ network
2026-05-07 14:15:53,920 INFO     ___FILE_ONLY___  
2026-05-07 14:15:53,921 INFO     ___FILE_ONLY___ will
2026-05-07 14:15:53,921 INFO     ___FILE_ONLY___  
2026-05-07 14:15:53,922 INFO     ___FILE_ONLY___ be
2026-05-07 14:15:53,922 INFO     ___FILE_ONLY___ 

2026-05-07 14:15:53,923 INFO     ___FILE_ONLY___             
2026-05-07 14:15:53,923 INFO     ___FILE_ONLY___ looked
2026-05-07 14:15:53,923 INFO     ___FILE_ONLY___  
2026-05-07 14:15:53,924 INFO     ___FILE_ONLY___ up
2026-05-07 14:15:53,924 INFO     ___FILE_ONLY___  
2026-05-07 14:15:53,925 INFO     ___FILE_ONLY___ from
2026-05-07 14:15:53,925 INFO     ___FILE_ONLY___  
2026-05-07 14:15:53,926 INFO     ___FILE_ONLY___ this
2026-05-07 14:15:53,926 INFO     ___FILE_ONLY___  
2026-05-07 14:15:53,927 INFO     ___FILE_ONLY___ subnetwork.
2026-05-07 14:15:53,927 INFO     ___FILE_ONLY___  
2026-05-07 14:15:53,928 INFO     ___FILE_ONLY___ To
2026-05-07 14:15:53,928 INFO     ___FILE_ONLY___  
2026-05-07 14:15:53,929 INFO     ___FILE_ONLY___ clear
2026-05-07 14:15:53,930 INFO     ___FILE_ONLY___  
2026-05-07 14:15:53,930 INFO     ___FILE_ONLY___ existing
2026-05-07 14:15:53,931 INFO     ___FILE_ONLY___  
2026-05-07 14:15:53,931 INFO     ___FILE_ONLY___ VPC
2026-05-07 14:15:53,932 INFO     ___FILE_ONLY___  
2026-05-07 14:15:53,932 INFO     ___FILE_ONLY___ network
2026-05-07 14:15:53,932 INFO     ___FILE_ONLY___ 

2026-05-07 14:15:53,933 INFO     ___FILE_ONLY___             
2026-05-07 14:15:53,933 INFO     ___FILE_ONLY___ settings,
2026-05-07 14:15:53,934 INFO     ___FILE_ONLY___  
2026-05-07 14:15:53,934 INFO     ___FILE_ONLY___ use
2026-05-07 14:15:53,935 INFO     ___FILE_ONLY___  
2026-05-07 14:15:53,935 INFO     ___FILE_ONLY___ --clear-network.
2026-05-07 14:15:53,936 INFO     ___FILE_ONLY___ 

2026-05-07 14:15:53,936 INFO     ___FILE_ONLY___ 

2026-05-07 14:15:53,937 INFO     ___FILE_ONLY___         
2026-05-07 14:15:53,938 INFO     ___FILE_ONLY___  
2026-05-07 14:15:53,938 INFO     ___FILE_ONLY___ At
2026-05-07 14:15:53,939 INFO     ___FILE_ONLY___  
2026-05-07 14:15:53,939 INFO     ___FILE_ONLY___ most
2026-05-07 14:15:53,940 INFO     ___FILE_ONLY___  
2026-05-07 14:15:53,940 INFO     ___FILE_ONLY___ one
2026-05-07 14:15:53,941 INFO     ___FILE_ONLY___  
2026-05-07 14:15:53,941 INFO     ___FILE_ONLY___ of
2026-05-07 14:15:53,942 INFO     ___FILE_ONLY___  
2026-05-07 14:15:53,942 INFO     ___FILE_ONLY___ these
2026-05-07 14:15:53,943 INFO     ___FILE_ONLY___  
2026-05-07 14:15:53,943 INFO     ___FILE_ONLY___ can
2026-05-07 14:15:53,944 INFO     ___FILE_ONLY___  
2026-05-07 14:15:53,944 INFO     ___FILE_ONLY___ be
2026-05-07 14:15:53,945 INFO     ___FILE_ONLY___  
2026-05-07 14:15:53,945 INFO     ___FILE_ONLY___ specified:
2026-05-07 14:15:53,946 INFO     ___FILE_ONLY___ 

2026-05-07 14:15:53,947 INFO     ___FILE_ONLY___ 

2026-05-07 14:15:53,947 INFO     ___FILE_ONLY___            --clear-network-tags

2026-05-07 14:15:53,948 INFO     ___FILE_ONLY___              
2026-05-07 14:15:53,948 INFO     ___FILE_ONLY___  
2026-05-07 14:15:53,949 INFO     ___FILE_ONLY___ Clears
2026-05-07 14:15:53,949 INFO     ___FILE_ONLY___  
2026-05-07 14:15:53,949 INFO     ___FILE_ONLY___ all
2026-05-07 14:15:53,950 INFO     ___FILE_ONLY___  
2026-05-07 14:15:53,950 INFO     ___FILE_ONLY___ existing
2026-05-07 14:15:53,951 INFO     ___FILE_ONLY___  
2026-05-07 14:15:53,951 INFO     ___FILE_ONLY___ network
2026-05-07 14:15:53,952 INFO     ___FILE_ONLY___  
2026-05-07 14:15:53,952 INFO     ___FILE_ONLY___ tags
2026-05-07 14:15:53,953 INFO     ___FILE_ONLY___  
2026-05-07 14:15:53,953 INFO     ___FILE_ONLY___ from
2026-05-07 14:15:53,954 INFO     ___FILE_ONLY___  
2026-05-07 14:15:53,954 INFO     ___FILE_ONLY___ the
2026-05-07 14:15:53,954 INFO     ___FILE_ONLY___  
2026-05-07 14:15:53,955 INFO     ___FILE_ONLY___ Cloud
2026-05-07 14:15:53,956 INFO     ___FILE_ONLY___  
2026-05-07 14:15:53,956 INFO     ___FILE_ONLY___ Run
2026-05-07 14:15:53,957 INFO     ___FILE_ONLY___  
2026-05-07 14:15:53,959 INFO     ___FILE_ONLY___ service.
2026-05-07 14:15:53,959 INFO     ___FILE_ONLY___ 

2026-05-07 14:15:53,960 INFO     ___FILE_ONLY___ 

2026-05-07 14:15:53,961 INFO     ___FILE_ONLY___            --network-tags=[TAG,...]

2026-05-07 14:15:53,961 INFO     ___FILE_ONLY___              
2026-05-07 14:15:53,962 INFO     ___FILE_ONLY___  
2026-05-07 14:15:53,963 INFO     ___FILE_ONLY___ Applies
2026-05-07 14:15:53,963 INFO     ___FILE_ONLY___  
2026-05-07 14:15:53,964 INFO     ___FILE_ONLY___ the
2026-05-07 14:15:53,964 INFO     ___FILE_ONLY___  
2026-05-07 14:15:53,965 INFO     ___FILE_ONLY___ given
2026-05-07 14:15:53,965 INFO     ___FILE_ONLY___  
2026-05-07 14:15:53,966 INFO     ___FILE_ONLY___ network
2026-05-07 14:15:53,967 INFO     ___FILE_ONLY___  
2026-05-07 14:15:53,967 INFO     ___FILE_ONLY___ tags
2026-05-07 14:15:53,968 INFO     ___FILE_ONLY___  
2026-05-07 14:15:53,969 INFO     ___FILE_ONLY___ (comma
2026-05-07 14:15:53,969 INFO     ___FILE_ONLY___  
2026-05-07 14:15:53,969 INFO     ___FILE_ONLY___ separated)
2026-05-07 14:15:53,970 INFO     ___FILE_ONLY___  
2026-05-07 14:15:53,970 INFO     ___FILE_ONLY___ to
2026-05-07 14:15:53,971 INFO     ___FILE_ONLY___  
2026-05-07 14:15:53,971 INFO     ___FILE_ONLY___ the
2026-05-07 14:15:53,972 INFO     ___FILE_ONLY___  
2026-05-07 14:15:53,972 INFO     ___FILE_ONLY___ Cloud
2026-05-07 14:15:53,973 INFO     ___FILE_ONLY___  
2026-05-07 14:15:53,973 INFO     ___FILE_ONLY___ Run
2026-05-07 14:15:53,974 INFO     ___FILE_ONLY___ 

2026-05-07 14:15:53,974 INFO     ___FILE_ONLY___               
2026-05-07 14:15:53,975 INFO     ___FILE_ONLY___ service.
2026-05-07 14:15:53,975 INFO     ___FILE_ONLY___  
2026-05-07 14:15:53,975 INFO     ___FILE_ONLY___ To
2026-05-07 14:15:53,976 INFO     ___FILE_ONLY___  
2026-05-07 14:15:53,976 INFO     ___FILE_ONLY___ clear
2026-05-07 14:15:53,977 INFO     ___FILE_ONLY___  
2026-05-07 14:15:53,977 INFO     ___FILE_ONLY___ existing
2026-05-07 14:15:53,978 INFO     ___FILE_ONLY___  
2026-05-07 14:15:53,978 INFO     ___FILE_ONLY___ tags,
2026-05-07 14:15:53,979 INFO     ___FILE_ONLY___  
2026-05-07 14:15:53,980 INFO     ___FILE_ONLY___ use
2026-05-07 14:15:53,980 INFO     ___FILE_ONLY___  
2026-05-07 14:15:53,981 INFO     ___FILE_ONLY___ --clear-network-tags.
2026-05-07 14:15:53,981 INFO     ___FILE_ONLY___ 

2026-05-07 14:15:53,982 INFO     ___FILE_ONLY___ 

2026-05-07 14:15:53,982 INFO     ___FILE_ONLY___     
2026-05-07 14:15:53,983 INFO     ___FILE_ONLY___  
2026-05-07 14:15:53,983 INFO     ___FILE_ONLY___ At
2026-05-07 14:15:53,984 INFO     ___FILE_ONLY___  
2026-05-07 14:15:53,984 INFO     ___FILE_ONLY___ most
2026-05-07 14:15:53,985 INFO     ___FILE_ONLY___  
2026-05-07 14:15:53,985 INFO     ___FILE_ONLY___ one
2026-05-07 14:15:53,986 INFO     ___FILE_ONLY___  
2026-05-07 14:15:53,986 INFO     ___FILE_ONLY___ of
2026-05-07 14:15:53,987 INFO     ___FILE_ONLY___  
2026-05-07 14:15:53,987 INFO     ___FILE_ONLY___ these
2026-05-07 14:15:53,987 INFO     ___FILE_ONLY___  
2026-05-07 14:15:53,988 INFO     ___FILE_ONLY___ can
2026-05-07 14:15:53,988 INFO     ___FILE_ONLY___  
2026-05-07 14:15:53,989 INFO     ___FILE_ONLY___ be
2026-05-07 14:15:53,989 INFO     ___FILE_ONLY___  
2026-05-07 14:15:53,990 INFO     ___FILE_ONLY___ specified:
2026-05-07 14:15:53,990 INFO     ___FILE_ONLY___ 

2026-05-07 14:15:53,991 INFO     ___FILE_ONLY___ 

2026-05-07 14:15:53,991 INFO     ___FILE_ONLY___        --clear-post-key-revocation-action-type

2026-05-07 14:15:53,993 INFO     ___FILE_ONLY___          
2026-05-07 14:15:53,993 INFO     ___FILE_ONLY___  
2026-05-07 14:15:53,994 INFO     ___FILE_ONLY___ Remove
2026-05-07 14:15:53,995 INFO     ___FILE_ONLY___  
2026-05-07 14:15:53,995 INFO     ___FILE_ONLY___ any
2026-05-07 14:15:53,996 INFO     ___FILE_ONLY___  
2026-05-07 14:15:53,997 INFO     ___FILE_ONLY___ previously
2026-05-07 14:15:53,998 INFO     ___FILE_ONLY___  
2026-05-07 14:15:53,998 INFO     ___FILE_ONLY___ set
2026-05-07 14:15:53,999 INFO     ___FILE_ONLY___  
2026-05-07 14:15:53,999 INFO     ___FILE_ONLY___ post
2026-05-07 14:15:53,999 INFO     ___FILE_ONLY___  
2026-05-07 14:15:54,000 INFO     ___FILE_ONLY___ CMEK
2026-05-07 14:15:54,000 INFO     ___FILE_ONLY___  
2026-05-07 14:15:54,001 INFO     ___FILE_ONLY___ key
2026-05-07 14:15:54,001 INFO     ___FILE_ONLY___  
2026-05-07 14:15:54,002 INFO     ___FILE_ONLY___ revocation
2026-05-07 14:15:54,002 INFO     ___FILE_ONLY___  
2026-05-07 14:15:54,003 INFO     ___FILE_ONLY___ action
2026-05-07 14:15:54,003 INFO     ___FILE_ONLY___  
2026-05-07 14:15:54,004 INFO     ___FILE_ONLY___ type.
2026-05-07 14:15:54,004 INFO     ___FILE_ONLY___ 

2026-05-07 14:15:54,005 INFO     ___FILE_ONLY___ 

2026-05-07 14:15:54,005 INFO     ___FILE_ONLY___        --post-key-revocation-action-type=POST_KEY_REVOCATION_ACTION_TYPE

2026-05-07 14:15:54,006 INFO     ___FILE_ONLY___          
2026-05-07 14:15:54,006 INFO     ___FILE_ONLY___  
2026-05-07 14:15:54,007 INFO     ___FILE_ONLY___ Action
2026-05-07 14:15:54,007 INFO     ___FILE_ONLY___  
2026-05-07 14:15:54,007 INFO     ___FILE_ONLY___ type
2026-05-07 14:15:54,008 INFO     ___FILE_ONLY___  
2026-05-07 14:15:54,008 INFO     ___FILE_ONLY___ after
2026-05-07 14:15:54,009 INFO     ___FILE_ONLY___  
2026-05-07 14:15:54,009 INFO     ___FILE_ONLY___ CMEK
2026-05-07 14:15:54,010 INFO     ___FILE_ONLY___  
2026-05-07 14:15:54,010 INFO     ___FILE_ONLY___ key
2026-05-07 14:15:54,010 INFO     ___FILE_ONLY___  
2026-05-07 14:15:54,011 INFO     ___FILE_ONLY___ revocation.
2026-05-07 14:15:54,011 INFO     ___FILE_ONLY___ 

2026-05-07 14:15:54,012 INFO     ___FILE_ONLY___           
2026-05-07 14:15:54,012 INFO     ___FILE_ONLY___ POST_KEY_REVOCATION_ACTION_TYPE
2026-05-07 14:15:54,013 INFO     ___FILE_ONLY___  
2026-05-07 14:15:54,014 INFO     ___FILE_ONLY___ must
2026-05-07 14:15:54,014 INFO     ___FILE_ONLY___  
2026-05-07 14:15:54,015 INFO     ___FILE_ONLY___ be
2026-05-07 14:15:54,015 INFO     ___FILE_ONLY___  
2026-05-07 14:15:54,016 INFO     ___FILE_ONLY___ one
2026-05-07 14:15:54,016 INFO     ___FILE_ONLY___  
2026-05-07 14:15:54,017 INFO     ___FILE_ONLY___ of:
2026-05-07 14:15:54,017 INFO     ___FILE_ONLY___ 

2026-05-07 14:15:54,018 INFO     ___FILE_ONLY___ 

2026-05-07 14:15:54,018 INFO     ___FILE_ONLY___            prevent-new

2026-05-07 14:15:54,019 INFO     ___FILE_ONLY___              
2026-05-07 14:15:54,020 INFO     ___FILE_ONLY___  
2026-05-07 14:15:54,020 INFO     ___FILE_ONLY___ No
2026-05-07 14:15:54,021 INFO     ___FILE_ONLY___  
2026-05-07 14:15:54,021 INFO     ___FILE_ONLY___ new
2026-05-07 14:15:54,022 INFO     ___FILE_ONLY___  
2026-05-07 14:15:54,022 INFO     ___FILE_ONLY___ instances
2026-05-07 14:15:54,023 INFO     ___FILE_ONLY___  
2026-05-07 14:15:54,023 INFO     ___FILE_ONLY___ will
2026-05-07 14:15:54,024 INFO     ___FILE_ONLY___  
2026-05-07 14:15:54,024 INFO     ___FILE_ONLY___ be
2026-05-07 14:15:54,025 INFO     ___FILE_ONLY___  
2026-05-07 14:15:54,025 INFO     ___FILE_ONLY___ started
2026-05-07 14:15:54,025 INFO     ___FILE_ONLY___  
2026-05-07 14:15:54,026 INFO     ___FILE_ONLY___ after
2026-05-07 14:15:54,026 INFO     ___FILE_ONLY___  
2026-05-07 14:15:54,027 INFO     ___FILE_ONLY___ CMEK
2026-05-07 14:15:54,027 INFO     ___FILE_ONLY___  
2026-05-07 14:15:54,028 INFO     ___FILE_ONLY___ key
2026-05-07 14:15:54,028 INFO     ___FILE_ONLY___  
2026-05-07 14:15:54,029 INFO     ___FILE_ONLY___ revocation.
2026-05-07 14:15:54,030 INFO     ___FILE_ONLY___ 

2026-05-07 14:15:54,030 INFO     ___FILE_ONLY___            shut-down

2026-05-07 14:15:54,031 INFO     ___FILE_ONLY___              
2026-05-07 14:15:54,031 INFO     ___FILE_ONLY___  
2026-05-07 14:15:54,032 INFO     ___FILE_ONLY___ No
2026-05-07 14:15:54,032 INFO     ___FILE_ONLY___  
2026-05-07 14:15:54,033 INFO     ___FILE_ONLY___ new
2026-05-07 14:15:54,033 INFO     ___FILE_ONLY___  
2026-05-07 14:15:54,033 INFO     ___FILE_ONLY___ instances
2026-05-07 14:15:54,034 INFO     ___FILE_ONLY___  
2026-05-07 14:15:54,034 INFO     ___FILE_ONLY___ will
2026-05-07 14:15:54,035 INFO     ___FILE_ONLY___  
2026-05-07 14:15:54,035 INFO     ___FILE_ONLY___ be
2026-05-07 14:15:54,036 INFO     ___FILE_ONLY___  
2026-05-07 14:15:54,036 INFO     ___FILE_ONLY___ started
2026-05-07 14:15:54,037 INFO     ___FILE_ONLY___  
2026-05-07 14:15:54,037 INFO     ___FILE_ONLY___ and
2026-05-07 14:15:54,038 INFO     ___FILE_ONLY___  
2026-05-07 14:15:54,038 INFO     ___FILE_ONLY___ the
2026-05-07 14:15:54,038 INFO     ___FILE_ONLY___  
2026-05-07 14:15:54,039 INFO     ___FILE_ONLY___ existing
2026-05-07 14:15:54,039 INFO     ___FILE_ONLY___  
2026-05-07 14:15:54,040 INFO     ___FILE_ONLY___ instances
2026-05-07 14:15:54,040 INFO     ___FILE_ONLY___  
2026-05-07 14:15:54,041 INFO     ___FILE_ONLY___ will
2026-05-07 14:15:54,041 INFO     ___FILE_ONLY___ 

2026-05-07 14:15:54,042 INFO     ___FILE_ONLY___               
2026-05-07 14:15:54,042 INFO     ___FILE_ONLY___ be
2026-05-07 14:15:54,043 INFO     ___FILE_ONLY___  
2026-05-07 14:15:54,044 INFO     ___FILE_ONLY___ shut
2026-05-07 14:15:54,044 INFO     ___FILE_ONLY___  
2026-05-07 14:15:54,045 INFO     ___FILE_ONLY___ down
2026-05-07 14:15:54,045 INFO     ___FILE_ONLY___  
2026-05-07 14:15:54,046 INFO     ___FILE_ONLY___ after
2026-05-07 14:15:54,047 INFO     ___FILE_ONLY___  
2026-05-07 14:15:54,047 INFO     ___FILE_ONLY___ CMEK
2026-05-07 14:15:54,048 INFO     ___FILE_ONLY___  
2026-05-07 14:15:54,048 INFO     ___FILE_ONLY___ key
2026-05-07 14:15:54,049 INFO     ___FILE_ONLY___  
2026-05-07 14:15:54,049 INFO     ___FILE_ONLY___ revocation.
2026-05-07 14:15:54,050 INFO     ___FILE_ONLY___ 

2026-05-07 14:15:54,050 INFO     ___FILE_ONLY___ 

2026-05-07 14:15:54,051 INFO     ___FILE_ONLY___ 
2026-05-07 14:15:54,051 INFO     ___FILE_ONLY___ GCLOUD WIDE FLAGS

2026-05-07 14:15:54,052 INFO     ___FILE_ONLY___    
2026-05-07 14:15:54,052 INFO     ___FILE_ONLY___  
2026-05-07 14:15:54,052 INFO     ___FILE_ONLY___ These
2026-05-07 14:15:54,053 INFO     ___FILE_ONLY___  
2026-05-07 14:15:54,053 INFO     ___FILE_ONLY___ flags
2026-05-07 14:15:54,054 INFO     ___FILE_ONLY___  
2026-05-07 14:15:54,054 INFO     ___FILE_ONLY___ are
2026-05-07 14:15:54,055 INFO     ___FILE_ONLY___  
2026-05-07 14:15:54,055 INFO     ___FILE_ONLY___ available
2026-05-07 14:15:54,056 INFO     ___FILE_ONLY___  
2026-05-07 14:15:54,056 INFO     ___FILE_ONLY___ to
2026-05-07 14:15:54,056 INFO     ___FILE_ONLY___  
2026-05-07 14:15:54,057 INFO     ___FILE_ONLY___ all
2026-05-07 14:15:54,057 INFO     ___FILE_ONLY___  
2026-05-07 14:15:54,058 INFO     ___FILE_ONLY___ commands:
2026-05-07 14:15:54,058 INFO     ___FILE_ONLY___  
2026-05-07 14:15:54,059 INFO     ___FILE_ONLY___ --access-token-file,
2026-05-07 14:15:54,059 INFO     ___FILE_ONLY___  
2026-05-07 14:15:54,060 INFO     ___FILE_ONLY___ --account,
2026-05-07 14:15:54,060 INFO     ___FILE_ONLY___ 

2026-05-07 14:15:54,060 INFO     ___FILE_ONLY___     
2026-05-07 14:15:54,061 INFO     ___FILE_ONLY___ --billing-project,
2026-05-07 14:15:54,061 INFO     ___FILE_ONLY___  
2026-05-07 14:15:54,062 INFO     ___FILE_ONLY___ --configuration,
2026-05-07 14:15:54,063 INFO     ___FILE_ONLY___  
2026-05-07 14:15:54,063 INFO     ___FILE_ONLY___ --flags-file,
2026-05-07 14:15:54,064 INFO     ___FILE_ONLY___  
2026-05-07 14:15:54,064 INFO     ___FILE_ONLY___ --flatten,
2026-05-07 14:15:54,065 INFO     ___FILE_ONLY___  
2026-05-07 14:15:54,065 INFO     ___FILE_ONLY___ --format,
2026-05-07 14:15:54,066 INFO     ___FILE_ONLY___ 

2026-05-07 14:15:54,066 INFO     ___FILE_ONLY___     
2026-05-07 14:15:54,067 INFO     ___FILE_ONLY___ --help,
2026-05-07 14:15:54,068 INFO     ___FILE_ONLY___  
2026-05-07 14:15:54,069 INFO     ___FILE_ONLY___ --impersonate-service-account,
2026-05-07 14:15:54,069 INFO     ___FILE_ONLY___  
2026-05-07 14:15:54,070 INFO     ___FILE_ONLY___ --log-http,
2026-05-07 14:15:54,070 INFO     ___FILE_ONLY___  
2026-05-07 14:15:54,071 INFO     ___FILE_ONLY___ --project,
2026-05-07 14:15:54,071 INFO     ___FILE_ONLY___  
2026-05-07 14:15:54,072 INFO     ___FILE_ONLY___ --quiet,
2026-05-07 14:15:54,072 INFO     ___FILE_ONLY___ 

2026-05-07 14:15:54,072 INFO     ___FILE_ONLY___     
2026-05-07 14:15:54,073 INFO     ___FILE_ONLY___ --trace-token,
2026-05-07 14:15:54,073 INFO     ___FILE_ONLY___  
2026-05-07 14:15:54,074 INFO     ___FILE_ONLY___ --user-output-enabled,
2026-05-07 14:15:54,074 INFO     ___FILE_ONLY___  
2026-05-07 14:15:54,075 INFO     ___FILE_ONLY___ --verbosity.
2026-05-07 14:15:54,075 INFO     ___FILE_ONLY___ 

2026-05-07 14:15:54,076 INFO     ___FILE_ONLY___ 

2026-05-07 14:15:54,076 INFO     ___FILE_ONLY___    
2026-05-07 14:15:54,077 INFO     ___FILE_ONLY___  
2026-05-07 14:15:54,077 INFO     ___FILE_ONLY___ Run
2026-05-07 14:15:54,078 INFO     ___FILE_ONLY___  
2026-05-07 14:15:54,078 INFO     ___FILE_ONLY___ $
2026-05-07 14:15:54,078 INFO     ___FILE_ONLY___  
2026-05-07 14:15:54,079 INFO     ___FILE_ONLY___ gcloud
2026-05-07 14:15:54,080 INFO     ___FILE_ONLY___  
2026-05-07 14:15:54,080 INFO     ___FILE_ONLY___ help
2026-05-07 14:15:54,081 INFO     ___FILE_ONLY___  
2026-05-07 14:15:54,081 INFO     ___FILE_ONLY___ for
2026-05-07 14:15:54,082 INFO     ___FILE_ONLY___  
2026-05-07 14:15:54,082 INFO     ___FILE_ONLY___ details.
2026-05-07 14:15:54,083 INFO     ___FILE_ONLY___ 

2026-05-07 14:15:54,083 INFO     ___FILE_ONLY___ 
2026-05-07 14:15:54,090 DEBUG    root            Metrics reporting process started...
